regua,t,nivel_m
corupa,2026-10-05T22:26,0.36
corupa,2026-10-05T22:27,0.35
corupa,2026-10-05T22:28,0.35
corupa,2026-10-05T22:29,0.36
corupa,2026-10-05T22:30,0.36
corupa,2026-10-05T22:31,0.35
corupa,2026-10-05T22:32,0.35
corupa,2026-10-05T22:33,0.34
corupa,2026-10-05T22:34,0.35
corupa,2026-10-05T22:35,0.35
corupa,2026-10-05T22:36,0.35
corupa,2026-10-05T22:37,0.35
corupa,2026-10-05T22:38,0.35
corupa,2026-10-05T22:39,0.34
corupa,2026-10-05T22:40,0.34
corupa,2026-10-05T22:41,0.34
corupa,2026-10-05T22:42,0.34
corupa,2026-10-05T22:43,0.34
corupa,2026-10-05T22:44,0.34
corupa,2026-10-05T22:45,0.34
corupa,2026-10-05T22:46,0.33
corupa,2026-10-05T22:47,0.33
corupa,2026-10-05T22:48,0.33
corupa,2026-10-05T22:49,0.33
corupa,2026-10-05T22:50,0.33
corupa,2026-10-05T22:51,0.33
corupa,2026-10-05T22:52,0.33
corupa,2026-10-05T22:53,0.32
corupa,2026-10-05T22:54,0.32
corupa,2026-10-05T22:55,0.32
corupa,2026-10-05T22:56,0.32
corupa,2026-10-05T22:57,0.33
corupa,2026-10-05T22:58,0.33
corupa,2026-10-05T22:59,0.33
corupa,2026-10-05T23:00,0.33
corupa,2026-10-05T23:01,0.33
corupa,2026-10-05T23:02,0.34
corupa,2026-10-05T23:03,0.34
corupa,2026-10-05T23:04,0.34
corupa,2026-10-05T23:05,0.34
corupa,2026-10-05T23:06,0.34
corupa,2026-10-05T23:07,0.34
corupa,2026-10-05T23:08,0.34
corupa,2026-10-05T23:09,0.34
corupa,2026-10-05T23:10,0.34
corupa,2026-10-05T23:11,0.34
corupa,2026-10-05T23:12,0.34
corupa,2026-10-05T23:13,0.34
corupa,2026-10-05T23:14,0.34
corupa,2026-10-05T23:15,0.34
corupa,2026-10-05T23:16,0.35
corupa,2026-10-05T23:17,0.35
corupa,2026-10-05T23:18,0.35
corupa,2026-10-05T23:19,0.35
corupa,2026-10-05T23:20,0.35
corupa,2026-10-05T23:21,0.35
corupa,2026-10-05T23:22,0.35
corupa,2026-10-05T23:23,0.35
corupa,2026-10-05T23:24,0.35
corupa,2026-10-05T23:25,0.35
corupa,2026-10-05T23:26,0.35
corupa,2026-10-05T23:27,0.35
corupa,2026-10-05T23:28,0.35
corupa,2026-10-05T23:29,0.35
corupa,2026-10-05T23:30,0.35
corupa,2026-10-05T23:31,0.34
corupa,2026-10-05T23:32,0.35
corupa,2026-10-05T23:33,0.35
corupa,2026-10-05T23:34,0.36
corupa,2026-10-05T23:35,0.36
corupa,2026-10-05T23:36,0.36
corupa,2026-10-05T23:37,0.36
corupa,2026-10-05T23:38,0.36
corupa,2026-10-05T23:39,0.36
corupa,2026-10-05T23:40,0.36
corupa,2026-10-05T23:41,0.36
corupa,2026-10-05T23:42,0.36
corupa,2026-10-05T23:43,0.37
corupa,2026-10-05T23:44,0.37
corupa,2026-10-05T23:45,0.37
corupa,2026-10-05T23:46,0.37
corupa,2026-10-05T23:47,0.38
corupa,2026-10-05T23:48,0.38
corupa,2026-10-05T23:49,0.38
corupa,2026-10-05T23:50,0.38
corupa,2026-10-05T23:51,0.38
corupa,2026-10-05T23:52,0.39
corupa,2026-10-05T23:53,0.39
corupa,2026-10-05T23:54,0.39
corupa,2026-10-05T23:55,0.39
corupa,2026-10-05T23:56,0.4
corupa,2026-10-05T23:57,0.39
corupa,2026-10-05T23:58,0.39
corupa,2026-10-05T23:59,0.4
corupa,2026-10-06T00:00,0.4
corupa,2026-10-06T00:01,0.4
corupa,2026-10-06T00:02,0.4
corupa,2026-10-06T00:03,0.41
corupa,2026-10-06T00:04,0.41
corupa,2026-10-06T00:05,0.41
corupa,2026-10-06T00:06,0.42
corupa,2026-10-06T00:07,0.42
corupa,2026-10-06T00:08,0.4
corupa,2026-10-06T00:09,0.4
corupa,2026-10-06T00:10,0.4
corupa,2026-10-06T00:11,0.41
corupa,2026-10-06T00:12,0.41
corupa,2026-10-06T00:13,0.41
corupa,2026-10-06T00:14,0.41
corupa,2026-10-06T00:15,0.41
corupa,2026-10-06T00:16,0.41
corupa,2026-10-06T00:17,0.41
corupa,2026-10-06T00:18,0.42
corupa,2026-10-06T00:19,0.42
corupa,2026-10-06T00:20,0.41
corupa,2026-10-06T00:21,0.41
corupa,2026-10-06T00:22,0.41
corupa,2026-10-06T00:23,0.4
corupa,2026-10-06T00:24,0.4
corupa,2026-10-06T00:25,0.41
corupa,2026-10-06T00:26,0.41
corupa,2026-10-06T00:27,0.41
corupa,2026-10-06T00:28,0.42
corupa,2026-10-06T00:29,0.42
corupa,2026-10-06T00:30,0.41
corupa,2026-10-06T00:31,0.41
corupa,2026-10-06T00:32,0.41
corupa,2026-10-06T00:33,0.4
corupa,2026-10-06T00:34,0.41
corupa,2026-10-06T00:35,0.41
corupa,2026-10-06T00:36,0.42
corupa,2026-10-06T00:37,0.42
corupa,2026-10-06T00:38,0.42
corupa,2026-10-06T00:39,0.42
corupa,2026-10-06T00:40,0.42
corupa,2026-10-06T00:41,0.42
corupa,2026-10-06T00:42,0.42
corupa,2026-10-06T00:43,0.42
corupa,2026-10-06T00:44,0.42
corupa,2026-10-06T00:45,0.41
corupa,2026-10-06T00:46,0.41
corupa,2026-10-06T00:47,0.41
corupa,2026-10-06T00:48,0.42
corupa,2026-10-06T00:49,0.42
corupa,2026-10-06T00:50,0.4
corupa,2026-10-06T00:51,0.42
corupa,2026-10-06T00:52,0.42
corupa,2026-10-06T00:53,0.41
corupa,2026-10-06T00:54,0.41
corupa,2026-10-06T00:55,0.41
corupa,2026-10-06T00:56,0.41
corupa,2026-10-06T00:57,0.41
corupa,2026-10-06T00:58,0.42
corupa,2026-10-06T00:59,0.42
corupa,2026-10-06T01:00,0.42
corupa,2026-10-06T01:01,0.42
corupa,2026-10-06T01:02,0.41
corupa,2026-10-06T01:03,0.41
corupa,2026-10-06T01:04,0.42
corupa,2026-10-06T01:05,0.43
corupa,2026-10-06T01:06,0.43
corupa,2026-10-06T01:07,0.42
corupa,2026-10-06T01:08,0.42
corupa,2026-10-06T01:09,0.42
corupa,2026-10-06T01:10,0.43
corupa,2026-10-06T01:11,0.43
corupa,2026-10-06T01:12,0.43
corupa,2026-10-06T01:13,0.43
corupa,2026-10-06T01:14,0.43
corupa,2026-10-06T01:15,0.43
corupa,2026-10-06T01:16,0.43
corupa,2026-10-06T01:17,0.43
corupa,2026-10-06T01:18,0.42
corupa,2026-10-06T01:19,0.42
corupa,2026-10-06T01:20,0.43
corupa,2026-10-06T01:21,0.43
corupa,2026-10-06T01:22,0.45
corupa,2026-10-06T01:23,0.45
corupa,2026-10-06T01:24,0.45
corupa,2026-10-06T01:25,0.44
corupa,2026-10-06T01:26,0.44
corupa,2026-10-06T01:27,0.44
corupa,2026-10-06T01:28,0.44
corupa,2026-10-06T01:29,0.44
corupa,2026-10-06T01:30,0.44
corupa,2026-10-06T01:31,0.44
corupa,2026-10-06T01:32,0.44
corupa,2026-10-06T01:33,0.45
corupa,2026-10-06T01:34,0.44
corupa,2026-10-06T01:35,0.44
corupa,2026-10-06T01:36,0.45
corupa,2026-10-06T01:37,0.45
corupa,2026-10-06T01:38,0.45
corupa,2026-10-06T01:39,0.45
corupa,2026-10-06T01:40,0.44
corupa,2026-10-06T01:41,0.46
corupa,2026-10-06T01:42,0.46
corupa,2026-10-06T01:43,0.45
corupa,2026-10-06T01:44,0.45
corupa,2026-10-06T01:45,0.45
corupa,2026-10-06T01:46,0.45
corupa,2026-10-06T01:47,0.45
corupa,2026-10-06T01:48,0.45
corupa,2026-10-06T01:49,0.45
corupa,2026-10-06T01:50,0.45
corupa,2026-10-06T01:51,0.45
corupa,2026-10-06T01:52,0.45
corupa,2026-10-06T01:53,0.46
corupa,2026-10-06T01:54,0.46
corupa,2026-10-06T01:55,0.46
corupa,2026-10-06T01:56,0.47
corupa,2026-10-06T01:57,0.47
corupa,2026-10-06T01:58,0.46
corupa,2026-10-06T01:59,0.46
corupa,2026-10-06T02:00,0.46
corupa,2026-10-06T02:01,0.46
corupa,2026-10-06T02:02,0.46
corupa,2026-10-06T02:03,0.47
corupa,2026-10-06T02:04,0.47
corupa,2026-10-06T02:05,0.46
corupa,2026-10-06T02:06,0.46
corupa,2026-10-06T02:07,0.45
corupa,2026-10-06T02:08,0.46
corupa,2026-10-06T02:09,0.46
corupa,2026-10-06T02:10,0.46
corupa,2026-10-06T02:11,0.46
corupa,2026-10-06T02:12,0.46
corupa,2026-10-06T02:13,0.47
corupa,2026-10-06T02:14,0.46
corupa,2026-10-06T02:15,0.46
corupa,2026-10-06T02:16,0.45
corupa,2026-10-06T02:17,0.45
corupa,2026-10-06T02:18,0.47
corupa,2026-10-06T02:19,0.46
corupa,2026-10-06T02:20,0.46
corupa,2026-10-06T02:21,0.47
corupa,2026-10-06T02:22,0.47
corupa,2026-10-06T02:23,0.46
corupa,2026-10-06T02:24,0.46
corupa,2026-10-06T02:25,0.46
corupa,2026-10-06T02:26,0.46
corupa,2026-10-06T02:27,0.46
corupa,2026-10-06T02:28,0.46
corupa,2026-10-06T02:29,0.46
corupa,2026-10-06T02:30,0.46
corupa,2026-10-06T02:31,0.45
corupa,2026-10-06T02:32,0.45
corupa,2026-10-06T02:33,0.45
corupa,2026-10-06T02:34,0.45
corupa,2026-10-06T02:35,0.45
corupa,2026-10-06T02:36,0.45
corupa,2026-10-06T02:37,0.45
corupa,2026-10-06T02:38,0.46
corupa,2026-10-06T02:39,0.46
corupa,2026-10-06T02:40,0.46
corupa,2026-10-06T02:41,0.46
corupa,2026-10-06T02:42,0.46
corupa,2026-10-06T02:43,0.45
corupa,2026-10-06T02:44,0.45
corupa,2026-10-06T02:45,0.46
corupa,2026-10-06T02:46,0.46
corupa,2026-10-06T02:47,0.46
corupa,2026-10-06T02:48,0.46
corupa,2026-10-06T02:49,0.46
corupa,2026-10-06T02:50,0.45
corupa,2026-10-06T02:51,0.45
corupa,2026-10-06T02:52,0.47
corupa,2026-10-06T02:53,0.47
corupa,2026-10-06T02:54,0.47
corupa,2026-10-06T02:55,0.46
corupa,2026-10-06T02:56,0.46
corupa,2026-10-06T02:57,0.46
corupa,2026-10-06T02:58,0.46
corupa,2026-10-06T02:59,0.46
corupa,2026-10-06T03:00,0.46
corupa,2026-10-06T03:01,0.46
corupa,2026-10-06T03:02,0.45
corupa,2026-10-06T03:03,0.45
corupa,2026-10-06T03:04,0.46
corupa,2026-10-06T03:05,0.45
corupa,2026-10-06T03:06,0.45
corupa,2026-10-06T03:07,0.47
corupa,2026-10-06T03:08,0.47
corupa,2026-10-06T03:09,0.47
corupa,2026-10-06T03:10,0.47
corupa,2026-10-06T03:11,0.46
corupa,2026-10-06T03:12,0.46
corupa,2026-10-06T03:13,0.46
corupa,2026-10-06T03:14,0.46
corupa,2026-10-06T03:15,0.46
corupa,2026-10-06T03:16,0.46
corupa,2026-10-06T03:17,0.46
corupa,2026-10-06T03:18,0.46
corupa,2026-10-06T03:19,0.46
corupa,2026-10-06T03:20,0.46
corupa,2026-10-06T03:21,0.46
corupa,2026-10-06T03:22,0.46
corupa,2026-10-06T03:23,0.46
corupa,2026-10-06T03:24,0.47
corupa,2026-10-06T03:25,0.47
corupa,2026-10-06T03:26,0.46
corupa,2026-10-06T03:27,0.47
corupa,2026-10-06T03:28,0.46
corupa,2026-10-06T03:29,0.46
corupa,2026-10-06T03:30,0.46
corupa,2026-10-06T03:31,0.46
corupa,2026-10-06T03:32,0.47
corupa,2026-10-06T03:33,0.46
corupa,2026-10-06T03:34,0.46
corupa,2026-10-06T03:35,0.46
corupa,2026-10-06T03:36,0.46
corupa,2026-10-06T03:37,0.47
corupa,2026-10-06T03:38,0.46
corupa,2026-10-06T03:39,0.47
corupa,2026-10-06T03:40,0.47
corupa,2026-10-06T03:41,0.47
corupa,2026-10-06T03:42,0.47
corupa,2026-10-06T03:43,0.47
corupa,2026-10-06T03:44,0.46
corupa,2026-10-06T03:45,0.46
corupa,2026-10-06T03:46,0.47
corupa,2026-10-06T03:47,0.47
corupa,2026-10-06T03:48,0.48
corupa,2026-10-06T03:49,0.47
corupa,2026-10-06T03:50,0.47
corupa,2026-10-06T03:51,0.48
corupa,2026-10-06T03:52,0.47
corupa,2026-10-06T03:53,0.47
corupa,2026-10-06T03:54,0.47
corupa,2026-10-06T03:55,0.47
corupa,2026-10-06T03:56,0.47
corupa,2026-10-06T03:57,0.47
corupa,2026-10-06T03:58,0.47
corupa,2026-10-06T03:59,0.47
corupa,2026-10-06T04:00,0.47
corupa,2026-10-06T04:01,0.47
corupa,2026-10-06T04:02,0.48
corupa,2026-10-06T04:03,0.48
corupa,2026-10-06T04:04,0.46
corupa,2026-10-06T04:05,0.48
corupa,2026-10-06T04:06,0.48
corupa,2026-10-06T04:07,0.48
corupa,2026-10-06T04:08,0.48
corupa,2026-10-06T04:09,0.48
corupa,2026-10-06T04:10,0.48
corupa,2026-10-06T04:11,0.48
corupa,2026-10-06T04:12,0.48
corupa,2026-10-06T04:13,0.48
corupa,2026-10-06T04:14,0.48
corupa,2026-10-06T04:15,0.48
corupa,2026-10-06T04:16,0.48
corupa,2026-10-06T04:17,0.48
corupa,2026-10-06T04:18,0.48
corupa,2026-10-06T04:19,0.48
corupa,2026-10-06T04:20,0.48
corupa,2026-10-06T04:21,0.48
corupa,2026-10-06T04:22,0.49
corupa,2026-10-06T04:23,0.49
corupa,2026-10-06T04:24,0.49
corupa,2026-10-06T04:25,0.49
corupa,2026-10-06T04:26,0.49
corupa,2026-10-06T04:27,0.47
corupa,2026-10-06T04:28,0.47
corupa,2026-10-06T04:29,0.48
corupa,2026-10-06T04:30,0.48
corupa,2026-10-06T04:31,0.48
corupa,2026-10-06T04:32,0.49
corupa,2026-10-06T04:33,0.49
corupa,2026-10-06T04:34,0.49
corupa,2026-10-06T04:35,0.49
corupa,2026-10-06T04:36,0.49
corupa,2026-10-06T04:37,0.49
corupa,2026-10-06T04:38,0.49
corupa,2026-10-06T04:39,0.46
corupa,2026-10-06T04:40,0.49
corupa,2026-10-06T04:41,0.49
corupa,2026-10-06T04:42,0.5
corupa,2026-10-06T04:43,0.5
corupa,2026-10-06T04:44,0.5
corupa,2026-10-06T04:45,0.49
corupa,2026-10-06T04:46,0.49
corupa,2026-10-06T04:47,0.49
corupa,2026-10-06T04:48,0.5
corupa,2026-10-06T04:49,0.5
corupa,2026-10-06T04:50,0.49
corupa,2026-10-06T04:51,0.51
corupa,2026-10-06T04:52,0.51
corupa,2026-10-06T04:53,0.49
corupa,2026-10-06T04:54,0.49
corupa,2026-10-06T04:55,0.5
corupa,2026-10-06T04:56,0.51
corupa,2026-10-06T04:57,0.51
corupa,2026-10-06T04:58,0.5
corupa,2026-10-06T04:59,0.5
corupa,2026-10-06T05:00,0.5
corupa,2026-10-06T05:01,0.51
corupa,2026-10-06T05:02,0.51
corupa,2026-10-06T05:03,0.51
corupa,2026-10-06T05:04,0.51
corupa,2026-10-06T05:05,0.51
corupa,2026-10-06T05:06,0.51
corupa,2026-10-06T05:07,0.51
corupa,2026-10-06T05:08,0.51
corupa,2026-10-06T05:09,0.51
corupa,2026-10-06T05:10,0.51
corupa,2026-10-06T05:11,0.51
corupa,2026-10-06T05:12,0.51
corupa,2026-10-06T05:13,0.52
corupa,2026-10-06T05:14,0.52
corupa,2026-10-06T05:15,0.52
corupa,2026-10-06T05:16,0.52
corupa,2026-10-06T05:17,0.52
corupa,2026-10-06T05:18,0.52
corupa,2026-10-06T05:19,0.53
corupa,2026-10-06T05:20,0.53
corupa,2026-10-06T05:21,0.53
corupa,2026-10-06T05:22,0.53
corupa,2026-10-06T05:23,0.53
corupa,2026-10-06T05:24,0.53
corupa,2026-10-06T05:25,0.53
corupa,2026-10-06T05:26,0.53
corupa,2026-10-06T05:27,0.53
corupa,2026-10-06T05:28,0.53
corupa,2026-10-06T05:29,0.52
corupa,2026-10-06T05:30,0.52
corupa,2026-10-06T05:31,0.53
corupa,2026-10-06T05:32,0.53
corupa,2026-10-06T05:33,0.53
corupa,2026-10-06T05:34,0.53
corupa,2026-10-06T05:35,0.53
corupa,2026-10-06T05:36,0.54
corupa,2026-10-06T05:37,0.54
corupa,2026-10-06T05:38,0.53
corupa,2026-10-06T05:39,0.53
corupa,2026-10-06T05:40,0.53
corupa,2026-10-06T05:41,0.54
corupa,2026-10-06T05:42,0.54
corupa,2026-10-06T05:43,0.55
corupa,2026-10-06T05:44,0.55
corupa,2026-10-06T05:45,0.55
corupa,2026-10-06T05:46,0.54
corupa,2026-10-06T05:47,0.54
corupa,2026-10-06T05:48,0.54
corupa,2026-10-06T05:49,0.55
corupa,2026-10-06T05:50,0.55
corupa,2026-10-06T05:51,0.56
corupa,2026-10-06T05:52,0.57
corupa,2026-10-06T05:53,0.57
corupa,2026-10-06T05:54,0.56
corupa,2026-10-06T05:55,0.56
corupa,2026-10-06T05:56,0.56
corupa,2026-10-06T05:57,0.57
corupa,2026-10-06T05:58,0.57
corupa,2026-10-06T05:59,0.57
corupa,2026-10-06T06:00,0.57
corupa,2026-10-06T06:01,0.58
corupa,2026-10-06T06:02,0.57
corupa,2026-10-06T06:03,0.57
corupa,2026-10-06T06:04,0.57
corupa,2026-10-06T06:05,0.57
corupa,2026-10-06T06:06,0.57
corupa,2026-10-06T06:07,0.57
corupa,2026-10-06T06:08,0.58
corupa,2026-10-06T06:09,0.57
corupa,2026-10-06T06:10,0.57
corupa,2026-10-06T06:11,0.58
corupa,2026-10-06T06:12,0.58
corupa,2026-10-06T06:13,0.58
corupa,2026-10-06T06:14,0.57
corupa,2026-10-06T06:15,0.57
corupa,2026-10-06T06:16,0.58
corupa,2026-10-06T06:17,0.58
corupa,2026-10-06T06:18,0.59
corupa,2026-10-06T06:19,0.58
corupa,2026-10-06T06:20,0.58
corupa,2026-10-06T06:21,0.59
corupa,2026-10-06T06:22,0.59
corupa,2026-10-06T06:23,0.58
corupa,2026-10-06T06:24,0.6
corupa,2026-10-06T06:25,0.6
corupa,2026-10-06T06:26,0.59
corupa,2026-10-06T06:27,0.59
corupa,2026-10-06T06:28,0.58
corupa,2026-10-06T06:29,0.59
corupa,2026-10-06T06:30,0.59
corupa,2026-10-06T06:31,0.59
corupa,2026-10-06T06:32,0.59
corupa,2026-10-06T06:33,0.6
corupa,2026-10-06T06:34,0.6
corupa,2026-10-06T06:35,0.6
corupa,2026-10-06T06:36,0.61
corupa,2026-10-06T06:37,0.62
corupa,2026-10-06T06:38,0.62
corupa,2026-10-06T06:39,0.62
corupa,2026-10-06T06:40,0.62
corupa,2026-10-06T06:41,0.62
corupa,2026-10-06T06:42,0.61
corupa,2026-10-06T06:43,0.61
corupa,2026-10-06T06:44,0.62
corupa,2026-10-06T06:45,0.62
corupa,2026-10-06T06:46,0.63
corupa,2026-10-06T06:47,0.62
corupa,2026-10-06T06:48,0.62
corupa,2026-10-06T06:49,0.63
corupa,2026-10-06T06:50,0.63
corupa,2026-10-06T06:51,0.62
corupa,2026-10-06T06:52,0.63
corupa,2026-10-06T06:53,0.63
corupa,2026-10-06T06:54,0.63
corupa,2026-10-06T06:55,0.64
corupa,2026-10-06T06:56,0.64
corupa,2026-10-06T06:57,0.63
corupa,2026-10-06T06:58,0.63
corupa,2026-10-06T06:59,0.64
corupa,2026-10-06T07:00,0.64
corupa,2026-10-06T07:01,0.63
corupa,2026-10-06T07:02,0.64
corupa,2026-10-06T07:03,0.64
corupa,2026-10-06T07:04,0.65
corupa,2026-10-06T07:05,0.65
corupa,2026-10-06T07:06,0.66
corupa,2026-10-06T07:07,0.66
corupa,2026-10-06T07:08,0.65
corupa,2026-10-06T07:09,0.66
corupa,2026-10-06T07:10,0.66
corupa,2026-10-06T07:11,0.67
corupa,2026-10-06T07:12,0.67
corupa,2026-10-06T07:13,0.67
corupa,2026-10-06T07:14,0.67
corupa,2026-10-06T07:15,0.67
corupa,2026-10-06T07:16,0.66
corupa,2026-10-06T07:17,0.68
corupa,2026-10-06T07:18,0.68
corupa,2026-10-06T07:19,0.69
corupa,2026-10-06T07:20,0.69
corupa,2026-10-06T07:21,0.68
corupa,2026-10-06T07:22,0.69
corupa,2026-10-06T07:23,0.69
corupa,2026-10-06T07:24,0.68
corupa,2026-10-06T07:25,0.68
corupa,2026-10-06T07:26,0.68
corupa,2026-10-06T07:27,0.69
corupa,2026-10-06T07:28,0.69
corupa,2026-10-06T07:29,0.71
corupa,2026-10-06T07:30,0.71
corupa,2026-10-06T07:31,0.72
corupa,2026-10-06T07:32,0.72
corupa,2026-10-06T07:33,0.72
corupa,2026-10-06T07:34,0.72
corupa,2026-10-06T07:35,0.72
corupa,2026-10-06T07:36,0.74
corupa,2026-10-06T07:37,0.74
corupa,2026-10-06T07:38,0.74
corupa,2026-10-06T07:39,0.74
corupa,2026-10-06T07:40,0.74
corupa,2026-10-06T07:41,0.74
corupa,2026-10-06T07:42,0.75
corupa,2026-10-06T07:43,0.75
corupa,2026-10-06T07:44,0.76
corupa,2026-10-06T07:45,0.76
corupa,2026-10-06T07:46,0.77
corupa,2026-10-06T07:47,0.77
corupa,2026-10-06T07:48,0.77
corupa,2026-10-06T07:49,0.79
corupa,2026-10-06T07:50,0.79
corupa,2026-10-06T07:51,0.8
corupa,2026-10-06T07:52,0.8
corupa,2026-10-06T07:53,0.81
corupa,2026-10-06T07:54,0.81
corupa,2026-10-06T07:55,0.83
corupa,2026-10-06T07:56,0.82
corupa,2026-10-06T07:57,0.82
corupa,2026-10-06T07:58,0.84
corupa,2026-10-06T07:59,0.84
corupa,2026-10-06T08:00,0.86
corupa,2026-10-06T08:01,0.86
corupa,2026-10-06T08:02,0.85
corupa,2026-10-06T08:03,0.88
corupa,2026-10-06T08:04,0.88
corupa,2026-10-06T08:05,0.88
corupa,2026-10-06T08:06,0.88
corupa,2026-10-06T08:07,0.9
corupa,2026-10-06T08:08,0.9
corupa,2026-10-06T08:09,0.9
corupa,2026-10-06T08:10,0.92
corupa,2026-10-06T08:11,0.92
corupa,2026-10-06T08:12,0.93
corupa,2026-10-06T08:13,0.95
corupa,2026-10-06T08:14,0.95
corupa,2026-10-06T08:15,0.98
corupa,2026-10-06T08:16,0.98
corupa,2026-10-06T08:17,0.99
corupa,2026-10-06T08:18,0.99
corupa,2026-10-06T08:19,1.02
corupa,2026-10-06T08:20,1.01
corupa,2026-10-06T08:21,1.01
corupa,2026-10-06T08:22,1.03
corupa,2026-10-06T08:23,1.03
corupa,2026-10-06T08:24,1.06
corupa,2026-10-06T08:25,1.06
corupa,2026-10-06T08:26,1.07
corupa,2026-10-06T08:27,1.08
corupa,2026-10-06T08:28,1.08
corupa,2026-10-06T08:29,1.09
corupa,2026-10-06T08:30,1.09
corupa,2026-10-06T08:31,1.11
corupa,2026-10-06T08:32,1.11
corupa,2026-10-06T08:33,1.11
corupa,2026-10-06T08:34,1.11
corupa,2026-10-06T08:35,1.14
corupa,2026-10-06T08:36,1.17
corupa,2026-10-06T08:37,1.17
corupa,2026-10-06T08:38,1.17
corupa,2026-10-06T08:39,1.2
corupa,2026-10-06T08:40,1.2
corupa,2026-10-06T08:41,1.21
corupa,2026-10-06T08:42,1.21
corupa,2026-10-06T08:43,1.23
corupa,2026-10-06T08:44,1.23
corupa,2026-10-06T08:45,1.23
corupa,2026-10-06T08:46,1.29
corupa,2026-10-06T08:47,1.29
corupa,2026-10-06T08:48,1.32
corupa,2026-10-06T08:49,1.32
corupa,2026-10-06T08:50,1.33
corupa,2026-10-06T08:51,1.37
corupa,2026-10-06T08:52,1.37
corupa,2026-10-06T08:53,1.38
corupa,2026-10-06T08:54,1.38
corupa,2026-10-06T08:55,1.41
corupa,2026-10-06T08:56,1.41
corupa,2026-10-06T08:57,1.45
corupa,2026-10-06T08:58,1.5
corupa,2026-10-06T08:59,1.5
corupa,2026-10-06T09:00,1.53
corupa,2026-10-06T09:01,1.53
corupa,2026-10-06T09:02,1.57
corupa,2026-10-06T09:03,1.57
corupa,2026-10-06T09:04,1.62
corupa,2026-10-06T09:05,1.62
corupa,2026-10-06T09:06,1.65
corupa,2026-10-06T09:07,1.69
corupa,2026-10-06T09:08,1.69
corupa,2026-10-06T09:09,1.76
corupa,2026-10-06T09:10,1.76
corupa,2026-10-06T09:11,1.8
corupa,2026-10-06T09:12,1.8
corupa,2026-10-06T09:13,1.83
corupa,2026-10-06T09:14,1.83
corupa,2026-10-06T09:15,1.93
corupa,2026-10-06T09:16,1.93
corupa,2026-10-06T09:17,1.96
corupa,2026-10-06T09:18,1.96
corupa,2026-10-06T09:19,2
corupa,2026-10-06T09:20,2.03
corupa,2026-10-06T09:21,2.03
corupa,2026-10-06T09:22,2.11
corupa,2026-10-06T09:23,2.11
corupa,2026-10-06T09:24,2.12
corupa,2026-10-06T09:25,2.12
corupa,2026-10-06T09:26,2.19
corupa,2026-10-06T09:27,2.19
corupa,2026-10-06T09:28,2.23
corupa,2026-10-06T09:29,2.28
corupa,2026-10-06T09:30,2.28
corupa,2026-10-06T09:31,2.35
corupa,2026-10-06T09:32,2.35
corupa,2026-10-06T09:33,2.36
corupa,2026-10-06T09:34,2.36
corupa,2026-10-06T09:35,2.37
corupa,2026-10-06T09:36,2.43
corupa,2026-10-06T09:37,2.43
corupa,2026-10-06T09:38,2.45
corupa,2026-10-06T09:39,2.45
corupa,2026-10-06T09:40,2.49
corupa,2026-10-06T09:41,2.49
corupa,2026-10-06T09:42,2.53
corupa,2026-10-06T09:43,2.53
corupa,2026-10-06T09:44,2.56
corupa,2026-10-06T09:45,2.59
corupa,2026-10-06T09:46,2.59
corupa,2026-10-06T09:47,2.61
corupa,2026-10-06T09:48,2.61
corupa,2026-10-06T09:49,2.63
corupa,2026-10-06T09:50,2.63
corupa,2026-10-06T09:51,2.65
corupa,2026-10-06T09:52,2.65
corupa,2026-10-06T09:53,2.67
corupa,2026-10-06T09:54,2.67
corupa,2026-10-06T09:55,2.66
corupa,2026-10-06T09:56,2.72
corupa,2026-10-06T09:57,2.72
corupa,2026-10-06T09:58,2.68
corupa,2026-10-06T09:59,2.68
corupa,2026-10-06T10:00,2.71
corupa,2026-10-06T10:01,2.71
corupa,2026-10-06T10:02,2.74
corupa,2026-10-06T10:03,2.74
corupa,2026-10-06T10:04,2.73
corupa,2026-10-06T10:05,2.73
corupa,2026-10-06T10:06,2.77
corupa,2026-10-06T10:07,2.79
corupa,2026-10-06T10:08,2.79
corupa,2026-10-06T10:09,2.74
corupa,2026-10-06T10:10,2.74
corupa,2026-10-06T10:11,2.74
corupa,2026-10-06T10:12,2.77
corupa,2026-10-06T10:13,2.77
corupa,2026-10-06T10:14,2.79
corupa,2026-10-06T10:15,2.79
corupa,2026-10-06T10:16,2.79
corupa,2026-10-06T10:17,2.79
corupa,2026-10-06T10:18,2.79
corupa,2026-10-06T10:19,2.79
corupa,2026-10-06T10:20,2.84
corupa,2026-10-06T10:21,2.79
corupa,2026-10-06T10:22,2.79
corupa,2026-10-06T10:23,2.84
corupa,2026-10-06T10:24,2.84
corupa,2026-10-06T10:25,2.78
corupa,2026-10-06T10:26,2.79
corupa,2026-10-06T10:27,2.79
corupa,2026-10-06T10:28,2.81
corupa,2026-10-06T10:29,2.84
corupa,2026-10-06T10:30,2.84
corupa,2026-10-06T10:31,2.83
corupa,2026-10-06T10:32,2.83
corupa,2026-10-06T10:33,2.86
corupa,2026-10-06T10:34,2.87
corupa,2026-10-06T10:35,2.87
corupa,2026-10-06T10:36,2.84
corupa,2026-10-06T10:37,2.86
corupa,2026-10-06T10:38,2.86
corupa,2026-10-06T10:39,2.87
corupa,2026-10-06T10:40,2.87
corupa,2026-10-06T10:41,2.9
corupa,2026-10-06T10:42,2.9
corupa,2026-10-06T10:43,2.93
corupa,2026-10-06T10:44,2.89
corupa,2026-10-06T10:45,2.89
corupa,2026-10-06T10:46,2.92
corupa,2026-10-06T10:47,2.92
corupa,2026-10-06T10:48,2.93
corupa,2026-10-06T10:49,2.93
corupa,2026-10-06T10:50,2.93
corupa,2026-10-06T10:51,2.94
corupa,2026-10-06T10:52,2.94
corupa,2026-10-06T10:53,2.94
corupa,2026-10-06T10:54,2.94
corupa,2026-10-06T10:55,2.97
corupa,2026-10-06T10:56,2.97
corupa,2026-10-06T10:57,2.98
corupa,2026-10-06T10:58,3.02
corupa,2026-10-06T10:59,3.02
corupa,2026-10-06T11:00,2.98
corupa,2026-10-06T11:01,2.98
corupa,2026-10-06T11:02,3.04
corupa,2026-10-06T11:03,3.04
corupa,2026-10-06T11:04,3.04
corupa,2026-10-06T11:05,3.02
corupa,2026-10-06T11:06,3.02
corupa,2026-10-06T11:07,3.04
corupa,2026-10-06T11:08,3.04
corupa,2026-10-06T11:09,3.08
corupa,2026-10-06T11:10,3.06
corupa,2026-10-06T11:11,3.06
corupa,2026-10-06T11:12,3.08
corupa,2026-10-06T11:13,3.08
corupa,2026-10-06T11:14,3.09
corupa,2026-10-06T11:15,3.11
corupa,2026-10-06T11:16,3.11
corupa,2026-10-06T11:17,3.14
corupa,2026-10-06T11:18,3.14
corupa,2026-10-06T11:19,3.14
corupa,2026-10-06T11:20,3.14
corupa,2026-10-06T11:21,3.16
corupa,2026-10-06T11:22,3.16
corupa,2026-10-06T11:23,3.18
corupa,2026-10-06T11:24,3.18
corupa,2026-10-06T11:25,3.2
corupa,2026-10-06T11:26,3.22
corupa,2026-10-06T11:27,3.22
corupa,2026-10-06T11:28,3.23
corupa,2026-10-06T11:29,3.23
corupa,2026-10-06T11:30,3.18
corupa,2026-10-06T11:31,3.18
corupa,2026-10-06T11:32,3.22
corupa,2026-10-06T11:33,3.27
corupa,2026-10-06T11:34,3.27
corupa,2026-10-06T11:35,3.27
corupa,2026-10-06T11:36,3.27
corupa,2026-10-06T11:37,3.28
corupa,2026-10-06T11:38,3.28
corupa,2026-10-06T11:39,3.31
corupa,2026-10-06T11:40,3.31
corupa,2026-10-06T11:41,3.28
corupa,2026-10-06T11:42,3.3
corupa,2026-10-06T11:43,3.3
corupa,2026-10-06T11:44,3.31
corupa,2026-10-06T11:45,3.31
corupa,2026-10-06T11:46,3.3
corupa,2026-10-06T11:47,3.34
corupa,2026-10-06T11:48,3.34
corupa,2026-10-06T11:49,3.36
corupa,2026-10-06T11:50,3.36
corupa,2026-10-06T11:51,3.36
corupa,2026-10-06T11:52,3.35
corupa,2026-10-06T11:53,3.35
corupa,2026-10-06T11:54,3.37
corupa,2026-10-06T11:55,3.37
corupa,2026-10-06T11:56,3.41
corupa,2026-10-06T11:57,3.34
corupa,2026-10-06T11:58,3.34
corupa,2026-10-06T11:59,3.34
corupa,2026-10-06T12:00,3.34
corupa,2026-10-06T12:01,3.36
corupa,2026-10-06T12:02,3.42
corupa,2026-10-06T12:03,3.42
corupa,2026-10-06T12:04,3.38
corupa,2026-10-06T12:05,3.38
corupa,2026-10-06T12:06,3.37
corupa,2026-10-06T12:07,3.37
corupa,2026-10-06T12:08,3.37
corupa,2026-10-06T12:09,3.35
corupa,2026-10-06T12:10,3.35
corupa,2026-10-06T12:11,3.37
corupa,2026-10-06T12:12,3.39
corupa,2026-10-06T12:13,3.39
corupa,2026-10-06T12:14,3.38
corupa,2026-10-06T12:15,3.38
corupa,2026-10-06T12:16,3.4
corupa,2026-10-06T12:17,3.4
corupa,2026-10-06T12:18,3.39
corupa,2026-10-06T12:19,3.37
corupa,2026-10-06T12:20,3.37
corupa,2026-10-06T12:21,3.33
corupa,2026-10-06T12:22,3.33
corupa,2026-10-06T12:23,3.35
corupa,2026-10-06T12:24,3.35
corupa,2026-10-06T12:25,3.33
corupa,2026-10-06T12:26,3.32
corupa,2026-10-06T12:27,3.32
corupa,2026-10-06T12:28,3.29
corupa,2026-10-06T12:29,3.29
corupa,2026-10-06T12:30,3.3
corupa,2026-10-06T12:31,3.29
corupa,2026-10-06T12:32,3.29
corupa,2026-10-06T12:33,3.27
corupa,2026-10-06T12:34,3.27
corupa,2026-10-06T12:35,3.25
corupa,2026-10-06T12:36,3.27
corupa,2026-10-06T12:37,3.27
corupa,2026-10-06T12:38,3.26
corupa,2026-10-06T12:39,3.26
corupa,2026-10-06T12:40,3.25
corupa,2026-10-06T12:41,3.22
corupa,2026-10-06T12:42,3.22
corupa,2026-10-06T12:43,3.23
corupa,2026-10-06T12:44,3.24
corupa,2026-10-06T12:45,3.24
corupa,2026-10-06T12:46,3.22
corupa,2026-10-06T12:47,3.22
corupa,2026-10-06T12:48,3.22
corupa,2026-10-06T12:49,3.22
corupa,2026-10-06T12:50,3.21
corupa,2026-10-06T12:51,3.2
corupa,2026-10-06T12:52,3.2
corupa,2026-10-06T12:53,3.2
corupa,2026-10-06T12:54,3.2
corupa,2026-10-06T12:55,3.17
corupa,2026-10-06T12:56,3.17
corupa,2026-10-06T12:57,3.15
corupa,2026-10-06T12:58,3.15
corupa,2026-10-06T12:59,3.15
corupa,2026-10-06T13:00,3.13
corupa,2026-10-06T13:01,3.13
corupa,2026-10-06T13:02,3.15
corupa,2026-10-06T13:03,3.15
corupa,2026-10-06T13:04,3.16
corupa,2026-10-06T13:05,3.13
corupa,2026-10-06T13:06,3.13
corupa,2026-10-06T13:07,3.12
corupa,2026-10-06T13:08,3.12
corupa,2026-10-06T13:09,3.11
corupa,2026-10-06T13:10,3.13
corupa,2026-10-06T13:11,3.13
corupa,2026-10-06T13:12,3.13
corupa,2026-10-06T13:13,3.13
corupa,2026-10-06T13:14,3.13
corupa,2026-10-06T13:15,3.12
corupa,2026-10-06T13:16,3.12
corupa,2026-10-06T13:17,3.15
corupa,2026-10-06T13:18,3.12
corupa,2026-10-06T13:19,3.12
corupa,2026-10-06T13:20,3.12
corupa,2026-10-06T13:21,3.12
corupa,2026-10-06T13:22,3.11
corupa,2026-10-06T13:23,3.11
corupa,2026-10-06T13:24,3.08
corupa,2026-10-06T13:25,3.08
corupa,2026-10-06T13:26,3.11
corupa,2026-10-06T13:27,3.1
corupa,2026-10-06T13:28,3.1
corupa,2026-10-06T13:29,3.07
corupa,2026-10-06T13:30,3.07
corupa,2026-10-06T13:31,3.06
corupa,2026-10-06T13:32,3.07
corupa,2026-10-06T13:33,3.07
corupa,2026-10-06T13:34,3.05
corupa,2026-10-06T13:35,3.05
corupa,2026-10-06T13:36,3.05
corupa,2026-10-06T13:37,3.05
corupa,2026-10-06T13:38,3.02
corupa,2026-10-06T13:39,3.02
corupa,2026-10-06T13:40,3.02
corupa,2026-10-06T13:41,3.03
corupa,2026-10-06T13:42,3.03
corupa,2026-10-06T13:43,3.04
corupa,2026-10-06T13:44,3.04
corupa,2026-10-06T13:45,3
corupa,2026-10-06T13:46,3
corupa,2026-10-06T13:47,3.03
corupa,2026-10-06T13:48,3.03
corupa,2026-10-06T13:49,3.03
corupa,2026-10-06T13:50,3.03
corupa,2026-10-06T13:51,3.03
corupa,2026-10-06T13:52,3
corupa,2026-10-06T13:53,3
corupa,2026-10-06T13:54,3
corupa,2026-10-06T13:55,2.97
corupa,2026-10-06T13:56,2.97
corupa,2026-10-06T13:57,2.97
corupa,2026-10-06T13:58,2.98
corupa,2026-10-06T13:59,2.98
corupa,2026-10-06T14:00,2.95
corupa,2026-10-06T14:01,2.95
corupa,2026-10-06T14:02,2.97
corupa,2026-10-06T14:03,2.95
corupa,2026-10-06T14:04,2.95
corupa,2026-10-06T14:05,2.94
corupa,2026-10-06T14:06,2.94
corupa,2026-10-06T14:07,2.93
corupa,2026-10-06T14:08,2.94
corupa,2026-10-06T14:09,2.94
corupa,2026-10-06T14:10,2.94
corupa,2026-10-06T14:11,2.94
corupa,2026-10-06T14:12,2.9
corupa,2026-10-06T14:13,2.93
corupa,2026-10-06T14:14,2.93
corupa,2026-10-06T14:15,2.93
corupa,2026-10-06T14:16,2.93
corupa,2026-10-06T14:17,2.91
corupa,2026-10-06T14:18,2.86
corupa,2026-10-06T14:19,2.86
corupa,2026-10-06T14:20,2.9
corupa,2026-10-06T14:21,2.9
corupa,2026-10-06T14:22,2.84
corupa,2026-10-06T14:23,2.84
corupa,2026-10-06T14:24,2.89
corupa,2026-10-06T14:25,2.85
corupa,2026-10-06T14:26,2.85
corupa,2026-10-06T14:27,2.86
corupa,2026-10-06T14:28,2.88
corupa,2026-10-06T14:29,2.88
corupa,2026-10-06T14:30,2.88
corupa,2026-10-06T14:31,2.88
corupa,2026-10-06T14:32,2.88
corupa,2026-10-06T14:33,2.88
corupa,2026-10-06T14:34,2.85
corupa,2026-10-06T14:35,2.85
corupa,2026-10-06T14:36,2.85
corupa,2026-10-06T14:37,2.83
corupa,2026-10-06T14:38,2.83
corupa,2026-10-06T14:39,2.84
corupa,2026-10-06T14:40,2.81
corupa,2026-10-06T14:41,2.81
corupa,2026-10-06T14:42,2.83
corupa,2026-10-06T14:43,2.83
corupa,2026-10-06T14:44,2.82
corupa,2026-10-06T14:45,2.82
corupa,2026-10-06T14:46,2.82
corupa,2026-10-06T14:47,2.78
corupa,2026-10-06T14:48,2.78
corupa,2026-10-06T14:49,2.82
corupa,2026-10-06T14:50,2.82
corupa,2026-10-06T14:51,2.82
corupa,2026-10-06T14:52,2.82
corupa,2026-10-06T14:53,2.82
corupa,2026-10-06T14:54,2.82
corupa,2026-10-06T14:55,2.83
corupa,2026-10-06T14:56,2.81
corupa,2026-10-06T14:57,2.81
corupa,2026-10-06T14:58,2.81
corupa,2026-10-06T14:59,2.81
corupa,2026-10-06T15:00,2.79
corupa,2026-10-06T15:01,2.79
corupa,2026-10-06T15:02,2.78
corupa,2026-10-06T15:03,2.78
corupa,2026-10-06T15:04,2.78
corupa,2026-10-06T15:05,2.79
corupa,2026-10-06T15:06,2.78
corupa,2026-10-06T15:07,2.78
corupa,2026-10-06T15:08,2.79
corupa,2026-10-06T15:09,2.79
corupa,2026-10-06T15:10,2.77
corupa,2026-10-06T15:11,2.79
corupa,2026-10-06T15:12,2.79
corupa,2026-10-06T15:13,2.79
corupa,2026-10-06T15:14,2.79
corupa,2026-10-06T15:15,2.77
corupa,2026-10-06T15:16,2.77
corupa,2026-10-06T15:17,2.79
corupa,2026-10-06T15:18,2.77
corupa,2026-10-06T15:19,2.77
corupa,2026-10-06T15:20,2.79
corupa,2026-10-06T15:21,2.79
corupa,2026-10-06T15:22,2.79
corupa,2026-10-06T15:23,2.79
corupa,2026-10-06T15:24,2.78
corupa,2026-10-06T15:25,2.78
corupa,2026-10-06T15:26,2.78
corupa,2026-10-06T15:27,2.78
corupa,2026-10-06T15:28,2.78
corupa,2026-10-06T15:29,2.77
corupa,2026-10-06T15:30,2.75
corupa,2026-10-06T15:31,2.75
corupa,2026-10-06T15:32,2.79
corupa,2026-10-06T15:33,2.79
corupa,2026-10-06T15:34,2.74
corupa,2026-10-06T15:35,2.77
corupa,2026-10-06T15:36,2.77
corupa,2026-10-06T15:37,2.76
corupa,2026-10-06T15:38,2.76
corupa,2026-10-06T15:39,2.77
corupa,2026-10-06T15:40,2.78
corupa,2026-10-06T15:41,2.78
corupa,2026-10-06T15:42,2.78
corupa,2026-10-06T15:43,2.78
corupa,2026-10-06T15:44,2.79
corupa,2026-10-06T15:45,2.77
corupa,2026-10-06T15:46,2.77
corupa,2026-10-06T15:47,2.77
corupa,2026-10-06T15:48,2.79
corupa,2026-10-06T15:49,2.79
corupa,2026-10-06T15:50,2.79
corupa,2026-10-06T15:51,2.79
corupa,2026-10-06T15:52,2.78
corupa,2026-10-06T15:53,2.78
corupa,2026-10-06T15:54,2.79
corupa,2026-10-06T15:55,2.81
corupa,2026-10-06T15:56,2.81
corupa,2026-10-06T15:57,2.79
corupa,2026-10-06T15:58,2.79
corupa,2026-10-06T15:59,2.8
corupa,2026-10-06T16:00,2.79
corupa,2026-10-06T16:01,2.79
corupa,2026-10-06T16:02,2.82
corupa,2026-10-06T16:03,2.82
corupa,2026-10-06T16:04,2.82
corupa,2026-10-06T16:05,2.82
corupa,2026-10-06T16:06,2.82
corupa,2026-10-06T16:07,2.88
corupa,2026-10-06T16:08,2.88
corupa,2026-10-06T16:09,2.81
corupa,2026-10-06T16:10,2.86
corupa,2026-10-06T16:11,2.86
corupa,2026-10-06T16:12,2.86
corupa,2026-10-06T16:13,2.86
corupa,2026-10-06T16:14,2.84
corupa,2026-10-06T16:15,2.86
corupa,2026-10-06T16:16,2.86
corupa,2026-10-06T16:17,2.86
corupa,2026-10-06T16:18,2.85
corupa,2026-10-06T16:19,2.85
corupa,2026-10-06T16:20,2.87
corupa,2026-10-06T16:21,2.87
corupa,2026-10-06T16:22,2.86
corupa,2026-10-06T16:23,2.86
corupa,2026-10-06T16:24,2.87
corupa,2026-10-06T16:25,2.88
corupa,2026-10-06T16:26,2.88
corupa,2026-10-06T16:27,2.9
corupa,2026-10-06T16:28,2.9
corupa,2026-10-06T16:29,2.91
corupa,2026-10-06T16:30,2.91
corupa,2026-10-06T16:31,2.92
corupa,2026-10-06T16:32,2.93
corupa,2026-10-06T16:33,2.93
corupa,2026-10-06T16:34,2.92
corupa,2026-10-06T16:35,2.92
corupa,2026-10-06T16:36,2.92
corupa,2026-10-06T16:37,2.92
corupa,2026-10-06T16:38,2.93
corupa,2026-10-06T16:39,2.94
corupa,2026-10-06T16:40,2.94
corupa,2026-10-06T16:41,2.95
corupa,2026-10-06T16:42,2.95
corupa,2026-10-06T16:43,2.94
corupa,2026-10-06T16:44,2.94
corupa,2026-10-06T16:45,2.98
corupa,2026-10-06T16:46,2.95
corupa,2026-10-06T16:47,2.95
corupa,2026-10-06T16:48,2.95
corupa,2026-10-06T16:49,2.95
corupa,2026-10-06T16:50,2.97
corupa,2026-10-06T16:51,2.99
corupa,2026-10-06T16:52,2.99
corupa,2026-10-06T16:53,3.02
corupa,2026-10-06T16:54,3.02
corupa,2026-10-06T16:55,2.99
corupa,2026-10-06T16:56,2.99
corupa,2026-10-06T16:57,2.99
corupa,2026-10-06T16:58,2.99
corupa,2026-10-06T16:59,3
corupa,2026-10-06T17:00,2.99
corupa,2026-10-06T17:01,2.99
corupa,2026-10-06T17:02,3
corupa,2026-10-06T17:03,3
corupa,2026-10-06T17:04,3.04
corupa,2026-10-06T17:05,3.04
corupa,2026-10-06T17:06,3.04
corupa,2026-10-06T17:07,3.05
corupa,2026-10-06T17:08,3.05
corupa,2026-10-06T17:09,3.04
corupa,2026-10-06T17:10,3.02
corupa,2026-10-06T17:11,3.02
corupa,2026-10-06T17:12,3.07
corupa,2026-10-06T17:13,3.07
corupa,2026-10-06T17:14,3.03
corupa,2026-10-06T17:15,3.03
corupa,2026-10-06T17:16,3.07
corupa,2026-10-06T17:17,3.08
corupa,2026-10-06T17:18,3.08
corupa,2026-10-06T17:19,3.08
corupa,2026-10-06T17:20,3.08
corupa,2026-10-06T17:21,3.06
corupa,2026-10-06T17:22,3.06
corupa,2026-10-06T17:23,3.1
corupa,2026-10-06T17:24,3.08
corupa,2026-10-06T17:25,3.08
corupa,2026-10-06T17:26,3.08
corupa,2026-10-06T17:27,3.08
corupa,2026-10-06T17:28,3.11
corupa,2026-10-06T17:29,3.11
corupa,2026-10-06T17:30,3.11
corupa,2026-10-06T17:31,3.11
corupa,2026-10-06T17:32,3.11
corupa,2026-10-06T17:33,3.11
corupa,2026-10-06T17:34,3.11
corupa,2026-10-06T17:35,3.08
corupa,2026-10-06T17:36,3.1
corupa,2026-10-06T17:37,3.1
corupa,2026-10-06T17:38,3.1
corupa,2026-10-06T17:39,3.1
corupa,2026-10-06T17:40,3.1
corupa,2026-10-06T17:41,3.11
corupa,2026-10-06T17:42,3.11
corupa,2026-10-06T17:43,3.12
corupa,2026-10-06T17:44,3.12
corupa,2026-10-06T17:45,3.13
corupa,2026-10-06T17:46,3.13
corupa,2026-10-06T17:47,3.13
corupa,2026-10-06T17:48,3.13
corupa,2026-10-06T17:49,3.13
corupa,2026-10-06T17:50,3.11
corupa,2026-10-06T17:51,3.11
corupa,2026-10-06T17:52,3.11
corupa,2026-10-06T17:53,3.18
corupa,2026-10-06T17:54,3.18
corupa,2026-10-06T17:55,3.13
corupa,2026-10-06T17:56,3.11
corupa,2026-10-06T17:57,3.11
corupa,2026-10-06T17:58,3.12
corupa,2026-10-06T17:59,3.12
corupa,2026-10-06T18:00,3.15
corupa,2026-10-06T18:01,3.16
corupa,2026-10-06T18:02,3.16
corupa,2026-10-06T18:03,3.16
corupa,2026-10-06T18:04,3.16
corupa,2026-10-06T18:05,3.15
corupa,2026-10-06T18:06,3.15
corupa,2026-10-06T18:07,3.17
corupa,2026-10-06T18:08,3.18
corupa,2026-10-06T18:09,3.18
corupa,2026-10-06T18:10,3.18
corupa,2026-10-06T18:11,3.18
corupa,2026-10-06T18:12,3.15
corupa,2026-10-06T18:13,3.16
corupa,2026-10-06T18:14,3.16
corupa,2026-10-06T18:15,3.17
corupa,2026-10-06T18:16,3.17
corupa,2026-10-06T18:17,3.15
corupa,2026-10-06T18:18,3.19
corupa,2026-10-06T18:19,3.19
corupa,2026-10-06T18:20,3.17
corupa,2026-10-06T18:21,3.17
corupa,2026-10-06T18:22,3.17
corupa,2026-10-06T18:23,3.17
corupa,2026-10-06T18:24,3.19
corupa,2026-10-06T18:25,3.19
corupa,2026-10-06T18:26,3.18
corupa,2026-10-06T18:27,3.19
corupa,2026-10-06T18:28,3.19
corupa,2026-10-06T18:29,3.18
corupa,2026-10-06T18:30,3.18
corupa,2026-10-06T18:31,3.19
corupa,2026-10-06T18:32,3.22
corupa,2026-10-06T18:33,3.22
corupa,2026-10-06T18:34,3.18
corupa,2026-10-06T18:35,3.17
corupa,2026-10-06T18:36,3.17
corupa,2026-10-06T18:37,3.18
corupa,2026-10-06T18:38,3.18
corupa,2026-10-06T18:39,3.17
corupa,2026-10-06T18:40,3.17
corupa,2026-10-06T18:41,3.21
corupa,2026-10-06T18:42,3.21
corupa,2026-10-06T18:43,3.21
corupa,2026-10-06T18:44,3.21
corupa,2026-10-06T18:45,3.21
corupa,2026-10-06T18:46,3.21
corupa,2026-10-06T18:47,3.2
corupa,2026-10-06T18:48,3.2
corupa,2026-10-06T18:49,3.17
corupa,2026-10-06T18:50,3.17
corupa,2026-10-06T18:51,3.21
corupa,2026-10-06T18:52,3.21
corupa,2026-10-06T18:53,3.21
corupa,2026-10-06T18:54,3.21
corupa,2026-10-06T18:55,3.21
corupa,2026-10-06T18:56,3.24
corupa,2026-10-06T18:57,3.2
corupa,2026-10-06T18:58,3.2
corupa,2026-10-06T18:59,3.22
corupa,2026-10-06T19:00,3.22
corupa,2026-10-06T19:01,3.22
corupa,2026-10-06T19:02,3.22
corupa,2026-10-06T19:03,3.22
corupa,2026-10-06T19:04,3.19
corupa,2026-10-06T19:05,3.19
corupa,2026-10-06T19:06,3.22
corupa,2026-10-06T19:07,3.22
corupa,2026-10-06T19:08,3.2
corupa,2026-10-06T19:09,3.19
corupa,2026-10-06T19:10,3.19
corupa,2026-10-06T19:11,3.23
corupa,2026-10-06T19:12,3.23
corupa,2026-10-06T19:13,3.2
corupa,2026-10-06T19:14,3.2
corupa,2026-10-06T19:15,3.2
corupa,2026-10-06T19:16,3.2
corupa,2026-10-06T19:17,3.2
corupa,2026-10-06T19:18,3.2
corupa,2026-10-06T19:19,3.19
corupa,2026-10-06T19:20,3.19
corupa,2026-10-06T19:21,3.2
corupa,2026-10-06T19:22,3.2
corupa,2026-10-06T19:23,3.19
corupa,2026-10-06T19:24,3.22
corupa,2026-10-06T19:25,3.22
nereu,2026-10-05T22:26,0.44
nereu,2026-10-05T22:27,0.44
nereu,2026-10-05T22:28,0.44
nereu,2026-10-05T22:29,0.44
nereu,2026-10-05T22:30,0.44
nereu,2026-10-05T22:31,0.44
nereu,2026-10-05T22:32,0.44
nereu,2026-10-05T22:33,0.44
nereu,2026-10-05T22:34,0.44
nereu,2026-10-05T22:35,0.44
nereu,2026-10-05T22:36,0.44
nereu,2026-10-05T22:37,0.44
nereu,2026-10-05T22:38,0.44
nereu,2026-10-05T22:39,0.44
nereu,2026-10-05T22:40,0.44
nereu,2026-10-05T22:41,0.44
nereu,2026-10-05T22:42,0.44
nereu,2026-10-05T22:43,0.44
nereu,2026-10-05T22:44,0.44
nereu,2026-10-05T22:45,0.44
nereu,2026-10-05T22:46,0.44
nereu,2026-10-05T22:47,0.44
nereu,2026-10-05T22:48,0.44
nereu,2026-10-05T22:49,0.44
nereu,2026-10-05T22:50,0.45
nereu,2026-10-05T22:51,0.44
nereu,2026-10-05T22:52,0.45
nereu,2026-10-05T22:53,0.44
nereu,2026-10-05T22:54,0.45
nereu,2026-10-05T22:55,0.44
nereu,2026-10-05T22:56,0.45
nereu,2026-10-05T22:57,0.44
nereu,2026-10-05T22:58,0.45
nereu,2026-10-05T22:59,0.45
nereu,2026-10-05T23:00,0.45
nereu,2026-10-05T23:01,0.44
nereu,2026-10-05T23:02,0.45
nereu,2026-10-05T23:03,0.45
nereu,2026-10-05T23:04,0.45
nereu,2026-10-05T23:05,0.45
nereu,2026-10-05T23:06,0.45
nereu,2026-10-05T23:07,0.45
nereu,2026-10-05T23:08,0.44
nereu,2026-10-05T23:09,0.45
nereu,2026-10-05T23:10,0.45
nereu,2026-10-05T23:11,0.45
nereu,2026-10-05T23:12,0.45
nereu,2026-10-05T23:13,0.45
nereu,2026-10-05T23:14,0.45
nereu,2026-10-05T23:15,0.45
nereu,2026-10-05T23:16,0.44
nereu,2026-10-05T23:17,0.45
nereu,2026-10-05T23:18,0.45
nereu,2026-10-05T23:19,0.44
nereu,2026-10-05T23:20,0.45
nereu,2026-10-05T23:21,0.45
nereu,2026-10-05T23:22,0.45
nereu,2026-10-05T23:23,0.45
nereu,2026-10-05T23:24,0.45
nereu,2026-10-05T23:25,0.45
nereu,2026-10-05T23:26,0.45
nereu,2026-10-05T23:27,0.45
nereu,2026-10-05T23:28,0.45
nereu,2026-10-05T23:29,0.45
nereu,2026-10-05T23:30,0.45
nereu,2026-10-05T23:31,0.44
nereu,2026-10-05T23:32,0.44
nereu,2026-10-05T23:33,0.45
nereu,2026-10-05T23:34,0.45
nereu,2026-10-05T23:35,0.45
nereu,2026-10-05T23:36,0.45
nereu,2026-10-05T23:37,0.45
nereu,2026-10-05T23:38,0.45
nereu,2026-10-05T23:39,0.45
nereu,2026-10-05T23:40,0.45
nereu,2026-10-05T23:41,0.45
nereu,2026-10-05T23:42,0.45
nereu,2026-10-05T23:43,0.45
nereu,2026-10-05T23:44,0.45
nereu,2026-10-05T23:45,0.45
nereu,2026-10-05T23:46,0.45
nereu,2026-10-05T23:47,0.45
nereu,2026-10-05T23:48,0.45
nereu,2026-10-05T23:49,0.45
nereu,2026-10-05T23:50,0.45
nereu,2026-10-05T23:51,0.45
nereu,2026-10-05T23:52,0.45
nereu,2026-10-05T23:53,0.45
nereu,2026-10-05T23:54,0.45
nereu,2026-10-05T23:55,0.45
nereu,2026-10-05T23:56,0.45
nereu,2026-10-05T23:57,0.45
nereu,2026-10-05T23:58,0.45
nereu,2026-10-05T23:59,0.45
nereu,2026-10-06T00:00,0.45
nereu,2026-10-06T00:01,0.45
nereu,2026-10-06T00:02,0.45
nereu,2026-10-06T00:03,0.45
nereu,2026-10-06T00:04,0.45
nereu,2026-10-06T00:05,0.45
nereu,2026-10-06T00:06,0.45
nereu,2026-10-06T00:07,0.45
nereu,2026-10-06T00:08,0.46
nereu,2026-10-06T00:09,0.45
nereu,2026-10-06T00:10,0.45
nereu,2026-10-06T00:11,0.45
nereu,2026-10-06T00:12,0.45
nereu,2026-10-06T00:13,0.45
nereu,2026-10-06T00:14,0.45
nereu,2026-10-06T00:15,0.45
nereu,2026-10-06T00:16,0.45
nereu,2026-10-06T00:17,0.45
nereu,2026-10-06T00:18,0.45
nereu,2026-10-06T00:19,0.45
nereu,2026-10-06T00:20,0.45
nereu,2026-10-06T00:21,0.45
nereu,2026-10-06T00:22,0.45
nereu,2026-10-06T00:23,0.45
nereu,2026-10-06T00:24,0.45
nereu,2026-10-06T00:25,0.45
nereu,2026-10-06T00:26,0.45
nereu,2026-10-06T00:27,0.45
nereu,2026-10-06T00:28,0.45
nereu,2026-10-06T00:29,0.45
nereu,2026-10-06T00:30,0.45
nereu,2026-10-06T00:31,0.45
nereu,2026-10-06T00:32,0.45
nereu,2026-10-06T00:33,0.45
nereu,2026-10-06T00:34,0.45
nereu,2026-10-06T00:35,0.45
nereu,2026-10-06T00:36,0.45
nereu,2026-10-06T00:37,0.45
nereu,2026-10-06T00:38,0.45
nereu,2026-10-06T00:39,0.45
nereu,2026-10-06T00:40,0.45
nereu,2026-10-06T00:41,0.45
nereu,2026-10-06T00:42,0.45
nereu,2026-10-06T00:43,0.45
nereu,2026-10-06T00:44,0.45
nereu,2026-10-06T00:45,0.45
nereu,2026-10-06T00:46,0.45
nereu,2026-10-06T00:47,0.45
nereu,2026-10-06T00:48,0.45
nereu,2026-10-06T00:49,0.45
nereu,2026-10-06T00:50,0.45
nereu,2026-10-06T00:51,0.45
nereu,2026-10-06T00:52,0.45
nereu,2026-10-06T00:53,0.45
nereu,2026-10-06T00:54,0.45
nereu,2026-10-06T00:55,0.45
nereu,2026-10-06T00:56,0.45
nereu,2026-10-06T00:57,0.45
nereu,2026-10-06T00:58,0.45
nereu,2026-10-06T00:59,0.45
nereu,2026-10-06T01:00,0.45
nereu,2026-10-06T01:01,0.45
nereu,2026-10-06T01:02,0.45
nereu,2026-10-06T01:03,0.45
nereu,2026-10-06T01:04,0.45
nereu,2026-10-06T01:05,0.45
nereu,2026-10-06T01:06,0.45
nereu,2026-10-06T01:07,0.45
nereu,2026-10-06T01:08,0.45
nereu,2026-10-06T01:09,0.45
nereu,2026-10-06T01:10,0.45
nereu,2026-10-06T01:11,0.45
nereu,2026-10-06T01:12,0.45
nereu,2026-10-06T01:13,0.45
nereu,2026-10-06T01:14,0.45
nereu,2026-10-06T01:15,0.45
nereu,2026-10-06T01:16,0.46
nereu,2026-10-06T01:17,0.46
nereu,2026-10-06T01:18,0.46
nereu,2026-10-06T01:19,0.45
nereu,2026-10-06T01:20,0.46
nereu,2026-10-06T01:21,0.45
nereu,2026-10-06T01:22,0.46
nereu,2026-10-06T01:23,0.46
nereu,2026-10-06T01:24,0.46
nereu,2026-10-06T01:25,0.46
nereu,2026-10-06T01:26,0.46
nereu,2026-10-06T01:27,0.46
nereu,2026-10-06T01:28,0.46
nereu,2026-10-06T01:29,0.46
nereu,2026-10-06T01:30,0.46
nereu,2026-10-06T01:31,0.46
nereu,2026-10-06T01:32,0.46
nereu,2026-10-06T01:33,0.46
nereu,2026-10-06T01:34,0.46
nereu,2026-10-06T01:35,0.46
nereu,2026-10-06T01:36,0.47
nereu,2026-10-06T01:37,0.47
nereu,2026-10-06T01:38,0.47
nereu,2026-10-06T01:39,0.47
nereu,2026-10-06T01:40,0.47
nereu,2026-10-06T01:41,0.47
nereu,2026-10-06T01:42,0.47
nereu,2026-10-06T01:43,0.47
nereu,2026-10-06T01:44,0.47
nereu,2026-10-06T01:45,0.47
nereu,2026-10-06T01:46,0.47
nereu,2026-10-06T01:47,0.47
nereu,2026-10-06T01:48,0.47
nereu,2026-10-06T01:49,0.47
nereu,2026-10-06T01:50,0.47
nereu,2026-10-06T01:51,0.47
nereu,2026-10-06T01:52,0.47
nereu,2026-10-06T01:53,0.48
nereu,2026-10-06T01:54,0.48
nereu,2026-10-06T01:55,0.48
nereu,2026-10-06T01:56,0.48
nereu,2026-10-06T01:57,0.48
nereu,2026-10-06T01:58,0.48
nereu,2026-10-06T01:59,0.48
nereu,2026-10-06T02:00,0.48
nereu,2026-10-06T02:01,0.48
nereu,2026-10-06T02:02,0.48
nereu,2026-10-06T02:03,0.48
nereu,2026-10-06T02:04,0.48
nereu,2026-10-06T02:05,0.48
nereu,2026-10-06T02:06,0.48
nereu,2026-10-06T02:07,0.48
nereu,2026-10-06T02:08,0.48
nereu,2026-10-06T02:09,0.49
nereu,2026-10-06T02:10,0.49
nereu,2026-10-06T02:11,0.48
nereu,2026-10-06T02:12,0.48
nereu,2026-10-06T02:13,0.49
nereu,2026-10-06T02:14,0.49
nereu,2026-10-06T02:15,0.49
nereu,2026-10-06T02:16,0.49
nereu,2026-10-06T02:17,0.49
nereu,2026-10-06T02:18,0.49
nereu,2026-10-06T02:19,0.49
nereu,2026-10-06T02:20,0.49
nereu,2026-10-06T02:21,0.49
nereu,2026-10-06T02:22,0.49
nereu,2026-10-06T02:23,0.49
nereu,2026-10-06T02:24,0.49
nereu,2026-10-06T02:25,0.49
nereu,2026-10-06T02:26,0.49
nereu,2026-10-06T02:27,0.49
nereu,2026-10-06T02:28,0.49
nereu,2026-10-06T02:29,0.49
nereu,2026-10-06T02:30,0.49
nereu,2026-10-06T02:31,0.49
nereu,2026-10-06T02:32,0.49
nereu,2026-10-06T02:33,0.49
nereu,2026-10-06T02:34,0.49
nereu,2026-10-06T02:35,0.5
nereu,2026-10-06T02:36,0.49
nereu,2026-10-06T02:37,0.5
nereu,2026-10-06T02:38,0.49
nereu,2026-10-06T02:39,0.5
nereu,2026-10-06T02:40,0.5
nereu,2026-10-06T02:41,0.5
nereu,2026-10-06T02:42,0.5
nereu,2026-10-06T02:43,0.5
nereu,2026-10-06T02:44,0.5
nereu,2026-10-06T02:45,0.5
nereu,2026-10-06T02:46,0.5
nereu,2026-10-06T02:47,0.5
nereu,2026-10-06T02:48,0.5
nereu,2026-10-06T02:49,0.5
nereu,2026-10-06T02:50,0.5
nereu,2026-10-06T02:51,0.5
nereu,2026-10-06T02:52,0.5
nereu,2026-10-06T02:53,0.5
nereu,2026-10-06T02:54,0.5
nereu,2026-10-06T02:55,0.5
nereu,2026-10-06T02:56,0.5
nereu,2026-10-06T02:57,0.51
nereu,2026-10-06T02:58,0.5
nereu,2026-10-06T02:59,0.5
nereu,2026-10-06T03:00,0.5
nereu,2026-10-06T03:01,0.51
nereu,2026-10-06T03:02,0.51
nereu,2026-10-06T03:03,0.51
nereu,2026-10-06T03:04,0.51
nereu,2026-10-06T03:05,0.51
nereu,2026-10-06T03:06,0.51
nereu,2026-10-06T03:07,0.51
nereu,2026-10-06T03:08,0.51
nereu,2026-10-06T03:09,0.51
nereu,2026-10-06T03:10,0.51
nereu,2026-10-06T03:11,0.51
nereu,2026-10-06T03:12,0.51
nereu,2026-10-06T03:13,0.51
nereu,2026-10-06T03:14,0.51
nereu,2026-10-06T03:15,0.51
nereu,2026-10-06T03:16,0.51
nereu,2026-10-06T03:17,0.51
nereu,2026-10-06T03:18,0.52
nereu,2026-10-06T03:19,0.51
nereu,2026-10-06T03:20,0.52
nereu,2026-10-06T03:21,0.52
nereu,2026-10-06T03:22,0.52
nereu,2026-10-06T03:23,0.52
nereu,2026-10-06T03:24,0.51
nereu,2026-10-06T03:25,0.52
nereu,2026-10-06T03:26,0.52
nereu,2026-10-06T03:27,0.52
nereu,2026-10-06T03:28,0.52
nereu,2026-10-06T03:29,0.52
nereu,2026-10-06T03:30,0.53
nereu,2026-10-06T03:31,0.53
nereu,2026-10-06T03:32,0.52
nereu,2026-10-06T03:33,0.53
nereu,2026-10-06T03:34,0.53
nereu,2026-10-06T03:35,0.53
nereu,2026-10-06T03:36,0.53
nereu,2026-10-06T03:37,0.53
nereu,2026-10-06T03:38,0.53
nereu,2026-10-06T03:39,0.53
nereu,2026-10-06T03:40,0.53
nereu,2026-10-06T03:41,0.53
nereu,2026-10-06T03:42,0.53
nereu,2026-10-06T03:43,0.53
nereu,2026-10-06T03:44,0.53
nereu,2026-10-06T03:45,0.53
nereu,2026-10-06T03:46,0.53
nereu,2026-10-06T03:47,0.53
nereu,2026-10-06T03:48,0.54
nereu,2026-10-06T03:49,0.53
nereu,2026-10-06T03:50,0.53
nereu,2026-10-06T03:51,0.53
nereu,2026-10-06T03:52,0.53
nereu,2026-10-06T03:53,0.53
nereu,2026-10-06T03:54,0.54
nereu,2026-10-06T03:55,0.54
nereu,2026-10-06T03:56,0.53
nereu,2026-10-06T03:57,0.54
nereu,2026-10-06T03:58,0.54
nereu,2026-10-06T03:59,0.54
nereu,2026-10-06T04:00,0.54
nereu,2026-10-06T04:01,0.54
nereu,2026-10-06T04:02,0.54
nereu,2026-10-06T04:03,0.54
nereu,2026-10-06T04:04,0.54
nereu,2026-10-06T04:05,0.54
nereu,2026-10-06T04:06,0.54
nereu,2026-10-06T04:07,0.54
nereu,2026-10-06T04:08,0.54
nereu,2026-10-06T04:09,0.54
nereu,2026-10-06T04:10,0.54
nereu,2026-10-06T04:11,0.54
nereu,2026-10-06T04:12,0.54
nereu,2026-10-06T04:13,0.54
nereu,2026-10-06T04:14,0.54
nereu,2026-10-06T04:15,0.54
nereu,2026-10-06T04:16,0.54
nereu,2026-10-06T04:17,0.54
nereu,2026-10-06T04:18,0.54
nereu,2026-10-06T04:19,0.54
nereu,2026-10-06T04:20,0.54
nereu,2026-10-06T04:21,0.54
nereu,2026-10-06T04:22,0.54
nereu,2026-10-06T04:23,0.54
nereu,2026-10-06T04:24,0.54
nereu,2026-10-06T04:25,0.54
nereu,2026-10-06T04:26,0.54
nereu,2026-10-06T04:27,0.54
nereu,2026-10-06T04:28,0.54
nereu,2026-10-06T04:29,0.55
nereu,2026-10-06T04:30,0.54
nereu,2026-10-06T04:31,0.55
nereu,2026-10-06T04:32,0.54
nereu,2026-10-06T04:33,0.55
nereu,2026-10-06T04:34,0.54
nereu,2026-10-06T04:35,0.54
nereu,2026-10-06T04:36,0.54
nereu,2026-10-06T04:37,0.55
nereu,2026-10-06T04:38,0.55
nereu,2026-10-06T04:39,0.54
nereu,2026-10-06T04:40,0.55
nereu,2026-10-06T04:41,0.55
nereu,2026-10-06T04:42,0.55
nereu,2026-10-06T04:43,0.55
nereu,2026-10-06T04:44,0.54
nereu,2026-10-06T04:45,0.55
nereu,2026-10-06T04:46,0.55
nereu,2026-10-06T04:47,0.55
nereu,2026-10-06T04:48,0.55
nereu,2026-10-06T04:49,0.55
nereu,2026-10-06T04:50,0.55
nereu,2026-10-06T04:51,0.55
nereu,2026-10-06T04:52,0.55
nereu,2026-10-06T04:53,0.55
nereu,2026-10-06T04:54,0.55
nereu,2026-10-06T04:55,0.55
nereu,2026-10-06T04:56,0.55
nereu,2026-10-06T04:57,0.55
nereu,2026-10-06T04:58,0.55
nereu,2026-10-06T04:59,0.55
nereu,2026-10-06T05:00,0.55
nereu,2026-10-06T05:01,0.55
nereu,2026-10-06T05:02,0.55
nereu,2026-10-06T05:03,0.55
nereu,2026-10-06T05:04,0.55
nereu,2026-10-06T05:05,0.55
nereu,2026-10-06T05:06,0.56
nereu,2026-10-06T05:07,0.55
nereu,2026-10-06T05:08,0.55
nereu,2026-10-06T05:09,0.55
nereu,2026-10-06T05:10,0.56
nereu,2026-10-06T05:11,0.56
nereu,2026-10-06T05:12,0.55
nereu,2026-10-06T05:13,0.55
nereu,2026-10-06T05:14,0.56
nereu,2026-10-06T05:15,0.55
nereu,2026-10-06T05:16,0.55
nereu,2026-10-06T05:17,0.56
nereu,2026-10-06T05:18,0.56
nereu,2026-10-06T05:19,0.55
nereu,2026-10-06T05:20,0.56
nereu,2026-10-06T05:21,0.56
nereu,2026-10-06T05:22,0.56
nereu,2026-10-06T05:23,0.56
nereu,2026-10-06T05:24,0.56
nereu,2026-10-06T05:25,0.56
nereu,2026-10-06T05:26,0.56
nereu,2026-10-06T05:27,0.56
nereu,2026-10-06T05:28,0.56
nereu,2026-10-06T05:29,0.56
nereu,2026-10-06T05:30,0.56
nereu,2026-10-06T05:31,0.56
nereu,2026-10-06T05:32,0.56
nereu,2026-10-06T05:33,0.56
nereu,2026-10-06T05:34,0.56
nereu,2026-10-06T05:35,0.56
nereu,2026-10-06T05:36,0.57
nereu,2026-10-06T05:37,0.56
nereu,2026-10-06T05:38,0.56
nereu,2026-10-06T05:39,0.57
nereu,2026-10-06T05:40,0.56
nereu,2026-10-06T05:41,0.57
nereu,2026-10-06T05:42,0.57
nereu,2026-10-06T05:43,0.57
nereu,2026-10-06T05:44,0.57
nereu,2026-10-06T05:45,0.57
nereu,2026-10-06T05:46,0.57
nereu,2026-10-06T05:47,0.57
nereu,2026-10-06T05:48,0.57
nereu,2026-10-06T05:49,0.56
nereu,2026-10-06T05:50,0.57
nereu,2026-10-06T05:51,0.57
nereu,2026-10-06T05:52,0.57
nereu,2026-10-06T05:53,0.57
nereu,2026-10-06T05:54,0.57
nereu,2026-10-06T05:55,0.58
nereu,2026-10-06T05:56,0.57
nereu,2026-10-06T05:57,0.57
nereu,2026-10-06T05:58,0.57
nereu,2026-10-06T05:59,0.57
nereu,2026-10-06T06:00,0.58
nereu,2026-10-06T06:01,0.57
nereu,2026-10-06T06:02,0.58
nereu,2026-10-06T06:03,0.57
nereu,2026-10-06T06:04,0.58
nereu,2026-10-06T06:05,0.58
nereu,2026-10-06T06:06,0.58
nereu,2026-10-06T06:07,0.58
nereu,2026-10-06T06:08,0.58
nereu,2026-10-06T06:09,0.58
nereu,2026-10-06T06:10,0.58
nereu,2026-10-06T06:11,0.58
nereu,2026-10-06T06:12,0.58
nereu,2026-10-06T06:13,0.58
nereu,2026-10-06T06:14,0.58
nereu,2026-10-06T06:15,0.58
nereu,2026-10-06T06:16,0.58
nereu,2026-10-06T06:17,0.58
nereu,2026-10-06T06:18,0.59
nereu,2026-10-06T06:19,0.58
nereu,2026-10-06T06:20,0.59
nereu,2026-10-06T06:21,0.59
nereu,2026-10-06T06:22,0.59
nereu,2026-10-06T06:23,0.59
nereu,2026-10-06T06:24,0.59
nereu,2026-10-06T06:25,0.59
nereu,2026-10-06T06:26,0.59
nereu,2026-10-06T06:27,0.59
nereu,2026-10-06T06:28,0.59
nereu,2026-10-06T06:29,0.59
nereu,2026-10-06T06:30,0.59
nereu,2026-10-06T06:31,0.59
nereu,2026-10-06T06:32,0.59
nereu,2026-10-06T06:33,0.59
nereu,2026-10-06T06:34,0.59
nereu,2026-10-06T06:35,0.6
nereu,2026-10-06T06:36,0.6
nereu,2026-10-06T06:37,0.59
nereu,2026-10-06T06:38,0.59
nereu,2026-10-06T06:39,0.59
nereu,2026-10-06T06:40,0.6
nereu,2026-10-06T06:41,0.6
nereu,2026-10-06T06:42,0.59
nereu,2026-10-06T06:43,0.6
nereu,2026-10-06T06:44,0.6
nereu,2026-10-06T06:45,0.6
nereu,2026-10-06T06:46,0.6
nereu,2026-10-06T06:47,0.6
nereu,2026-10-06T06:48,0.6
nereu,2026-10-06T06:49,0.61
nereu,2026-10-06T06:50,0.6
nereu,2026-10-06T06:51,0.6
nereu,2026-10-06T06:52,0.61
nereu,2026-10-06T06:53,0.61
nereu,2026-10-06T06:54,0.61
nereu,2026-10-06T06:55,0.61
nereu,2026-10-06T06:56,0.61
nereu,2026-10-06T06:57,0.61
nereu,2026-10-06T06:58,0.61
nereu,2026-10-06T06:59,0.62
nereu,2026-10-06T07:00,0.61
nereu,2026-10-06T07:01,0.62
nereu,2026-10-06T07:02,0.62
nereu,2026-10-06T07:03,0.62
nereu,2026-10-06T07:04,0.62
nereu,2026-10-06T07:05,0.62
nereu,2026-10-06T07:06,0.62
nereu,2026-10-06T07:07,0.62
nereu,2026-10-06T07:08,0.62
nereu,2026-10-06T07:09,0.62
nereu,2026-10-06T07:10,0.62
nereu,2026-10-06T07:11,0.63
nereu,2026-10-06T07:12,0.63
nereu,2026-10-06T07:13,0.63
nereu,2026-10-06T07:14,0.63
nereu,2026-10-06T07:15,0.63
nereu,2026-10-06T07:16,0.63
nereu,2026-10-06T07:17,0.63
nereu,2026-10-06T07:18,0.63
nereu,2026-10-06T07:19,0.63
nereu,2026-10-06T07:20,0.63
nereu,2026-10-06T07:21,0.64
nereu,2026-10-06T07:22,0.63
nereu,2026-10-06T07:23,0.64
nereu,2026-10-06T07:24,0.64
nereu,2026-10-06T07:25,0.64
nereu,2026-10-06T07:26,0.64
nereu,2026-10-06T07:27,0.64
nereu,2026-10-06T07:28,0.64
nereu,2026-10-06T07:29,0.65
nereu,2026-10-06T07:30,0.64
nereu,2026-10-06T07:31,0.65
nereu,2026-10-06T07:32,0.65
nereu,2026-10-06T07:33,0.65
nereu,2026-10-06T07:34,0.65
nereu,2026-10-06T07:35,0.65
nereu,2026-10-06T07:36,0.66
nereu,2026-10-06T07:37,0.65
nereu,2026-10-06T07:38,0.66
nereu,2026-10-06T07:39,0.66
nereu,2026-10-06T07:40,0.66
nereu,2026-10-06T07:41,0.66
nereu,2026-10-06T07:42,0.66
nereu,2026-10-06T07:43,0.66
nereu,2026-10-06T07:44,0.67
nereu,2026-10-06T07:45,0.67
nereu,2026-10-06T07:46,0.67
nereu,2026-10-06T07:47,0.67
nereu,2026-10-06T07:48,0.68
nereu,2026-10-06T07:49,0.67
nereu,2026-10-06T07:50,0.68
nereu,2026-10-06T07:51,0.68
nereu,2026-10-06T07:52,0.68
nereu,2026-10-06T07:53,0.68
nereu,2026-10-06T07:54,0.68
nereu,2026-10-06T07:55,0.68
nereu,2026-10-06T07:56,0.69
nereu,2026-10-06T07:57,0.69
nereu,2026-10-06T07:58,0.69
nereu,2026-10-06T07:59,0.69
nereu,2026-10-06T08:00,0.69
nereu,2026-10-06T08:01,0.7
nereu,2026-10-06T08:02,0.7
nereu,2026-10-06T08:03,0.7
nereu,2026-10-06T08:04,0.7
nereu,2026-10-06T08:05,0.71
nereu,2026-10-06T08:06,0.71
nereu,2026-10-06T08:07,0.71
nereu,2026-10-06T08:08,0.71
nereu,2026-10-06T08:09,0.72
nereu,2026-10-06T08:10,0.72
nereu,2026-10-06T08:11,0.72
nereu,2026-10-06T08:12,0.72
nereu,2026-10-06T08:13,0.72
nereu,2026-10-06T08:14,0.72
nereu,2026-10-06T08:15,0.72
nereu,2026-10-06T08:16,0.72
nereu,2026-10-06T08:17,0.72
nereu,2026-10-06T08:18,0.72
nereu,2026-10-06T08:19,0.72
nereu,2026-10-06T08:20,0.72
nereu,2026-10-06T08:21,0.72
nereu,2026-10-06T08:22,0.72
nereu,2026-10-06T08:23,0.72
nereu,2026-10-06T08:24,0.72
nereu,2026-10-06T08:25,0.72
nereu,2026-10-06T08:26,0.72
nereu,2026-10-06T08:27,0.72
nereu,2026-10-06T08:28,0.72
nereu,2026-10-06T08:29,0.72
nereu,2026-10-06T08:30,0.72
nereu,2026-10-06T08:31,0.72
nereu,2026-10-06T08:32,0.72
nereu,2026-10-06T08:33,0.72
nereu,2026-10-06T08:34,0.72
nereu,2026-10-06T08:35,0.72
nereu,2026-10-06T08:36,0.72
nereu,2026-10-06T08:37,0.72
nereu,2026-10-06T08:38,0.72
nereu,2026-10-06T08:39,0.72
nereu,2026-10-06T08:40,0.72
nereu,2026-10-06T08:41,0.72
nereu,2026-10-06T08:42,0.72
nereu,2026-10-06T08:43,0.72
nereu,2026-10-06T08:44,0.72
nereu,2026-10-06T08:45,0.72
nereu,2026-10-06T08:46,0.72
nereu,2026-10-06T08:47,0.72
nereu,2026-10-06T08:48,0.72
nereu,2026-10-06T08:49,0.72
nereu,2026-10-06T08:50,0.72
nereu,2026-10-06T08:51,0.72
nereu,2026-10-06T08:52,0.72
nereu,2026-10-06T08:53,0.72
nereu,2026-10-06T08:54,0.72
nereu,2026-10-06T08:55,0.72
nereu,2026-10-06T08:56,0.72
nereu,2026-10-06T08:57,0.72
nereu,2026-10-06T08:58,0.72
nereu,2026-10-06T08:59,0.72
nereu,2026-10-06T09:00,0.72
nereu,2026-10-06T09:01,0.72
nereu,2026-10-06T09:02,0.72
nereu,2026-10-06T09:03,0.72
nereu,2026-10-06T09:04,0.72
nereu,2026-10-06T09:05,0.72
nereu,2026-10-06T09:06,0.72
nereu,2026-10-06T09:07,0.72
nereu,2026-10-06T09:08,0.72
nereu,2026-10-06T09:09,0.72
nereu,2026-10-06T09:10,0.72
nereu,2026-10-06T09:11,0.72
nereu,2026-10-06T09:12,0.72
nereu,2026-10-06T09:13,0.72
nereu,2026-10-06T09:14,0.72
nereu,2026-10-06T09:15,0.72
nereu,2026-10-06T09:16,0.72
nereu,2026-10-06T09:17,0.72
nereu,2026-10-06T09:18,0.72
nereu,2026-10-06T09:19,0.72
nereu,2026-10-06T09:20,0.72
nereu,2026-10-06T09:21,0.72
nereu,2026-10-06T09:22,1.17
nereu,2026-10-06T09:23,1.18
nereu,2026-10-06T09:24,1.2
nereu,2026-10-06T09:25,1.22
nereu,2026-10-06T09:26,1.23
nereu,2026-10-06T09:27,1.25
nereu,2026-10-06T09:28,1.27
nereu,2026-10-06T09:29,1.28
nereu,2026-10-06T09:30,1.29
nereu,2026-10-06T09:31,1.3
nereu,2026-10-06T09:32,1.33
nereu,2026-10-06T09:33,1.35
nereu,2026-10-06T09:34,1.37
nereu,2026-10-06T09:35,1.38
nereu,2026-10-06T09:36,1.39
nereu,2026-10-06T09:37,1.43
nereu,2026-10-06T09:38,1.44
nereu,2026-10-06T09:39,1.45
nereu,2026-10-06T09:40,1.49
nereu,2026-10-06T09:41,1.5
nereu,2026-10-06T09:42,1.52
nereu,2026-10-06T09:43,1.53
nereu,2026-10-06T09:44,1.55
nereu,2026-10-06T09:45,1.57
nereu,2026-10-06T09:46,1.59
nereu,2026-10-06T09:47,1.61
nereu,2026-10-06T09:48,1.63
nereu,2026-10-06T09:49,1.65
nereu,2026-10-06T09:50,1.67
nereu,2026-10-06T09:51,1.69
nereu,2026-10-06T09:52,1.71
nereu,2026-10-06T09:53,1.72
nereu,2026-10-06T09:54,1.74
nereu,2026-10-06T09:55,1.77
nereu,2026-10-06T09:56,1.79
nereu,2026-10-06T09:57,1.79
nereu,2026-10-06T09:58,1.83
nereu,2026-10-06T09:59,1.85
nereu,2026-10-06T10:00,1.86
nereu,2026-10-06T10:01,1.89
nereu,2026-10-06T10:02,1.9
nereu,2026-10-06T10:03,1.93
nereu,2026-10-06T10:04,1.95
nereu,2026-10-06T10:05,1.98
nereu,2026-10-06T10:06,2.01
nereu,2026-10-06T10:07,2.02
nereu,2026-10-06T10:08,2.04
nereu,2026-10-06T10:09,2.05
nereu,2026-10-06T10:10,2.07
nereu,2026-10-06T10:11,2.09
nereu,2026-10-06T10:12,2.11
nereu,2026-10-06T10:13,2.14
nereu,2026-10-06T10:14,2.16
nereu,2026-10-06T10:15,2.17
nereu,2026-10-06T10:16,2.19
nereu,2026-10-06T10:17,2.2
nereu,2026-10-06T10:18,2.22
nereu,2026-10-06T10:19,2.24
nereu,2026-10-06T10:20,2.24
nereu,2026-10-06T10:21,2.26
nereu,2026-10-06T10:22,2.28
nereu,2026-10-06T10:23,2.3
nereu,2026-10-06T10:24,2.31
nereu,2026-10-06T10:25,2.33
nereu,2026-10-06T10:26,2.35
nereu,2026-10-06T10:27,2.36
nereu,2026-10-06T10:28,2.38
nereu,2026-10-06T10:29,2.39
nereu,2026-10-06T10:30,2.4
nereu,2026-10-06T10:31,2.42
nereu,2026-10-06T10:32,2.44
nereu,2026-10-06T10:33,2.45
nereu,2026-10-06T10:34,2.46
nereu,2026-10-06T10:35,2.47
nereu,2026-10-06T10:36,2.48
nereu,2026-10-06T10:37,2.49
nereu,2026-10-06T10:38,2.51
nereu,2026-10-06T10:39,2.52
nereu,2026-10-06T10:40,2.53
nereu,2026-10-06T10:41,2.55
nereu,2026-10-06T10:42,2.55
nereu,2026-10-06T10:43,2.57
nereu,2026-10-06T10:44,2.58
nereu,2026-10-06T10:45,2.58
nereu,2026-10-06T10:46,2.6
nereu,2026-10-06T10:47,2.61
nereu,2026-10-06T10:48,2.62
nereu,2026-10-06T10:49,2.63
nereu,2026-10-06T10:50,2.64
nereu,2026-10-06T10:51,2.65
nereu,2026-10-06T10:52,2.65
nereu,2026-10-06T10:53,2.67
nereu,2026-10-06T10:54,2.67
nereu,2026-10-06T10:55,2.68
nereu,2026-10-06T10:56,2.69
nereu,2026-10-06T10:57,2.69
nereu,2026-10-06T10:58,2.7
nereu,2026-10-06T10:59,2.71
nereu,2026-10-06T11:00,2.72
nereu,2026-10-06T11:01,2.73
nereu,2026-10-06T11:02,2.74
nereu,2026-10-06T11:03,2.74
nereu,2026-10-06T11:04,2.76
nereu,2026-10-06T11:05,2.76
nereu,2026-10-06T11:06,2.77
nereu,2026-10-06T11:07,2.77
nereu,2026-10-06T11:08,2.78
nereu,2026-10-06T11:09,2.79
nereu,2026-10-06T11:10,2.79
nereu,2026-10-06T11:11,2.8
nereu,2026-10-06T11:12,2.82
nereu,2026-10-06T11:13,2.81
nereu,2026-10-06T11:14,2.83
nereu,2026-10-06T11:15,2.83
nereu,2026-10-06T11:16,2.83
nereu,2026-10-06T11:17,2.85
nereu,2026-10-06T11:18,2.85
nereu,2026-10-06T11:19,2.86
nereu,2026-10-06T11:20,2.86
nereu,2026-10-06T11:21,2.86
nereu,2026-10-06T11:22,2.87
nereu,2026-10-06T11:23,2.87
nereu,2026-10-06T11:24,2.88
nereu,2026-10-06T11:25,2.89
nereu,2026-10-06T11:26,2.89
nereu,2026-10-06T11:27,2.89
nereu,2026-10-06T11:28,2.9
nereu,2026-10-06T11:29,2.91
nereu,2026-10-06T11:30,2.91
nereu,2026-10-06T11:31,2.92
nereu,2026-10-06T11:32,2.92
nereu,2026-10-06T11:33,2.91
nereu,2026-10-06T11:34,2.93
nereu,2026-10-06T11:35,2.92
nereu,2026-10-06T11:36,2.93
nereu,2026-10-06T11:37,2.94
nereu,2026-10-06T11:38,2.94
nereu,2026-10-06T11:39,2.95
nereu,2026-10-06T11:40,2.95
nereu,2026-10-06T11:41,2.96
nereu,2026-10-06T11:42,2.97
nereu,2026-10-06T11:43,2.97
nereu,2026-10-06T11:44,2.97
nereu,2026-10-06T11:45,2.97
nereu,2026-10-06T11:46,2.98
nereu,2026-10-06T11:47,2.98
nereu,2026-10-06T11:48,2.99
nereu,2026-10-06T11:49,2.99
nereu,2026-10-06T11:50,2.99
nereu,2026-10-06T11:51,2.99
nereu,2026-10-06T11:52,3.01
nereu,2026-10-06T11:53,3
nereu,2026-10-06T11:54,3.01
nereu,2026-10-06T11:55,3.01
nereu,2026-10-06T11:56,3.02
nereu,2026-10-06T11:57,3.01
nereu,2026-10-06T11:58,3.02
nereu,2026-10-06T11:59,3.02
nereu,2026-10-06T12:00,3.02
nereu,2026-10-06T12:01,3.04
nereu,2026-10-06T12:02,3.03
nereu,2026-10-06T12:03,3.04
nereu,2026-10-06T12:04,3.04
nereu,2026-10-06T12:05,3.04
nereu,2026-10-06T12:06,3.04
nereu,2026-10-06T12:07,3.06
nereu,2026-10-06T12:08,3.04
nereu,2026-10-06T12:09,3.05
nereu,2026-10-06T12:10,3.06
nereu,2026-10-06T12:11,3.07
nereu,2026-10-06T12:12,3.07
nereu,2026-10-06T12:13,3.06
nereu,2026-10-06T12:14,3.07
nereu,2026-10-06T12:15,3.07
nereu,2026-10-06T12:16,3.07
nereu,2026-10-06T12:17,3.07
nereu,2026-10-06T12:18,3.08
nereu,2026-10-06T12:19,3.08
nereu,2026-10-06T12:20,3.08
nereu,2026-10-06T12:21,3.1
nereu,2026-10-06T12:22,3.09
nereu,2026-10-06T12:23,3.1
nereu,2026-10-06T12:24,3.1
nereu,2026-10-06T12:25,3.09
nereu,2026-10-06T12:26,3.11
nereu,2026-10-06T12:27,3.11
nereu,2026-10-06T12:28,3.11
nereu,2026-10-06T12:29,3.12
nereu,2026-10-06T12:30,3.12
nereu,2026-10-06T12:31,3.12
nereu,2026-10-06T12:32,3.11
nereu,2026-10-06T12:33,3.13
nereu,2026-10-06T12:34,3.12
nereu,2026-10-06T12:35,3.13
nereu,2026-10-06T12:36,3.13
nereu,2026-10-06T12:37,3.13
nereu,2026-10-06T12:38,3.13
nereu,2026-10-06T12:39,3.14
nereu,2026-10-06T12:40,3.13
nereu,2026-10-06T12:41,3.15
nereu,2026-10-06T12:42,3.14
nereu,2026-10-06T12:43,3.14
nereu,2026-10-06T12:44,3.15
nereu,2026-10-06T12:45,3.16
nereu,2026-10-06T12:46,3.16
nereu,2026-10-06T12:47,3.17
nereu,2026-10-06T12:48,3.15
nereu,2026-10-06T12:49,3.17
nereu,2026-10-06T12:50,3.17
nereu,2026-10-06T12:51,3.18
nereu,2026-10-06T12:52,3.18
nereu,2026-10-06T12:53,3.17
nereu,2026-10-06T12:54,3.17
nereu,2026-10-06T12:55,3.17
nereu,2026-10-06T12:56,3.18
nereu,2026-10-06T12:57,3.18
nereu,2026-10-06T12:58,3.2
nereu,2026-10-06T12:59,3.19
nereu,2026-10-06T13:00,3.2
nereu,2026-10-06T13:01,3.19
nereu,2026-10-06T13:02,3.2
nereu,2026-10-06T13:03,3.2
nereu,2026-10-06T13:04,3.2
nereu,2026-10-06T13:05,3.19
nereu,2026-10-06T13:06,3.2
nereu,2026-10-06T13:07,3.21
nereu,2026-10-06T13:08,3.2
nereu,2026-10-06T13:09,3.22
nereu,2026-10-06T13:10,3.21
nereu,2026-10-06T13:11,3.22
nereu,2026-10-06T13:12,3.23
nereu,2026-10-06T13:13,3.23
nereu,2026-10-06T13:14,3.22
nereu,2026-10-06T13:15,3.23
nereu,2026-10-06T13:16,3.23
nereu,2026-10-06T13:17,3.22
nereu,2026-10-06T13:18,3.24
nereu,2026-10-06T13:19,3.24
nereu,2026-10-06T13:20,3.25
nereu,2026-10-06T13:21,3.25
nereu,2026-10-06T13:22,3.24
nereu,2026-10-06T13:23,3.25
nereu,2026-10-06T13:24,3.25
nereu,2026-10-06T13:25,3.27
nereu,2026-10-06T13:26,3.26
nereu,2026-10-06T13:27,3.24
nereu,2026-10-06T13:28,3.26
nereu,2026-10-06T13:29,3.27
nereu,2026-10-06T13:30,3.26
nereu,2026-10-06T13:31,3.27
nereu,2026-10-06T13:32,3.27
nereu,2026-10-06T13:33,3.26
nereu,2026-10-06T13:34,3.26
nereu,2026-10-06T13:35,3.27
nereu,2026-10-06T13:36,3.27
nereu,2026-10-06T13:37,3.28
nereu,2026-10-06T13:38,3.27
nereu,2026-10-06T13:39,3.28
nereu,2026-10-06T13:40,3.29
nereu,2026-10-06T13:41,3.29
nereu,2026-10-06T13:42,3.29
nereu,2026-10-06T13:43,3.29
nereu,2026-10-06T13:44,3.29
nereu,2026-10-06T13:45,3.3
nereu,2026-10-06T13:46,3.29
nereu,2026-10-06T13:47,3.3
nereu,2026-10-06T13:48,3.3
nereu,2026-10-06T13:49,3.3
nereu,2026-10-06T13:50,3.3
nereu,2026-10-06T13:51,3.3
nereu,2026-10-06T13:52,3.31
nereu,2026-10-06T13:53,3.3
nereu,2026-10-06T13:54,3.3
nereu,2026-10-06T13:55,3.3
nereu,2026-10-06T13:56,3.31
nereu,2026-10-06T13:57,3.32
nereu,2026-10-06T13:58,3.31
nereu,2026-10-06T13:59,3.31
nereu,2026-10-06T14:00,3.3
nereu,2026-10-06T14:01,3.31
nereu,2026-10-06T14:02,3.31
nereu,2026-10-06T14:03,3.31
nereu,2026-10-06T14:04,3.31
nereu,2026-10-06T14:05,3.32
nereu,2026-10-06T14:06,3.32
nereu,2026-10-06T14:07,3.31
nereu,2026-10-06T14:08,3.32
nereu,2026-10-06T14:09,3.32
nereu,2026-10-06T14:10,3.33
nereu,2026-10-06T14:11,3.32
nereu,2026-10-06T14:12,3.32
nereu,2026-10-06T14:13,3.32
nereu,2026-10-06T14:14,3.33
nereu,2026-10-06T14:15,3.32
nereu,2026-10-06T14:16,3.32
nereu,2026-10-06T14:17,3.32
nereu,2026-10-06T14:18,3.32
nereu,2026-10-06T14:19,3.32
nereu,2026-10-06T14:20,3.33
nereu,2026-10-06T14:21,3.31
nereu,2026-10-06T14:22,3.32
nereu,2026-10-06T14:23,3.31
nereu,2026-10-06T14:24,3.32
nereu,2026-10-06T14:25,3.33
nereu,2026-10-06T14:26,3.32
nereu,2026-10-06T14:27,3.32
nereu,2026-10-06T14:28,3.32
nereu,2026-10-06T14:29,3.33
nereu,2026-10-06T14:30,3.33
nereu,2026-10-06T14:31,3.33
nereu,2026-10-06T14:32,3.33
nereu,2026-10-06T14:33,3.32
nereu,2026-10-06T14:34,3.34
nereu,2026-10-06T14:35,3.32
nereu,2026-10-06T14:36,3.33
nereu,2026-10-06T14:37,3.33
nereu,2026-10-06T14:38,3.32
nereu,2026-10-06T14:39,3.33
nereu,2026-10-06T14:40,3.33
nereu,2026-10-06T14:41,3.33
nereu,2026-10-06T14:42,3.33
nereu,2026-10-06T14:43,3.33
nereu,2026-10-06T14:44,3.33
nereu,2026-10-06T14:45,3.34
nereu,2026-10-06T14:46,3.34
nereu,2026-10-06T14:47,3.33
nereu,2026-10-06T14:48,3.33
nereu,2026-10-06T14:49,3.34
nereu,2026-10-06T14:50,3.33
nereu,2026-10-06T14:51,3.33
nereu,2026-10-06T14:52,3.32
nereu,2026-10-06T14:53,3.33
nereu,2026-10-06T14:54,3.33
nereu,2026-10-06T14:55,3.34
nereu,2026-10-06T14:56,3.34
nereu,2026-10-06T14:57,3.34
nereu,2026-10-06T14:58,3.34
nereu,2026-10-06T14:59,3.33
nereu,2026-10-06T15:00,3.34
nereu,2026-10-06T15:01,3.33
nereu,2026-10-06T15:02,3.34
nereu,2026-10-06T15:03,3.34
nereu,2026-10-06T15:04,3.34
nereu,2026-10-06T15:05,3.33
nereu,2026-10-06T15:06,3.33
nereu,2026-10-06T15:07,3.34
nereu,2026-10-06T15:08,3.34
nereu,2026-10-06T15:09,3.34
nereu,2026-10-06T15:10,3.32
nereu,2026-10-06T15:11,3.32
nereu,2026-10-06T15:12,3.31
nereu,2026-10-06T15:13,3.32
nereu,2026-10-06T15:14,3.32
nereu,2026-10-06T15:15,3.32
nereu,2026-10-06T15:16,3.32
nereu,2026-10-06T15:17,3.32
nereu,2026-10-06T15:18,3.32
nereu,2026-10-06T15:19,3.32
nereu,2026-10-06T15:20,3.31
nereu,2026-10-06T15:21,3.31
nereu,2026-10-06T15:22,3.31
nereu,2026-10-06T15:23,3.31
nereu,2026-10-06T15:24,3.33
nereu,2026-10-06T15:25,3.31
nereu,2026-10-06T15:26,3.31
nereu,2026-10-06T15:27,3.3
nereu,2026-10-06T15:28,3.3
nereu,2026-10-06T15:29,3.3
nereu,2026-10-06T15:30,3.3
nereu,2026-10-06T15:31,3.29
nereu,2026-10-06T15:32,3.3
nereu,2026-10-06T15:33,3.3
nereu,2026-10-06T15:34,3.3
nereu,2026-10-06T15:35,3.3
nereu,2026-10-06T15:36,3.3
nereu,2026-10-06T15:37,3.3
nereu,2026-10-06T15:38,3.29
nereu,2026-10-06T15:39,3.3
nereu,2026-10-06T15:40,3.29
nereu,2026-10-06T15:41,3.29
nereu,2026-10-06T15:42,3.29
nereu,2026-10-06T15:43,3.29
nereu,2026-10-06T15:44,3.28
nereu,2026-10-06T15:45,3.28
nereu,2026-10-06T15:46,3.29
nereu,2026-10-06T15:47,3.27
nereu,2026-10-06T15:48,3.29
nereu,2026-10-06T15:49,3.28
nereu,2026-10-06T15:50,3.27
nereu,2026-10-06T15:51,3.27
nereu,2026-10-06T15:52,3.27
nereu,2026-10-06T15:53,3.27
nereu,2026-10-06T15:54,3.25
nereu,2026-10-06T15:55,3.25
nereu,2026-10-06T15:56,3.24
nereu,2026-10-06T15:57,3.25
nereu,2026-10-06T15:58,3.25
nereu,2026-10-06T15:59,3.26
nereu,2026-10-06T16:00,3.26
nereu,2026-10-06T16:01,3.24
nereu,2026-10-06T16:02,3.26
nereu,2026-10-06T16:03,3.25
nereu,2026-10-06T16:04,3.25
nereu,2026-10-06T16:05,3.26
nereu,2026-10-06T16:06,3.25
nereu,2026-10-06T16:07,3.25
nereu,2026-10-06T16:08,3.25
nereu,2026-10-06T16:09,3.24
nereu,2026-10-06T16:10,3.25
nereu,2026-10-06T16:11,3.24
nereu,2026-10-06T16:12,3.25
nereu,2026-10-06T16:13,3.25
nereu,2026-10-06T16:14,3.24
nereu,2026-10-06T16:15,3.25
nereu,2026-10-06T16:16,3.24
nereu,2026-10-06T16:17,3.24
nereu,2026-10-06T16:18,3.24
nereu,2026-10-06T16:19,3.24
nereu,2026-10-06T16:20,3.23
nereu,2026-10-06T16:21,3.23
nereu,2026-10-06T16:22,3.24
nereu,2026-10-06T16:23,3.23
nereu,2026-10-06T16:24,3.22
nereu,2026-10-06T16:25,3.23
nereu,2026-10-06T16:26,3.22
nereu,2026-10-06T16:27,3.24
nereu,2026-10-06T16:28,3.23
nereu,2026-10-06T16:29,3.22
nereu,2026-10-06T16:30,3.23
nereu,2026-10-06T16:31,3.21
nereu,2026-10-06T16:32,3.22
nereu,2026-10-06T16:33,3.21
nereu,2026-10-06T16:34,3.22
nereu,2026-10-06T16:35,3.21
nereu,2026-10-06T16:36,3.22
nereu,2026-10-06T16:37,3.21
nereu,2026-10-06T16:38,3.2
nereu,2026-10-06T16:39,3.2
nereu,2026-10-06T16:40,3.2
nereu,2026-10-06T16:41,3.21
nereu,2026-10-06T16:42,3.2
nereu,2026-10-06T16:43,3.2
nereu,2026-10-06T16:44,3.2
nereu,2026-10-06T16:45,3.2
nereu,2026-10-06T16:46,3.21
nereu,2026-10-06T16:47,3.2
nereu,2026-10-06T16:48,3.19
nereu,2026-10-06T16:49,3.2
nereu,2026-10-06T16:50,3.19
nereu,2026-10-06T16:51,3.19
nereu,2026-10-06T16:52,3.17
nereu,2026-10-06T16:53,3.19
nereu,2026-10-06T16:54,3.19
nereu,2026-10-06T16:55,3.18
nereu,2026-10-06T16:56,3.19
nereu,2026-10-06T16:57,3.19
nereu,2026-10-06T16:58,3.2
nereu,2026-10-06T16:59,3.19
nereu,2026-10-06T17:00,3.18
nereu,2026-10-06T17:01,3.19
nereu,2026-10-06T17:02,3.19
nereu,2026-10-06T17:03,3.18
nereu,2026-10-06T17:04,3.19
nereu,2026-10-06T17:05,3.18
nereu,2026-10-06T17:06,3.19
nereu,2026-10-06T17:07,3.19
nereu,2026-10-06T17:08,3.19
nereu,2026-10-06T17:09,3.2
nereu,2026-10-06T17:10,3.19
nereu,2026-10-06T17:11,3.19
nereu,2026-10-06T17:12,3.18
nereu,2026-10-06T17:13,3.19
nereu,2026-10-06T17:14,3.18
nereu,2026-10-06T17:15,3.19
nereu,2026-10-06T17:16,3.18
nereu,2026-10-06T17:17,3.18
nereu,2026-10-06T17:18,3.19
nereu,2026-10-06T17:19,3.2
nereu,2026-10-06T17:20,3.18
nereu,2026-10-06T17:21,3.19
nereu,2026-10-06T17:22,3.19
nereu,2026-10-06T17:23,3.19
nereu,2026-10-06T17:24,3.19
nereu,2026-10-06T17:25,3.19
nereu,2026-10-06T17:26,3.2
nereu,2026-10-06T17:27,3.2
nereu,2026-10-06T17:28,3.2
nereu,2026-10-06T17:29,3.19
nereu,2026-10-06T17:30,3.19
nereu,2026-10-06T17:31,3.2
nereu,2026-10-06T17:32,3.19
nereu,2026-10-06T17:33,3.2
nereu,2026-10-06T17:34,3.19
nereu,2026-10-06T17:35,3.19
nereu,2026-10-06T17:36,3.19
nereu,2026-10-06T17:37,3.19
nereu,2026-10-06T17:38,3.18
nereu,2026-10-06T17:39,3.19
nereu,2026-10-06T17:40,3.19
nereu,2026-10-06T17:41,3.2
nereu,2026-10-06T17:42,3.2
nereu,2026-10-06T17:43,3.19
nereu,2026-10-06T17:44,3.19
nereu,2026-10-06T17:45,3.19
nereu,2026-10-06T17:46,3.19
nereu,2026-10-06T17:47,3.2
nereu,2026-10-06T17:48,3.19
nereu,2026-10-06T17:49,3.2
nereu,2026-10-06T17:50,3.19
nereu,2026-10-06T17:51,3.19
nereu,2026-10-06T17:52,3.19
nereu,2026-10-06T17:53,3.2
nereu,2026-10-06T17:54,3.2
nereu,2026-10-06T17:55,3.21
nereu,2026-10-06T17:56,3.21
nereu,2026-10-06T17:57,3.2
nereu,2026-10-06T17:58,3.2
nereu,2026-10-06T17:59,3.2
nereu,2026-10-06T18:00,3.2
nereu,2026-10-06T18:01,3.2
nereu,2026-10-06T18:02,3.19
nereu,2026-10-06T18:03,3.21
nereu,2026-10-06T18:04,3.21
nereu,2026-10-06T18:05,3.21
nereu,2026-10-06T18:06,3.21
nereu,2026-10-06T18:07,3.21
nereu,2026-10-06T18:08,3.21
nereu,2026-10-06T18:09,3.21
nereu,2026-10-06T18:10,3.21
nereu,2026-10-06T18:11,3.21
nereu,2026-10-06T18:12,3.22
nereu,2026-10-06T18:13,3.22
nereu,2026-10-06T18:14,3.22
nereu,2026-10-06T18:15,3.22
nereu,2026-10-06T18:16,3.23
nereu,2026-10-06T18:17,3.23
nereu,2026-10-06T18:18,3.22
nereu,2026-10-06T18:19,3.23
nereu,2026-10-06T18:20,3.22
nereu,2026-10-06T18:21,3.23
nereu,2026-10-06T18:22,3.22
nereu,2026-10-06T18:23,3.22
nereu,2026-10-06T18:24,3.23
nereu,2026-10-06T18:25,3.23
nereu,2026-10-06T18:26,3.24
nereu,2026-10-06T18:27,3.24
nereu,2026-10-06T18:28,3.24
nereu,2026-10-06T18:29,3.23
nereu,2026-10-06T18:30,3.24
nereu,2026-10-06T18:31,3.23
nereu,2026-10-06T18:32,3.24
nereu,2026-10-06T18:33,3.24
nereu,2026-10-06T18:34,3.24
nereu,2026-10-06T18:35,3.24
nereu,2026-10-06T18:36,3.24
nereu,2026-10-06T18:37,3.23
nereu,2026-10-06T18:38,3.25
nereu,2026-10-06T18:39,3.24
nereu,2026-10-06T18:40,3.24
nereu,2026-10-06T18:41,3.25
nereu,2026-10-06T18:42,3.25
nereu,2026-10-06T18:43,3.24
nereu,2026-10-06T18:44,3.25
nereu,2026-10-06T18:45,3.25
nereu,2026-10-06T18:46,3.24
nereu,2026-10-06T18:47,3.25
nereu,2026-10-06T18:48,3.25
nereu,2026-10-06T18:49,3.25
nereu,2026-10-06T18:50,3.25
nereu,2026-10-06T18:51,3.25
nereu,2026-10-06T18:52,3.26
nereu,2026-10-06T18:53,3.26
nereu,2026-10-06T18:54,3.25
nereu,2026-10-06T18:55,3.27
nereu,2026-10-06T18:56,3.26
nereu,2026-10-06T18:57,3.27
nereu,2026-10-06T18:58,3.25
nereu,2026-10-06T18:59,3.26
nereu,2026-10-06T19:00,3.26
nereu,2026-10-06T19:01,3.26
nereu,2026-10-06T19:02,3.27
nereu,2026-10-06T19:03,3.27
nereu,2026-10-06T19:04,3.29
nereu,2026-10-06T19:05,3.28
nereu,2026-10-06T19:06,3.28
nereu,2026-10-06T19:07,3.27
nereu,2026-10-06T19:08,3.26
nereu,2026-10-06T19:09,3.28
nereu,2026-10-06T19:10,3.28
nereu,2026-10-06T19:11,3.29
nereu,2026-10-06T19:12,3.28
nereu,2026-10-06T19:13,3.28
nereu,2026-10-06T19:14,3.28
nereu,2026-10-06T19:15,3.28
nereu,2026-10-06T19:16,3.29
nereu,2026-10-06T19:17,3.28
nereu,2026-10-06T19:18,3.29
nereu,2026-10-06T19:19,3.3
nereu,2026-10-06T19:20,3.3
nereu,2026-10-06T19:21,3.29
nereu,2026-10-06T19:22,3.29
nereu,2026-10-06T19:23,3.29
nereu,2026-10-06T19:24,3.3
nereu,2026-10-06T19:25,3.29
eta,2026-10-05T22:26,0.61
eta,2026-10-05T22:27,0.61
eta,2026-10-05T22:28,0.62
eta,2026-10-05T22:29,0.61
eta,2026-10-05T22:30,0.62
eta,2026-10-05T22:31,0.61
eta,2026-10-05T22:32,0.62
eta,2026-10-05T22:33,0.61
eta,2026-10-05T22:34,0.62
eta,2026-10-05T22:35,0.62
eta,2026-10-05T22:36,0.63
eta,2026-10-05T22:37,0.62
eta,2026-10-05T22:38,0.61
eta,2026-10-05T22:39,0.62
eta,2026-10-05T22:40,0.62
eta,2026-10-05T22:41,0.63
eta,2026-10-05T22:42,0.62
eta,2026-10-05T22:43,0.63
eta,2026-10-05T22:44,0.63
eta,2026-10-05T22:45,0.63
eta,2026-10-05T22:46,0.63
eta,2026-10-05T22:47,0.63
eta,2026-10-05T22:48,0.63
eta,2026-10-05T22:49,0.63
eta,2026-10-05T22:50,0.63
eta,2026-10-05T22:51,0.62
eta,2026-10-05T22:52,0.63
eta,2026-10-05T22:53,0.64
eta,2026-10-05T22:54,0.64
eta,2026-10-05T22:55,0.62
eta,2026-10-05T22:56,0.63
eta,2026-10-05T22:57,0.63
eta,2026-10-05T22:58,0.63
eta,2026-10-05T22:59,0.63
eta,2026-10-05T23:00,0.63
eta,2026-10-05T23:01,0.64
eta,2026-10-05T23:02,0.64
eta,2026-10-05T23:03,0.64
eta,2026-10-05T23:04,0.64
eta,2026-10-05T23:05,0.64
eta,2026-10-05T23:06,0.64
eta,2026-10-05T23:07,0.64
eta,2026-10-05T23:08,0.64
eta,2026-10-05T23:09,0.64
eta,2026-10-05T23:10,0.64
eta,2026-10-05T23:11,0.64
eta,2026-10-05T23:12,0.64
eta,2026-10-05T23:13,0.64
eta,2026-10-05T23:14,0.64
eta,2026-10-05T23:15,0.64
eta,2026-10-05T23:16,0.64
eta,2026-10-05T23:17,0.64
eta,2026-10-05T23:18,0.65
eta,2026-10-05T23:19,0.64
eta,2026-10-05T23:20,0.63
eta,2026-10-05T23:21,0.64
eta,2026-10-05T23:22,0.63
eta,2026-10-05T23:23,0.64
eta,2026-10-05T23:24,0.63
eta,2026-10-05T23:25,0.64
eta,2026-10-05T23:26,0.64
eta,2026-10-05T23:27,0.63
eta,2026-10-05T23:28,0.64
eta,2026-10-05T23:29,0.64
eta,2026-10-05T23:30,0.63
eta,2026-10-05T23:31,0.64
eta,2026-10-05T23:32,0.64
eta,2026-10-05T23:33,0.64
eta,2026-10-05T23:34,0.64
eta,2026-10-05T23:35,0.64
eta,2026-10-05T23:36,0.64
eta,2026-10-05T23:37,0.64
eta,2026-10-05T23:38,0.64
eta,2026-10-05T23:39,0.64
eta,2026-10-05T23:40,0.64
eta,2026-10-05T23:41,0.64
eta,2026-10-05T23:42,0.63
eta,2026-10-05T23:43,0.64
eta,2026-10-05T23:44,0.64
eta,2026-10-05T23:45,0.64
eta,2026-10-05T23:46,0.63
eta,2026-10-05T23:47,0.64
eta,2026-10-05T23:48,0.64
eta,2026-10-05T23:49,0.64
eta,2026-10-05T23:50,0.64
eta,2026-10-05T23:51,0.64
eta,2026-10-05T23:52,0.64
eta,2026-10-05T23:53,0.64
eta,2026-10-05T23:54,0.64
eta,2026-10-05T23:55,0.64
eta,2026-10-05T23:56,0.64
eta,2026-10-05T23:57,0.64
eta,2026-10-05T23:58,0.64
eta,2026-10-05T23:59,0.64
eta,2026-10-06T00:00,0.64
eta,2026-10-06T00:01,0.64
eta,2026-10-06T00:02,0.64
eta,2026-10-06T00:03,0.64
eta,2026-10-06T00:04,0.64
eta,2026-10-06T00:05,0.64
eta,2026-10-06T00:06,0.64
eta,2026-10-06T00:07,0.64
eta,2026-10-06T00:08,0.65
eta,2026-10-06T00:09,0.64
eta,2026-10-06T00:10,0.65
eta,2026-10-06T00:11,0.65
eta,2026-10-06T00:12,0.65
eta,2026-10-06T00:13,0.64
eta,2026-10-06T00:14,0.64
eta,2026-10-06T00:15,0.64
eta,2026-10-06T00:16,0.64
eta,2026-10-06T00:17,0.65
eta,2026-10-06T00:18,0.62
eta,2026-10-06T00:19,0.65
eta,2026-10-06T00:20,0.64
eta,2026-10-06T00:21,0.65
eta,2026-10-06T00:22,0.65
eta,2026-10-06T00:23,0.65
eta,2026-10-06T00:24,0.64
eta,2026-10-06T00:25,0.65
eta,2026-10-06T00:26,0.65
eta,2026-10-06T00:27,0.64
eta,2026-10-06T00:28,0.64
eta,2026-10-06T00:29,0.65
eta,2026-10-06T00:30,0.64
eta,2026-10-06T00:31,0.65
eta,2026-10-06T00:32,0.64
eta,2026-10-06T00:33,0.65
eta,2026-10-06T00:34,0.65
eta,2026-10-06T00:35,0.65
eta,2026-10-06T00:36,0.65
eta,2026-10-06T00:37,0.64
eta,2026-10-06T00:38,0.65
eta,2026-10-06T00:39,0.66
eta,2026-10-06T00:40,0.64
eta,2026-10-06T00:41,0.65
eta,2026-10-06T00:42,0.65
eta,2026-10-06T00:43,0.65
eta,2026-10-06T00:44,0.65
eta,2026-10-06T00:45,0.65
eta,2026-10-06T00:46,0.65
eta,2026-10-06T00:47,0.65
eta,2026-10-06T00:48,0.65
eta,2026-10-06T00:49,0.65
eta,2026-10-06T00:50,0.65
eta,2026-10-06T00:51,0.65
eta,2026-10-06T00:52,0.62
eta,2026-10-06T00:53,0.65
eta,2026-10-06T00:54,0.66
eta,2026-10-06T00:55,0.65
eta,2026-10-06T00:56,0.65
eta,2026-10-06T00:57,0.65
eta,2026-10-06T00:58,0.65
eta,2026-10-06T00:59,0.65
eta,2026-10-06T01:00,0.65
eta,2026-10-06T01:01,0.65
eta,2026-10-06T01:02,0.65
eta,2026-10-06T01:03,0.65
eta,2026-10-06T01:04,0.65
eta,2026-10-06T01:05,0.65
eta,2026-10-06T01:06,0.65
eta,2026-10-06T01:07,0.65
eta,2026-10-06T01:08,0.65
eta,2026-10-06T01:09,0.65
eta,2026-10-06T01:10,0.65
eta,2026-10-06T01:11,0.64
eta,2026-10-06T01:12,0.65
eta,2026-10-06T01:13,0.65
eta,2026-10-06T01:14,0.65
eta,2026-10-06T01:15,0.65
eta,2026-10-06T01:16,0.65
eta,2026-10-06T01:17,0.65
eta,2026-10-06T01:18,0.65
eta,2026-10-06T01:19,0.66
eta,2026-10-06T01:20,0.65
eta,2026-10-06T01:21,0.65
eta,2026-10-06T01:22,0.66
eta,2026-10-06T01:23,0.65
eta,2026-10-06T01:24,0.66
eta,2026-10-06T01:25,0.65
eta,2026-10-06T01:26,0.65
eta,2026-10-06T01:27,0.65
eta,2026-10-06T01:28,0.66
eta,2026-10-06T01:29,0.65
eta,2026-10-06T01:30,0.65
eta,2026-10-06T01:31,0.65
eta,2026-10-06T01:32,0.65
eta,2026-10-06T01:33,0.65
eta,2026-10-06T01:34,0.65
eta,2026-10-06T01:35,0.65
eta,2026-10-06T01:36,0.66
eta,2026-10-06T01:37,0.65
eta,2026-10-06T01:38,0.65
eta,2026-10-06T01:39,0.65
eta,2026-10-06T01:40,0.66
eta,2026-10-06T01:41,0.66
eta,2026-10-06T01:42,0.65
eta,2026-10-06T01:43,0.66
eta,2026-10-06T01:44,0.66
eta,2026-10-06T01:45,0.65
eta,2026-10-06T01:46,0.65
eta,2026-10-06T01:47,0.66
eta,2026-10-06T01:48,0.66
eta,2026-10-06T01:49,0.66
eta,2026-10-06T01:50,0.65
eta,2026-10-06T01:51,0.66
eta,2026-10-06T01:52,0.66
eta,2026-10-06T01:53,0.66
eta,2026-10-06T01:54,0.66
eta,2026-10-06T01:55,0.66
eta,2026-10-06T01:56,0.66
eta,2026-10-06T01:57,0.67
eta,2026-10-06T01:58,0.66
eta,2026-10-06T01:59,0.65
eta,2026-10-06T02:00,0.66
eta,2026-10-06T02:01,0.66
eta,2026-10-06T02:02,0.66
eta,2026-10-06T02:03,0.66
eta,2026-10-06T02:04,0.66
eta,2026-10-06T02:05,0.67
eta,2026-10-06T02:06,0.65
eta,2026-10-06T02:07,0.66
eta,2026-10-06T02:08,0.66
eta,2026-10-06T02:09,0.67
eta,2026-10-06T02:10,0.67
eta,2026-10-06T02:11,0.66
eta,2026-10-06T02:12,0.66
eta,2026-10-06T02:13,0.66
eta,2026-10-06T02:14,0.66
eta,2026-10-06T02:15,0.65
eta,2026-10-06T02:16,0.66
eta,2026-10-06T02:17,0.66
eta,2026-10-06T02:18,0.66
eta,2026-10-06T02:19,0.66
eta,2026-10-06T02:20,0.66
eta,2026-10-06T02:21,0.66
eta,2026-10-06T02:22,0.65
eta,2026-10-06T02:23,0.66
eta,2026-10-06T02:24,0.65
eta,2026-10-06T02:25,0.66
eta,2026-10-06T02:26,0.66
eta,2026-10-06T02:27,0.66
eta,2026-10-06T02:28,0.66
eta,2026-10-06T02:29,0.66
eta,2026-10-06T02:30,0.66
eta,2026-10-06T02:31,0.66
eta,2026-10-06T02:32,0.66
eta,2026-10-06T02:33,0.66
eta,2026-10-06T02:34,0.66
eta,2026-10-06T02:35,0.66
eta,2026-10-06T02:36,0.66
eta,2026-10-06T02:37,0.66
eta,2026-10-06T02:38,0.66
eta,2026-10-06T02:39,0.66
eta,2026-10-06T02:40,0.66
eta,2026-10-06T02:41,0.66
eta,2026-10-06T02:42,0.66
eta,2026-10-06T02:43,0.67
eta,2026-10-06T02:44,0.66
eta,2026-10-06T02:45,0.65
eta,2026-10-06T02:46,0.66
eta,2026-10-06T02:47,0.66
eta,2026-10-06T02:48,0.66
eta,2026-10-06T02:49,0.67
eta,2026-10-06T02:50,0.67
eta,2026-10-06T02:51,0.66
eta,2026-10-06T02:52,0.66
eta,2026-10-06T02:53,0.66
eta,2026-10-06T02:54,0.66
eta,2026-10-06T02:55,0.66
eta,2026-10-06T02:56,0.66
eta,2026-10-06T02:57,0.66
eta,2026-10-06T02:58,0.66
eta,2026-10-06T02:59,0.66
eta,2026-10-06T03:00,0.66
eta,2026-10-06T03:01,0.67
eta,2026-10-06T03:02,0.66
eta,2026-10-06T03:03,0.66
eta,2026-10-06T03:04,0.66
eta,2026-10-06T03:05,0.66
eta,2026-10-06T03:06,0.67
eta,2026-10-06T03:07,0.66
eta,2026-10-06T03:08,0.67
eta,2026-10-06T03:09,0.66
eta,2026-10-06T03:10,0.67
eta,2026-10-06T03:11,0.67
eta,2026-10-06T03:12,0.67
eta,2026-10-06T03:13,0.67
eta,2026-10-06T03:14,0.66
eta,2026-10-06T03:15,0.67
eta,2026-10-06T03:16,0.67
eta,2026-10-06T03:17,0.67
eta,2026-10-06T03:18,0.67
eta,2026-10-06T03:19,0.69
eta,2026-10-06T03:20,0.67
eta,2026-10-06T03:21,0.68
eta,2026-10-06T03:22,0.68
eta,2026-10-06T03:23,0.68
eta,2026-10-06T03:24,0.68
eta,2026-10-06T03:25,0.68
eta,2026-10-06T03:26,0.68
eta,2026-10-06T03:27,0.68
eta,2026-10-06T03:28,0.67
eta,2026-10-06T03:29,0.68
eta,2026-10-06T03:30,0.69
eta,2026-10-06T03:31,0.7
eta,2026-10-06T03:32,0.68
eta,2026-10-06T03:33,0.69
eta,2026-10-06T03:34,0.69
eta,2026-10-06T03:35,0.69
eta,2026-10-06T03:36,0.69
eta,2026-10-06T03:37,0.7
eta,2026-10-06T03:38,0.69
eta,2026-10-06T03:39,0.69
eta,2026-10-06T03:40,0.69
eta,2026-10-06T03:41,0.69
eta,2026-10-06T03:42,0.69
eta,2026-10-06T03:43,0.7
eta,2026-10-06T03:44,0.7
eta,2026-10-06T03:45,0.7
eta,2026-10-06T03:46,0.7
eta,2026-10-06T03:47,0.71
eta,2026-10-06T03:48,0.71
eta,2026-10-06T03:49,0.7
eta,2026-10-06T03:50,0.7
eta,2026-10-06T03:51,0.7
eta,2026-10-06T03:52,0.71
eta,2026-10-06T03:53,0.71
eta,2026-10-06T03:54,0.71
eta,2026-10-06T03:55,0.71
eta,2026-10-06T03:56,0.71
eta,2026-10-06T03:57,0.72
eta,2026-10-06T03:58,0.72
eta,2026-10-06T03:59,0.72
eta,2026-10-06T04:00,0.72
eta,2026-10-06T04:01,0.72
eta,2026-10-06T04:02,0.72
eta,2026-10-06T04:03,0.72
eta,2026-10-06T04:04,0.72
eta,2026-10-06T04:05,0.72
eta,2026-10-06T04:06,0.72
eta,2026-10-06T04:07,0.72
eta,2026-10-06T04:08,0.72
eta,2026-10-06T04:09,0.72
eta,2026-10-06T04:10,0.72
eta,2026-10-06T04:11,0.73
eta,2026-10-06T04:12,0.72
eta,2026-10-06T04:13,0.73
eta,2026-10-06T04:14,0.73
eta,2026-10-06T04:15,0.73
eta,2026-10-06T04:16,0.73
eta,2026-10-06T04:17,0.73
eta,2026-10-06T04:18,0.73
eta,2026-10-06T04:19,0.73
eta,2026-10-06T04:20,0.73
eta,2026-10-06T04:21,0.74
eta,2026-10-06T04:22,0.74
eta,2026-10-06T04:23,0.74
eta,2026-10-06T04:24,0.73
eta,2026-10-06T04:25,0.74
eta,2026-10-06T04:26,0.73
eta,2026-10-06T04:27,0.73
eta,2026-10-06T04:28,0.74
eta,2026-10-06T04:29,0.75
eta,2026-10-06T04:30,0.75
eta,2026-10-06T04:31,0.75
eta,2026-10-06T04:32,0.75
eta,2026-10-06T04:33,0.75
eta,2026-10-06T04:34,0.75
eta,2026-10-06T04:35,0.75
eta,2026-10-06T04:36,0.75
eta,2026-10-06T04:37,0.75
eta,2026-10-06T04:38,0.76
eta,2026-10-06T04:39,0.75
eta,2026-10-06T04:40,0.76
eta,2026-10-06T04:41,0.75
eta,2026-10-06T04:42,0.75
eta,2026-10-06T04:43,0.76
eta,2026-10-06T04:44,0.76
eta,2026-10-06T04:45,0.75
eta,2026-10-06T04:46,0.76
eta,2026-10-06T04:47,0.77
eta,2026-10-06T04:48,0.76
eta,2026-10-06T04:49,0.76
eta,2026-10-06T04:50,0.77
eta,2026-10-06T04:51,0.76
eta,2026-10-06T04:52,0.77
eta,2026-10-06T04:53,0.77
eta,2026-10-06T04:54,0.76
eta,2026-10-06T04:55,0.76
eta,2026-10-06T04:56,0.78
eta,2026-10-06T04:57,0.77
eta,2026-10-06T04:58,0.77
eta,2026-10-06T04:59,0.78
eta,2026-10-06T05:00,0.77
eta,2026-10-06T05:01,0.78
eta,2026-10-06T05:02,0.78
eta,2026-10-06T05:03,0.78
eta,2026-10-06T05:04,0.78
eta,2026-10-06T05:05,0.78
eta,2026-10-06T05:06,0.78
eta,2026-10-06T05:07,0.79
eta,2026-10-06T05:08,0.78
eta,2026-10-06T05:09,0.78
eta,2026-10-06T05:10,0.78
eta,2026-10-06T05:11,0.79
eta,2026-10-06T05:12,0.79
eta,2026-10-06T05:13,0.79
eta,2026-10-06T05:14,0.79
eta,2026-10-06T05:15,0.79
eta,2026-10-06T05:16,0.8
eta,2026-10-06T05:17,0.8
eta,2026-10-06T05:18,0.79
eta,2026-10-06T05:19,0.79
eta,2026-10-06T05:20,0.8
eta,2026-10-06T05:21,0.8
eta,2026-10-06T05:22,0.8
eta,2026-10-06T05:23,0.79
eta,2026-10-06T05:24,0.8
eta,2026-10-06T05:25,0.8
eta,2026-10-06T05:26,0.8
eta,2026-10-06T05:27,0.8
eta,2026-10-06T05:28,0.8
eta,2026-10-06T05:29,0.8
eta,2026-10-06T05:30,0.81
eta,2026-10-06T05:31,0.8
eta,2026-10-06T05:32,0.81
eta,2026-10-06T05:33,0.8
eta,2026-10-06T05:34,0.81
eta,2026-10-06T05:35,0.81
eta,2026-10-06T05:36,0.8
eta,2026-10-06T05:37,0.8
eta,2026-10-06T05:38,0.81
eta,2026-10-06T05:39,0.81
eta,2026-10-06T05:40,0.81
eta,2026-10-06T05:41,0.81
eta,2026-10-06T05:42,0.81
eta,2026-10-06T05:43,0.81
eta,2026-10-06T05:44,0.8
eta,2026-10-06T05:45,0.82
eta,2026-10-06T05:46,0.81
eta,2026-10-06T05:47,0.82
eta,2026-10-06T05:48,0.82
eta,2026-10-06T05:49,0.82
eta,2026-10-06T05:50,0.82
eta,2026-10-06T05:51,0.82
eta,2026-10-06T05:52,0.82
eta,2026-10-06T05:53,0.81
eta,2026-10-06T05:54,0.83
eta,2026-10-06T05:55,0.82
eta,2026-10-06T05:56,0.83
eta,2026-10-06T05:57,0.82
eta,2026-10-06T05:58,0.82
eta,2026-10-06T05:59,0.83
eta,2026-10-06T06:00,0.83
eta,2026-10-06T06:01,0.83
eta,2026-10-06T06:02,0.83
eta,2026-10-06T06:03,0.83
eta,2026-10-06T06:04,0.83
eta,2026-10-06T06:05,0.84
eta,2026-10-06T06:06,0.83
eta,2026-10-06T06:07,0.83
eta,2026-10-06T06:08,0.84
eta,2026-10-06T06:09,0.83
eta,2026-10-06T06:10,0.84
eta,2026-10-06T06:11,0.84
eta,2026-10-06T06:12,0.84
eta,2026-10-06T06:13,0.84
eta,2026-10-06T06:14,0.84
eta,2026-10-06T06:15,0.85
eta,2026-10-06T06:16,0.84
eta,2026-10-06T06:17,0.84
eta,2026-10-06T06:18,0.85
eta,2026-10-06T06:19,0.86
eta,2026-10-06T06:20,0.86
eta,2026-10-06T06:21,0.85
eta,2026-10-06T06:22,0.85
eta,2026-10-06T06:23,0.85
eta,2026-10-06T06:24,0.86
eta,2026-10-06T06:25,0.86
eta,2026-10-06T06:26,0.85
eta,2026-10-06T06:27,0.86
eta,2026-10-06T06:28,0.86
eta,2026-10-06T06:29,0.86
eta,2026-10-06T06:30,0.87
eta,2026-10-06T06:31,0.86
eta,2026-10-06T06:32,0.87
eta,2026-10-06T06:33,0.87
eta,2026-10-06T06:34,0.87
eta,2026-10-06T06:35,0.87
eta,2026-10-06T06:36,0.87
eta,2026-10-06T06:37,0.87
eta,2026-10-06T06:38,0.87
eta,2026-10-06T06:39,0.85
eta,2026-10-06T06:40,0.88
eta,2026-10-06T06:41,0.87
eta,2026-10-06T06:42,0.87
eta,2026-10-06T06:43,0.89
eta,2026-10-06T06:44,0.88
eta,2026-10-06T06:45,0.88
eta,2026-10-06T06:46,0.91
eta,2026-10-06T06:47,0.89
eta,2026-10-06T06:48,0.86
eta,2026-10-06T06:49,0.91
eta,2026-10-06T06:50,0.89
eta,2026-10-06T06:51,0.9
eta,2026-10-06T06:52,0.9
eta,2026-10-06T06:53,0.91
eta,2026-10-06T06:54,0.9
eta,2026-10-06T06:55,0.91
eta,2026-10-06T06:56,0.91
eta,2026-10-06T06:57,0.91
eta,2026-10-06T06:58,0.92
eta,2026-10-06T06:59,0.92
eta,2026-10-06T07:00,0.93
eta,2026-10-06T07:01,0.92
eta,2026-10-06T07:02,0.92
eta,2026-10-06T07:03,0.94
eta,2026-10-06T07:04,0.92
eta,2026-10-06T07:05,0.93
eta,2026-10-06T07:06,0.93
eta,2026-10-06T07:07,0.93
eta,2026-10-06T07:08,0.94
eta,2026-10-06T07:09,0.94
eta,2026-10-06T07:10,0.94
eta,2026-10-06T07:11,0.95
eta,2026-10-06T07:12,0.95
eta,2026-10-06T07:13,0.96
eta,2026-10-06T07:14,0.95
eta,2026-10-06T07:15,0.96
eta,2026-10-06T07:16,0.95
eta,2026-10-06T07:17,0.96
eta,2026-10-06T07:18,0.96
eta,2026-10-06T07:19,0.96
eta,2026-10-06T07:20,0.97
eta,2026-10-06T07:21,0.97
eta,2026-10-06T07:22,0.97
eta,2026-10-06T07:23,0.97
eta,2026-10-06T07:24,0.97
eta,2026-10-06T07:25,0.99
eta,2026-10-06T07:26,0.99
eta,2026-10-06T07:27,0.98
eta,2026-10-06T07:28,0.99
eta,2026-10-06T07:29,1
eta,2026-10-06T07:30,0.98
eta,2026-10-06T07:31,1
eta,2026-10-06T07:32,1
eta,2026-10-06T07:33,1
eta,2026-10-06T07:34,1
eta,2026-10-06T07:35,1.02
eta,2026-10-06T07:36,1.02
eta,2026-10-06T07:37,1.02
eta,2026-10-06T07:38,1.02
eta,2026-10-06T07:39,1.02
eta,2026-10-06T07:40,1.03
eta,2026-10-06T07:41,1.03
eta,2026-10-06T07:42,1.04
eta,2026-10-06T07:43,1.03
eta,2026-10-06T07:44,1.04
eta,2026-10-06T07:45,1.04
eta,2026-10-06T07:46,1.05
eta,2026-10-06T07:47,1.05
eta,2026-10-06T07:48,1.06
eta,2026-10-06T07:49,1.07
eta,2026-10-06T07:50,1.05
eta,2026-10-06T07:51,1.06
eta,2026-10-06T07:52,1.05
eta,2026-10-06T07:53,1.07
eta,2026-10-06T07:54,1.06
eta,2026-10-06T07:55,1.08
eta,2026-10-06T07:56,1.08
eta,2026-10-06T07:57,1.08
eta,2026-10-06T07:58,1.08
eta,2026-10-06T07:59,1.09
eta,2026-10-06T08:00,1.09
eta,2026-10-06T08:01,1.1
eta,2026-10-06T08:02,1.11
eta,2026-10-06T08:03,1.1
eta,2026-10-06T08:04,1.11
eta,2026-10-06T08:05,1.11
eta,2026-10-06T08:06,1.11
eta,2026-10-06T08:07,1.12
eta,2026-10-06T08:08,1.12
eta,2026-10-06T08:09,1.13
eta,2026-10-06T08:10,1.13
eta,2026-10-06T08:11,1.13
eta,2026-10-06T08:12,1.13
eta,2026-10-06T08:13,1.13
eta,2026-10-06T08:14,1.14
eta,2026-10-06T08:15,1.15
eta,2026-10-06T08:16,1.15
eta,2026-10-06T08:17,1.16
eta,2026-10-06T08:18,1.16
eta,2026-10-06T08:19,1.17
eta,2026-10-06T08:20,1.17
eta,2026-10-06T08:21,1.18
eta,2026-10-06T08:22,1.18
eta,2026-10-06T08:23,1.19
eta,2026-10-06T08:24,1.2
eta,2026-10-06T08:25,1.2
eta,2026-10-06T08:26,1.21
eta,2026-10-06T08:27,1.22
eta,2026-10-06T08:28,1.23
eta,2026-10-06T08:29,1.24
eta,2026-10-06T08:30,1.25
eta,2026-10-06T08:31,1.27
eta,2026-10-06T08:32,1.26
eta,2026-10-06T08:33,1.27
eta,2026-10-06T08:34,1.28
eta,2026-10-06T08:35,1.29
eta,2026-10-06T08:36,1.29
eta,2026-10-06T08:37,1.31
eta,2026-10-06T08:38,1.31
eta,2026-10-06T08:39,1.32
eta,2026-10-06T08:40,1.32
eta,2026-10-06T08:41,1.34
eta,2026-10-06T08:42,1.35
eta,2026-10-06T08:43,1.35
eta,2026-10-06T08:44,1.38
eta,2026-10-06T08:45,1.38
eta,2026-10-06T08:46,1.39
eta,2026-10-06T08:47,1.39
eta,2026-10-06T08:48,1.4
eta,2026-10-06T08:49,1.41
eta,2026-10-06T08:50,1.42
eta,2026-10-06T08:51,1.44
eta,2026-10-06T08:52,1.45
eta,2026-10-06T08:53,1.45
eta,2026-10-06T08:54,1.45
eta,2026-10-06T08:55,1.49
eta,2026-10-06T08:56,1.5
eta,2026-10-06T08:57,1.51
eta,2026-10-06T08:58,1.52
eta,2026-10-06T08:59,1.51
eta,2026-10-06T09:00,1.54
eta,2026-10-06T09:01,1.56
eta,2026-10-06T09:02,1.56
eta,2026-10-06T09:03,1.58
eta,2026-10-06T09:04,1.59
eta,2026-10-06T09:05,1.61
eta,2026-10-06T09:06,1.63
eta,2026-10-06T09:07,1.64
eta,2026-10-06T09:08,1.65
eta,2026-10-06T09:09,1.67
eta,2026-10-06T09:10,1.67
eta,2026-10-06T09:11,1.69
eta,2026-10-06T09:12,1.7
eta,2026-10-06T09:13,1.72
eta,2026-10-06T09:14,1.73
eta,2026-10-06T09:15,1.75
eta,2026-10-06T09:16,1.77
eta,2026-10-06T09:17,1.77
eta,2026-10-06T09:18,1.78
eta,2026-10-06T09:19,1.8
eta,2026-10-06T09:20,1.81
eta,2026-10-06T09:21,1.83
eta,2026-10-06T09:22,1.84
eta,2026-10-06T09:23,1.85
eta,2026-10-06T09:24,1.87
eta,2026-10-06T09:25,1.86
eta,2026-10-06T09:26,1.88
eta,2026-10-06T09:27,1.9
eta,2026-10-06T09:28,1.9
eta,2026-10-06T09:29,1.92
eta,2026-10-06T09:30,1.94
eta,2026-10-06T09:31,1.94
eta,2026-10-06T09:32,1.96
eta,2026-10-06T09:33,1.97
eta,2026-10-06T09:34,1.98
eta,2026-10-06T09:35,1.99
eta,2026-10-06T09:36,1.99
eta,2026-10-06T09:37,2
eta,2026-10-06T09:38,2.02
eta,2026-10-06T09:39,2.03
eta,2026-10-06T09:40,2.03
eta,2026-10-06T09:41,2.04
eta,2026-10-06T09:42,2.01
eta,2026-10-06T09:43,2.06
eta,2026-10-06T09:44,2.05
eta,2026-10-06T09:45,2.07
eta,2026-10-06T09:46,2.09
eta,2026-10-06T09:47,2.1
eta,2026-10-06T09:48,2.1
eta,2026-10-06T09:49,2.11
eta,2026-10-06T09:50,2.13
eta,2026-10-06T09:51,2.13
eta,2026-10-06T09:52,2.15
eta,2026-10-06T09:53,2.16
eta,2026-10-06T09:54,2.17
eta,2026-10-06T09:55,2.17
eta,2026-10-06T09:56,2.19
eta,2026-10-06T09:57,2.19
eta,2026-10-06T09:58,2.22
eta,2026-10-06T09:59,2.23
eta,2026-10-06T10:00,2.24
eta,2026-10-06T10:01,2.26
eta,2026-10-06T10:02,2.25
eta,2026-10-06T10:03,2.27
eta,2026-10-06T10:04,2.28
eta,2026-10-06T10:05,2.29
eta,2026-10-06T10:06,2.31
eta,2026-10-06T10:07,2.32
eta,2026-10-06T10:08,2.33
eta,2026-10-06T10:09,2.32
eta,2026-10-06T10:10,2.36
eta,2026-10-06T10:11,2.37
eta,2026-10-06T10:12,2.38
eta,2026-10-06T10:13,2.39
eta,2026-10-06T10:14,2.41
eta,2026-10-06T10:15,2.42
eta,2026-10-06T10:16,2.44
eta,2026-10-06T10:17,2.44
eta,2026-10-06T10:18,2.46
eta,2026-10-06T10:19,2.47
eta,2026-10-06T10:20,2.47
eta,2026-10-06T10:21,2.49
eta,2026-10-06T10:22,2.5
eta,2026-10-06T10:23,2.52
eta,2026-10-06T10:24,2.52
eta,2026-10-06T10:25,2.54
eta,2026-10-06T10:26,2.56
eta,2026-10-06T10:27,2.55
eta,2026-10-06T10:28,2.58
eta,2026-10-06T10:29,2.58
eta,2026-10-06T10:30,2.61
eta,2026-10-06T10:31,2.61
eta,2026-10-06T10:32,2.62
eta,2026-10-06T10:33,2.64
eta,2026-10-06T10:34,2.66
eta,2026-10-06T10:35,2.68
eta,2026-10-06T10:36,2.67
eta,2026-10-06T10:37,2.69
eta,2026-10-06T10:38,2.71
eta,2026-10-06T10:39,2.73
eta,2026-10-06T10:40,2.74
eta,2026-10-06T10:41,2.75
eta,2026-10-06T10:42,2.77
eta,2026-10-06T10:43,2.78
eta,2026-10-06T10:44,2.79
eta,2026-10-06T10:45,2.83
eta,2026-10-06T10:46,2.8
eta,2026-10-06T10:47,2.83
eta,2026-10-06T10:48,2.84
eta,2026-10-06T10:49,2.84
eta,2026-10-06T10:50,2.87
eta,2026-10-06T10:51,2.88
eta,2026-10-06T10:52,2.89
eta,2026-10-06T10:53,2.91
eta,2026-10-06T10:54,2.89
eta,2026-10-06T10:55,2.93
eta,2026-10-06T10:56,2.96
eta,2026-10-06T10:57,2.96
eta,2026-10-06T10:58,2.98
eta,2026-10-06T10:59,2.99
eta,2026-10-06T11:00,3.02
eta,2026-10-06T11:01,3.02
eta,2026-10-06T11:02,3.04
eta,2026-10-06T11:03,3.04
eta,2026-10-06T11:04,3.06
eta,2026-10-06T11:05,3.08
eta,2026-10-06T11:06,3.09
eta,2026-10-06T11:07,3.1
eta,2026-10-06T11:08,3.12
eta,2026-10-06T11:09,3.13
eta,2026-10-06T11:10,3.14
eta,2026-10-06T11:11,3.15
eta,2026-10-06T11:12,3.17
eta,2026-10-06T11:13,3.18
eta,2026-10-06T11:14,3.19
eta,2026-10-06T11:15,3.19
eta,2026-10-06T11:16,3.2
eta,2026-10-06T11:17,3.23
eta,2026-10-06T11:18,3.21
eta,2026-10-06T11:19,3.23
eta,2026-10-06T11:20,3.26
eta,2026-10-06T11:21,3.25
eta,2026-10-06T11:22,3.26
eta,2026-10-06T11:23,3.29
eta,2026-10-06T11:24,3.3
eta,2026-10-06T11:25,3.29
eta,2026-10-06T11:26,3.33
eta,2026-10-06T11:27,3.32
eta,2026-10-06T11:28,3.35
eta,2026-10-06T11:29,3.34
eta,2026-10-06T11:30,3.38
eta,2026-10-06T11:31,3.36
eta,2026-10-06T11:32,3.38
eta,2026-10-06T11:33,3.39
eta,2026-10-06T11:34,3.39
eta,2026-10-06T11:35,3.4
eta,2026-10-06T11:36,3.42
eta,2026-10-06T11:37,3.42
eta,2026-10-06T11:38,3.43
eta,2026-10-06T11:39,3.44
eta,2026-10-06T11:40,3.46
eta,2026-10-06T11:41,3.46
eta,2026-10-06T11:42,3.45
eta,2026-10-06T11:43,3.47
eta,2026-10-06T11:44,3.48
eta,2026-10-06T11:45,3.49
eta,2026-10-06T11:46,3.51
eta,2026-10-06T11:47,3.51
eta,2026-10-06T11:48,3.5
eta,2026-10-06T11:49,3.5
eta,2026-10-06T11:50,3.52
eta,2026-10-06T11:51,3.52
eta,2026-10-06T11:52,3.52
eta,2026-10-06T11:53,3.53
eta,2026-10-06T11:54,3.55
eta,2026-10-06T11:55,3.57
eta,2026-10-06T11:56,3.55
eta,2026-10-06T11:57,3.57
eta,2026-10-06T11:58,3.55
eta,2026-10-06T11:59,3.59
eta,2026-10-06T12:00,3.6
eta,2026-10-06T12:01,3.59
eta,2026-10-06T12:02,3.58
eta,2026-10-06T12:03,3.59
eta,2026-10-06T12:04,3.62
eta,2026-10-06T12:05,3.6
eta,2026-10-06T12:06,3.61
eta,2026-10-06T12:07,3.61
eta,2026-10-06T12:08,3.62
eta,2026-10-06T12:09,3.63
eta,2026-10-06T12:10,3.64
eta,2026-10-06T12:11,3.64
eta,2026-10-06T12:12,3.65
eta,2026-10-06T12:13,3.64
eta,2026-10-06T12:14,3.67
eta,2026-10-06T12:15,3.67
eta,2026-10-06T12:16,3.67
eta,2026-10-06T12:17,3.67
eta,2026-10-06T12:18,3.67
eta,2026-10-06T12:19,3.68
eta,2026-10-06T12:20,3.69
eta,2026-10-06T12:21,3.69
eta,2026-10-06T12:22,3.68
eta,2026-10-06T12:23,3.72
eta,2026-10-06T12:24,3.69
eta,2026-10-06T12:25,3.7
eta,2026-10-06T12:26,3.71
eta,2026-10-06T12:27,3.7
eta,2026-10-06T12:28,3.71
eta,2026-10-06T12:29,3.73
eta,2026-10-06T12:30,3.72
eta,2026-10-06T12:31,3.73
eta,2026-10-06T12:32,3.75
eta,2026-10-06T12:33,3.73
eta,2026-10-06T12:34,3.76
eta,2026-10-06T12:35,3.76
eta,2026-10-06T12:36,3.74
eta,2026-10-06T12:37,3.73
eta,2026-10-06T12:38,3.76
eta,2026-10-06T12:39,3.76
eta,2026-10-06T12:40,3.78
eta,2026-10-06T12:41,3.77
eta,2026-10-06T12:42,3.78
eta,2026-10-06T12:43,3.77
eta,2026-10-06T12:44,3.79
eta,2026-10-06T12:45,3.81
eta,2026-10-06T12:46,3.8
eta,2026-10-06T12:47,3.8
eta,2026-10-06T12:48,3.79
eta,2026-10-06T12:49,3.79
eta,2026-10-06T12:50,3.8
eta,2026-10-06T12:51,3.81
eta,2026-10-06T12:52,3.81
eta,2026-10-06T12:53,3.81
eta,2026-10-06T12:54,3.81
eta,2026-10-06T12:55,3.84
eta,2026-10-06T12:56,3.82
eta,2026-10-06T12:57,3.84
eta,2026-10-06T12:58,3.81
eta,2026-10-06T12:59,3.83
eta,2026-10-06T13:00,3.83
eta,2026-10-06T13:01,3.84
eta,2026-10-06T13:02,3.83
eta,2026-10-06T13:03,3.85
eta,2026-10-06T13:04,3.85
eta,2026-10-06T13:05,3.84
eta,2026-10-06T13:06,3.85
eta,2026-10-06T13:07,3.85
eta,2026-10-06T13:08,3.86
eta,2026-10-06T13:09,3.87
eta,2026-10-06T13:10,3.86
eta,2026-10-06T13:11,3.87
eta,2026-10-06T13:12,3.86
eta,2026-10-06T13:13,3.86
eta,2026-10-06T13:14,3.87
eta,2026-10-06T13:15,3.87
eta,2026-10-06T13:16,3.86
eta,2026-10-06T13:17,3.89
eta,2026-10-06T13:18,3.91
eta,2026-10-06T13:19,3.87
eta,2026-10-06T13:20,3.87
eta,2026-10-06T13:21,3.89
eta,2026-10-06T13:22,3.87
eta,2026-10-06T13:23,3.9
eta,2026-10-06T13:24,3.89
eta,2026-10-06T13:25,3.92
eta,2026-10-06T13:26,3.91
eta,2026-10-06T13:27,3.91
eta,2026-10-06T13:28,3.91
eta,2026-10-06T13:29,3.92
eta,2026-10-06T13:30,3.92
eta,2026-10-06T13:31,3.91
eta,2026-10-06T13:32,3.93
eta,2026-10-06T13:33,3.92
eta,2026-10-06T13:34,3.93
eta,2026-10-06T13:35,3.91
eta,2026-10-06T13:36,3.95
eta,2026-10-06T13:37,3.93
eta,2026-10-06T13:38,3.92
eta,2026-10-06T13:39,3.94
eta,2026-10-06T13:40,3.93
eta,2026-10-06T13:41,3.94
eta,2026-10-06T13:42,3.95
eta,2026-10-06T13:43,3.95
eta,2026-10-06T13:44,3.95
eta,2026-10-06T13:45,3.95
eta,2026-10-06T13:46,3.96
eta,2026-10-06T13:47,3.96
eta,2026-10-06T13:48,3.95
eta,2026-10-06T13:49,3.97
eta,2026-10-06T13:50,3.97
eta,2026-10-06T13:51,3.96
eta,2026-10-06T13:52,3.96
eta,2026-10-06T13:53,3.96
eta,2026-10-06T13:54,3.96
eta,2026-10-06T13:55,3.97
eta,2026-10-06T13:56,3.96
eta,2026-10-06T13:57,3.98
eta,2026-10-06T13:58,3.97
eta,2026-10-06T13:59,3.96
eta,2026-10-06T14:00,3.97
eta,2026-10-06T14:01,3.98
eta,2026-10-06T14:02,3.98
eta,2026-10-06T14:03,3.97
eta,2026-10-06T14:04,3.99
eta,2026-10-06T14:05,3.99
eta,2026-10-06T14:06,3.98
eta,2026-10-06T14:07,3.96
eta,2026-10-06T14:08,4
eta,2026-10-06T14:09,4.01
eta,2026-10-06T14:10,4
eta,2026-10-06T14:11,4.01
eta,2026-10-06T14:12,4.01
eta,2026-10-06T14:13,4.02
eta,2026-10-06T14:14,4
eta,2026-10-06T14:15,3.99
eta,2026-10-06T14:16,4.02
eta,2026-10-06T14:17,4
eta,2026-10-06T14:18,4.03
eta,2026-10-06T14:19,4.01
eta,2026-10-06T14:20,4.03
eta,2026-10-06T14:21,4.03
eta,2026-10-06T14:22,4.03
eta,2026-10-06T14:23,4.02
eta,2026-10-06T14:24,4.03
eta,2026-10-06T14:25,4.01
eta,2026-10-06T14:26,4.02
eta,2026-10-06T14:27,4.04
eta,2026-10-06T14:28,4.03
eta,2026-10-06T14:29,4.03
eta,2026-10-06T14:30,4.07
eta,2026-10-06T14:31,4.03
eta,2026-10-06T14:32,4.04
eta,2026-10-06T14:33,4.03
eta,2026-10-06T14:34,4.04
eta,2026-10-06T14:35,4.05
eta,2026-10-06T14:36,4.04
eta,2026-10-06T14:37,4.04
eta,2026-10-06T14:38,4.05
eta,2026-10-06T14:39,4.04
eta,2026-10-06T14:40,4.05
eta,2026-10-06T14:41,4.05
eta,2026-10-06T14:42,4.07
eta,2026-10-06T14:43,4.08
eta,2026-10-06T14:44,4.09
eta,2026-10-06T14:45,4.06
eta,2026-10-06T14:46,4.08
eta,2026-10-06T14:47,4.08
eta,2026-10-06T14:48,4.08
eta,2026-10-06T14:49,4.07
eta,2026-10-06T14:50,4.08
eta,2026-10-06T14:51,4.08
eta,2026-10-06T14:52,4.08
eta,2026-10-06T14:53,4.05
eta,2026-10-06T14:54,4.08
eta,2026-10-06T14:55,4.09
eta,2026-10-06T14:56,4.1
eta,2026-10-06T14:57,4.09
eta,2026-10-06T14:58,4.09
eta,2026-10-06T14:59,4.08
eta,2026-10-06T15:00,4.1
eta,2026-10-06T15:01,4.09
eta,2026-10-06T15:02,4.11
eta,2026-10-06T15:03,4.11
eta,2026-10-06T15:04,4.12
eta,2026-10-06T15:05,4.1
eta,2026-10-06T15:06,4.1
eta,2026-10-06T15:07,4.1
eta,2026-10-06T15:08,4.1
eta,2026-10-06T15:09,4.09
eta,2026-10-06T15:10,4.1
eta,2026-10-06T15:11,4.1
eta,2026-10-06T15:12,4.11
eta,2026-10-06T15:13,4.11
eta,2026-10-06T15:14,4.12
eta,2026-10-06T15:15,4.12
eta,2026-10-06T15:16,4.13
eta,2026-10-06T15:17,4.13
eta,2026-10-06T15:18,4.14
eta,2026-10-06T15:19,4.12
eta,2026-10-06T15:20,4.1
eta,2026-10-06T15:21,4.11
eta,2026-10-06T15:22,4.11
eta,2026-10-06T15:23,4.11
eta,2026-10-06T15:24,4.12
eta,2026-10-06T15:25,4.11
eta,2026-10-06T15:26,4.14
eta,2026-10-06T15:27,4.13
eta,2026-10-06T15:28,4.14
eta,2026-10-06T15:29,4.12
eta,2026-10-06T15:30,4.12
eta,2026-10-06T15:31,4.12
eta,2026-10-06T15:32,4.14
eta,2026-10-06T15:33,4.15
eta,2026-10-06T15:34,4.15
eta,2026-10-06T15:35,4.13
eta,2026-10-06T15:36,4.13
eta,2026-10-06T15:37,4.12
eta,2026-10-06T15:38,4.14
eta,2026-10-06T15:39,4.12
eta,2026-10-06T15:40,4.13
eta,2026-10-06T15:41,4.16
eta,2026-10-06T15:42,4.13
eta,2026-10-06T15:43,4.14
eta,2026-10-06T15:44,4.16
eta,2026-10-06T15:45,4.16
eta,2026-10-06T15:46,4.13
eta,2026-10-06T15:47,4.15
eta,2026-10-06T15:48,4.14
eta,2026-10-06T15:49,4.12
eta,2026-10-06T15:50,4.14
eta,2026-10-06T15:51,4.16
eta,2026-10-06T15:52,4.15
eta,2026-10-06T15:53,4.16
eta,2026-10-06T15:54,4.16
eta,2026-10-06T15:55,4.15
eta,2026-10-06T15:56,4.15
eta,2026-10-06T15:57,4.15
eta,2026-10-06T15:58,4.15
eta,2026-10-06T15:59,4.16
eta,2026-10-06T16:00,4.15
eta,2026-10-06T16:01,4.17
eta,2026-10-06T16:02,4.16
eta,2026-10-06T16:03,4.15
eta,2026-10-06T16:04,4.15
eta,2026-10-06T16:05,4.15
eta,2026-10-06T16:06,4.16
eta,2026-10-06T16:07,4.14
eta,2026-10-06T16:08,4.17
eta,2026-10-06T16:09,4.16
eta,2026-10-06T16:10,4.14
eta,2026-10-06T16:11,4.14
eta,2026-10-06T16:12,4.15
eta,2026-10-06T16:13,4.16
eta,2026-10-06T16:14,4.16
eta,2026-10-06T16:15,4.14
eta,2026-10-06T16:16,4.13
eta,2026-10-06T16:17,4.14
eta,2026-10-06T16:18,4.15
eta,2026-10-06T16:19,4.13
eta,2026-10-06T16:20,4.14
eta,2026-10-06T16:21,4.17
eta,2026-10-06T16:22,4.14
eta,2026-10-06T16:23,4.16
eta,2026-10-06T16:24,4.17
eta,2026-10-06T16:25,4.15
eta,2026-10-06T16:26,4.17
eta,2026-10-06T16:27,4.16
eta,2026-10-06T16:28,4.16
eta,2026-10-06T16:29,4.14
eta,2026-10-06T16:30,4.14
eta,2026-10-06T16:31,4.15
eta,2026-10-06T16:32,4.15
eta,2026-10-06T16:33,4.16
eta,2026-10-06T16:34,4.17
eta,2026-10-06T16:35,4.14
eta,2026-10-06T16:36,4.16
eta,2026-10-06T16:37,4.13
eta,2026-10-06T16:38,4.13
eta,2026-10-06T16:39,4.14
eta,2026-10-06T16:40,4.15
eta,2026-10-06T16:41,4.14
eta,2026-10-06T16:42,4.14
eta,2026-10-06T16:43,4.14
eta,2026-10-06T16:44,4.13
eta,2026-10-06T16:45,4.13
eta,2026-10-06T16:46,4.15
eta,2026-10-06T16:47,4.14
eta,2026-10-06T16:48,4.15
eta,2026-10-06T16:49,4.14
eta,2026-10-06T16:50,4.14
eta,2026-10-06T16:51,4.13
eta,2026-10-06T16:52,4.14
eta,2026-10-06T16:53,4.12
eta,2026-10-06T16:54,4.11
eta,2026-10-06T16:55,4.12
eta,2026-10-06T16:56,4.14
eta,2026-10-06T16:57,4.15
eta,2026-10-06T16:58,4.14
eta,2026-10-06T16:59,4.14
eta,2026-10-06T17:00,4.14
eta,2026-10-06T17:01,4.12
eta,2026-10-06T17:02,4.13
eta,2026-10-06T17:03,4.14
eta,2026-10-06T17:04,4.1
eta,2026-10-06T17:05,4.13
eta,2026-10-06T17:06,4.12
eta,2026-10-06T17:07,4.12
eta,2026-10-06T17:08,4.13
eta,2026-10-06T17:09,4.13
eta,2026-10-06T17:10,4.12
eta,2026-10-06T17:11,4.13
eta,2026-10-06T17:12,4.1
eta,2026-10-06T17:13,4.11
eta,2026-10-06T17:14,4.12
eta,2026-10-06T17:15,4.12
eta,2026-10-06T17:16,4.11
eta,2026-10-06T17:17,4.11
eta,2026-10-06T17:18,4.12
eta,2026-10-06T17:19,4.07
eta,2026-10-06T17:20,4.11
eta,2026-10-06T17:21,4.11
eta,2026-10-06T17:22,4.1
eta,2026-10-06T17:23,4.1
eta,2026-10-06T17:24,4.09
eta,2026-10-06T17:25,4.11
eta,2026-10-06T17:26,4.1
eta,2026-10-06T17:27,4.1
eta,2026-10-06T17:28,4.11
eta,2026-10-06T17:29,4.1
eta,2026-10-06T17:30,4.09
eta,2026-10-06T17:31,4.1
eta,2026-10-06T17:32,4.11
eta,2026-10-06T17:33,4.06
eta,2026-10-06T17:34,4.09
eta,2026-10-06T17:35,4.09
eta,2026-10-06T17:36,4.1
eta,2026-10-06T17:37,4.08
eta,2026-10-06T17:38,4.09
eta,2026-10-06T17:39,4.09
eta,2026-10-06T17:40,4.08
eta,2026-10-06T17:41,4.08
eta,2026-10-06T17:42,4.09
eta,2026-10-06T17:43,4.09
eta,2026-10-06T17:44,4.08
eta,2026-10-06T17:45,4.09
eta,2026-10-06T17:46,4.08
eta,2026-10-06T17:47,4.07
eta,2026-10-06T17:48,4.07
eta,2026-10-06T17:49,4.08
eta,2026-10-06T17:50,4.07
eta,2026-10-06T17:51,4.07
eta,2026-10-06T17:52,4.09
eta,2026-10-06T17:53,4.07
eta,2026-10-06T17:54,4.1
eta,2026-10-06T17:55,4.08
eta,2026-10-06T17:56,4.09
eta,2026-10-06T17:57,4.08
eta,2026-10-06T17:58,4.07
eta,2026-10-06T17:59,4.07
eta,2026-10-06T18:00,4.08
eta,2026-10-06T18:01,4.07
eta,2026-10-06T18:02,4.06
eta,2026-10-06T18:03,4.08
eta,2026-10-06T18:04,4.06
eta,2026-10-06T18:05,4.06
eta,2026-10-06T18:06,4.06
eta,2026-10-06T18:07,4.08
eta,2026-10-06T18:08,4.08
eta,2026-10-06T18:09,4.08
eta,2026-10-06T18:10,4.08
eta,2026-10-06T18:11,4.08
eta,2026-10-06T18:12,4.07
eta,2026-10-06T18:13,4.07
eta,2026-10-06T18:14,4.09
eta,2026-10-06T18:15,4.07
eta,2026-10-06T18:16,4.04
eta,2026-10-06T18:17,4.06
eta,2026-10-06T18:18,4.05
eta,2026-10-06T18:19,4.06
eta,2026-10-06T18:20,4.06
eta,2026-10-06T18:21,4.05
eta,2026-10-06T18:22,4.07
eta,2026-10-06T18:23,4.06
eta,2026-10-06T18:24,4.06
eta,2026-10-06T18:25,4.06
eta,2026-10-06T18:26,4.06
eta,2026-10-06T18:27,4.03
eta,2026-10-06T18:28,4.06
eta,2026-10-06T18:29,4.03
eta,2026-10-06T18:30,4.04
eta,2026-10-06T18:31,4.04
eta,2026-10-06T18:32,4.05
eta,2026-10-06T18:33,4.04
eta,2026-10-06T18:34,4.05
eta,2026-10-06T18:35,4.05
eta,2026-10-06T18:36,4.05
eta,2026-10-06T18:37,4.04
eta,2026-10-06T18:38,4.05
eta,2026-10-06T18:39,4.05
eta,2026-10-06T18:40,4.03
eta,2026-10-06T18:41,4.05
eta,2026-10-06T18:42,4.03
eta,2026-10-06T18:43,4.04
eta,2026-10-06T18:44,4.04
eta,2026-10-06T18:45,4.04
eta,2026-10-06T18:46,4.06
eta,2026-10-06T18:47,4.03
eta,2026-10-06T18:48,4.04
eta,2026-10-06T18:49,4.03
eta,2026-10-06T18:50,4.06
eta,2026-10-06T18:51,4.05
eta,2026-10-06T18:52,4.05
eta,2026-10-06T18:53,4.05
eta,2026-10-06T18:54,4.04
eta,2026-10-06T18:55,4.04
eta,2026-10-06T18:56,4.04
eta,2026-10-06T18:57,4.05
eta,2026-10-06T18:58,4.04
eta,2026-10-06T18:59,4.05
eta,2026-10-06T19:00,4.05
eta,2026-10-06T19:01,4.06
eta,2026-10-06T19:02,4.04
eta,2026-10-06T19:03,4.03
eta,2026-10-06T19:04,4.06
eta,2026-10-06T19:05,4.04
eta,2026-10-06T19:06,4.06
eta,2026-10-06T19:07,4.05
eta,2026-10-06T19:08,4.05
eta,2026-10-06T19:09,4.06
eta,2026-10-06T19:10,4.05
eta,2026-10-06T19:11,4.04
eta,2026-10-06T19:12,4.07
eta,2026-10-06T19:13,4.05
eta,2026-10-06T19:14,4.05
eta,2026-10-06T19:15,4.04
eta,2026-10-06T19:16,4.05
eta,2026-10-06T19:17,4.06
eta,2026-10-06T19:18,4.05
eta,2026-10-06T19:19,4.05
eta,2026-10-06T19:20,4.05
eta,2026-10-06T19:21,4.04
eta,2026-10-06T19:22,4.05
eta,2026-10-06T19:23,4.06
eta,2026-10-06T19:24,4.04
eta,2026-10-06T19:25,4.06
via_verde,2026-10-05T22:26,0.44
via_verde,2026-10-05T22:27,0.45
via_verde,2026-10-05T22:28,0.45
via_verde,2026-10-05T22:29,0.45
via_verde,2026-10-05T22:30,0.45
via_verde,2026-10-05T22:31,0.44
via_verde,2026-10-05T22:32,0.45
via_verde,2026-10-05T22:33,0.45
via_verde,2026-10-05T22:34,0.45
via_verde,2026-10-05T22:35,0.45
via_verde,2026-10-05T22:36,0.44
via_verde,2026-10-05T22:37,0.45
via_verde,2026-10-05T22:38,0.45
via_verde,2026-10-05T22:39,0.45
via_verde,2026-10-05T22:40,0.46
via_verde,2026-10-05T22:41,0.46
via_verde,2026-10-05T22:42,0.47
via_verde,2026-10-05T22:43,0.46
via_verde,2026-10-05T22:44,0.47
via_verde,2026-10-05T22:45,0.46
via_verde,2026-10-05T22:46,0.46
via_verde,2026-10-05T22:47,0.47
via_verde,2026-10-05T22:48,0.46
via_verde,2026-10-05T22:49,0.47
via_verde,2026-10-05T22:50,0.47
via_verde,2026-10-05T22:51,0.47
via_verde,2026-10-05T22:52,0.47
via_verde,2026-10-05T22:53,0.46
via_verde,2026-10-05T22:54,0.47
via_verde,2026-10-05T22:55,0.47
via_verde,2026-10-05T22:56,0.47
via_verde,2026-10-05T22:57,0.47
via_verde,2026-10-05T22:58,0.47
via_verde,2026-10-05T22:59,0.47
via_verde,2026-10-05T23:00,0.47
via_verde,2026-10-05T23:01,0.47
via_verde,2026-10-05T23:02,0.47
via_verde,2026-10-05T23:03,0.46
via_verde,2026-10-05T23:04,0.47
via_verde,2026-10-05T23:05,0.48
via_verde,2026-10-05T23:06,0.47
via_verde,2026-10-05T23:07,0.48
via_verde,2026-10-05T23:08,0.48
via_verde,2026-10-05T23:09,0.48
via_verde,2026-10-05T23:10,0.48
via_verde,2026-10-05T23:11,0.48
via_verde,2026-10-05T23:12,0.48
via_verde,2026-10-05T23:13,0.48
via_verde,2026-10-05T23:14,0.48
via_verde,2026-10-05T23:15,0.48
via_verde,2026-10-05T23:16,0.48
via_verde,2026-10-05T23:17,0.48
via_verde,2026-10-05T23:18,0.48
via_verde,2026-10-05T23:19,0.48
via_verde,2026-10-05T23:20,0.48
via_verde,2026-10-05T23:21,0.48
via_verde,2026-10-05T23:22,0.48
via_verde,2026-10-05T23:23,0.48
via_verde,2026-10-05T23:24,0.48
via_verde,2026-10-05T23:25,0.48
via_verde,2026-10-05T23:26,0.48
via_verde,2026-10-05T23:27,0.48
via_verde,2026-10-05T23:28,0.48
via_verde,2026-10-05T23:29,0.49
via_verde,2026-10-05T23:30,0.49
via_verde,2026-10-05T23:31,0.49
via_verde,2026-10-05T23:32,0.49
via_verde,2026-10-05T23:33,0.49
via_verde,2026-10-05T23:34,0.49
via_verde,2026-10-05T23:35,0.49
via_verde,2026-10-05T23:36,0.49
via_verde,2026-10-05T23:37,0.49
via_verde,2026-10-05T23:38,0.49
via_verde,2026-10-05T23:39,0.49
via_verde,2026-10-05T23:40,0.49
via_verde,2026-10-05T23:41,0.49
via_verde,2026-10-05T23:42,0.49
via_verde,2026-10-05T23:43,0.49
via_verde,2026-10-05T23:44,0.5
via_verde,2026-10-05T23:45,0.49
via_verde,2026-10-05T23:46,0.5
via_verde,2026-10-05T23:47,0.49
via_verde,2026-10-05T23:48,0.49
via_verde,2026-10-05T23:49,0.51
via_verde,2026-10-05T23:50,0.5
via_verde,2026-10-05T23:51,0.5
via_verde,2026-10-05T23:52,0.5
via_verde,2026-10-05T23:53,0.51
via_verde,2026-10-05T23:54,0.49
via_verde,2026-10-05T23:55,0.51
via_verde,2026-10-05T23:56,0.51
via_verde,2026-10-05T23:57,0.51
via_verde,2026-10-05T23:58,0.51
via_verde,2026-10-05T23:59,0.51
via_verde,2026-10-06T00:00,0.51
via_verde,2026-10-06T00:01,0.51
via_verde,2026-10-06T00:02,0.51
via_verde,2026-10-06T00:03,0.51
via_verde,2026-10-06T00:04,0.51
via_verde,2026-10-06T00:05,0.51
via_verde,2026-10-06T00:06,0.51
via_verde,2026-10-06T00:07,0.51
via_verde,2026-10-06T00:08,0.51
via_verde,2026-10-06T00:09,0.51
via_verde,2026-10-06T00:10,0.51
via_verde,2026-10-06T00:11,0.51
via_verde,2026-10-06T00:12,0.51
via_verde,2026-10-06T00:13,0.52
via_verde,2026-10-06T00:14,0.51
via_verde,2026-10-06T00:15,0.52
via_verde,2026-10-06T00:16,0.52
via_verde,2026-10-06T00:17,0.52
via_verde,2026-10-06T00:18,0.51
via_verde,2026-10-06T00:19,0.52
via_verde,2026-10-06T00:20,0.51
via_verde,2026-10-06T00:21,0.52
via_verde,2026-10-06T00:22,0.52
via_verde,2026-10-06T00:23,0.52
via_verde,2026-10-06T00:24,0.52
via_verde,2026-10-06T00:25,0.5
via_verde,2026-10-06T00:26,0.51
via_verde,2026-10-06T00:27,0.52
via_verde,2026-10-06T00:28,0.52
via_verde,2026-10-06T00:29,0.52
via_verde,2026-10-06T00:30,0.52
via_verde,2026-10-06T00:31,0.52
via_verde,2026-10-06T00:32,0.52
via_verde,2026-10-06T00:33,0.52
via_verde,2026-10-06T00:34,0.52
via_verde,2026-10-06T00:35,0.52
via_verde,2026-10-06T00:36,0.52
via_verde,2026-10-06T00:37,0.52
via_verde,2026-10-06T00:38,0.52
via_verde,2026-10-06T00:39,0.51
via_verde,2026-10-06T00:40,0.52
via_verde,2026-10-06T00:41,0.52
via_verde,2026-10-06T00:42,0.53
via_verde,2026-10-06T00:43,0.52
via_verde,2026-10-06T00:44,0.53
via_verde,2026-10-06T00:45,0.53
via_verde,2026-10-06T00:46,0.53
via_verde,2026-10-06T00:47,0.52
via_verde,2026-10-06T00:48,0.52
via_verde,2026-10-06T00:49,0.53
via_verde,2026-10-06T00:50,0.53
via_verde,2026-10-06T00:51,0.53
via_verde,2026-10-06T00:52,0.52
via_verde,2026-10-06T00:53,0.53
via_verde,2026-10-06T00:54,0.53
via_verde,2026-10-06T00:55,0.53
via_verde,2026-10-06T00:56,0.53
via_verde,2026-10-06T00:57,0.52
via_verde,2026-10-06T00:58,0.53
via_verde,2026-10-06T00:59,0.53
via_verde,2026-10-06T01:00,0.53
via_verde,2026-10-06T01:01,0.52
via_verde,2026-10-06T01:02,0.53
via_verde,2026-10-06T01:03,0.52
via_verde,2026-10-06T01:04,0.53
via_verde,2026-10-06T01:05,0.53
via_verde,2026-10-06T01:06,0.53
via_verde,2026-10-06T01:07,0.52
via_verde,2026-10-06T01:08,0.52
via_verde,2026-10-06T01:09,0.53
via_verde,2026-10-06T01:10,0.52
via_verde,2026-10-06T01:11,0.52
via_verde,2026-10-06T01:12,0.52
via_verde,2026-10-06T01:13,0.52
via_verde,2026-10-06T01:14,0.51
via_verde,2026-10-06T01:15,0.52
via_verde,2026-10-06T01:16,0.53
via_verde,2026-10-06T01:17,0.52
via_verde,2026-10-06T01:18,0.52
via_verde,2026-10-06T01:19,0.53
via_verde,2026-10-06T01:20,0.53
via_verde,2026-10-06T01:21,0.53
via_verde,2026-10-06T01:22,0.53
via_verde,2026-10-06T01:23,0.52
via_verde,2026-10-06T01:24,0.53
via_verde,2026-10-06T01:25,0.53
via_verde,2026-10-06T01:26,0.53
via_verde,2026-10-06T01:27,0.53
via_verde,2026-10-06T01:28,0.53
via_verde,2026-10-06T01:29,0.53
via_verde,2026-10-06T01:30,0.53
via_verde,2026-10-06T01:31,0.52
via_verde,2026-10-06T01:32,0.53
via_verde,2026-10-06T01:33,0.53
via_verde,2026-10-06T01:34,0.53
via_verde,2026-10-06T01:35,0.52
via_verde,2026-10-06T01:36,0.53
via_verde,2026-10-06T01:37,0.53
via_verde,2026-10-06T01:38,0.53
via_verde,2026-10-06T01:39,0.53
via_verde,2026-10-06T01:40,0.53
via_verde,2026-10-06T01:41,0.54
via_verde,2026-10-06T01:42,0.53
via_verde,2026-10-06T01:43,0.53
via_verde,2026-10-06T01:44,0.53
via_verde,2026-10-06T01:45,0.53
via_verde,2026-10-06T01:46,0.53
via_verde,2026-10-06T01:47,0.54
via_verde,2026-10-06T01:48,0.53
via_verde,2026-10-06T01:49,0.54
via_verde,2026-10-06T01:50,0.53
via_verde,2026-10-06T01:51,0.53
via_verde,2026-10-06T01:52,0.53
via_verde,2026-10-06T01:53,0.53
via_verde,2026-10-06T01:54,0.53
via_verde,2026-10-06T01:55,0.54
via_verde,2026-10-06T01:56,0.53
via_verde,2026-10-06T01:57,0.53
via_verde,2026-10-06T01:58,0.53
via_verde,2026-10-06T01:59,0.54
via_verde,2026-10-06T02:00,0.53
via_verde,2026-10-06T02:01,0.53
via_verde,2026-10-06T02:02,0.54
via_verde,2026-10-06T02:03,0.54
via_verde,2026-10-06T02:04,0.54
via_verde,2026-10-06T02:05,0.54
via_verde,2026-10-06T02:06,0.54
via_verde,2026-10-06T02:07,0.54
via_verde,2026-10-06T02:08,0.54
via_verde,2026-10-06T02:09,0.53
via_verde,2026-10-06T02:10,0.54
via_verde,2026-10-06T02:11,0.54
via_verde,2026-10-06T02:12,0.54
via_verde,2026-10-06T02:13,0.53
via_verde,2026-10-06T02:14,0.54
via_verde,2026-10-06T02:15,0.54
via_verde,2026-10-06T02:16,0.53
via_verde,2026-10-06T02:17,0.54
via_verde,2026-10-06T02:18,0.54
via_verde,2026-10-06T02:19,0.54
via_verde,2026-10-06T02:20,0.54
via_verde,2026-10-06T02:21,0.54
via_verde,2026-10-06T02:22,0.54
via_verde,2026-10-06T02:23,0.54
via_verde,2026-10-06T02:24,0.54
via_verde,2026-10-06T02:25,0.53
via_verde,2026-10-06T02:26,0.54
via_verde,2026-10-06T02:27,0.54
via_verde,2026-10-06T02:28,0.54
via_verde,2026-10-06T02:29,0.54
via_verde,2026-10-06T02:30,0.54
via_verde,2026-10-06T02:31,0.54
via_verde,2026-10-06T02:32,0.54
via_verde,2026-10-06T02:33,0.54
via_verde,2026-10-06T02:34,0.53
via_verde,2026-10-06T02:35,0.54
via_verde,2026-10-06T02:36,0.54
via_verde,2026-10-06T02:37,0.54
via_verde,2026-10-06T02:38,0.54
via_verde,2026-10-06T02:39,0.54
via_verde,2026-10-06T02:40,0.54
via_verde,2026-10-06T02:41,0.54
via_verde,2026-10-06T02:42,0.53
via_verde,2026-10-06T02:43,0.54
via_verde,2026-10-06T02:44,0.55
via_verde,2026-10-06T02:45,0.54
via_verde,2026-10-06T02:46,0.54
via_verde,2026-10-06T02:47,0.54
via_verde,2026-10-06T02:48,0.54
via_verde,2026-10-06T02:49,0.54
via_verde,2026-10-06T02:50,0.54
via_verde,2026-10-06T02:51,0.54
via_verde,2026-10-06T02:52,0.54
via_verde,2026-10-06T02:53,0.54
via_verde,2026-10-06T02:54,0.54
via_verde,2026-10-06T02:55,0.54
via_verde,2026-10-06T02:56,0.53
via_verde,2026-10-06T02:57,0.53
via_verde,2026-10-06T02:58,0.53
via_verde,2026-10-06T02:59,0.54
via_verde,2026-10-06T03:00,0.53
via_verde,2026-10-06T03:01,0.53
via_verde,2026-10-06T03:02,0.53
via_verde,2026-10-06T03:03,0.54
via_verde,2026-10-06T03:04,0.53
via_verde,2026-10-06T03:05,0.53
via_verde,2026-10-06T03:06,0.53
via_verde,2026-10-06T03:07,0.53
via_verde,2026-10-06T03:08,0.55
via_verde,2026-10-06T03:09,0.54
via_verde,2026-10-06T03:10,0.54
via_verde,2026-10-06T03:11,0.54
via_verde,2026-10-06T03:12,0.54
via_verde,2026-10-06T03:13,0.53
via_verde,2026-10-06T03:14,0.54
via_verde,2026-10-06T03:15,0.53
via_verde,2026-10-06T03:16,0.54
via_verde,2026-10-06T03:17,0.54
via_verde,2026-10-06T03:18,0.55
via_verde,2026-10-06T03:19,0.53
via_verde,2026-10-06T03:20,0.54
via_verde,2026-10-06T03:21,0.54
via_verde,2026-10-06T03:22,0.54
via_verde,2026-10-06T03:23,0.54
via_verde,2026-10-06T03:24,0.53
via_verde,2026-10-06T03:25,0.54
via_verde,2026-10-06T03:26,0.54
via_verde,2026-10-06T03:27,0.54
via_verde,2026-10-06T03:28,0.54
via_verde,2026-10-06T03:29,0.54
via_verde,2026-10-06T03:30,0.54
via_verde,2026-10-06T03:31,0.53
via_verde,2026-10-06T03:32,0.55
via_verde,2026-10-06T03:33,0.54
via_verde,2026-10-06T03:34,0.54
via_verde,2026-10-06T03:35,0.54
via_verde,2026-10-06T03:36,0.54
via_verde,2026-10-06T03:37,0.53
via_verde,2026-10-06T03:38,0.55
via_verde,2026-10-06T03:39,0.54
via_verde,2026-10-06T03:40,0.54
via_verde,2026-10-06T03:41,0.55
via_verde,2026-10-06T03:42,0.55
via_verde,2026-10-06T03:43,0.55
via_verde,2026-10-06T03:44,0.55
via_verde,2026-10-06T03:45,0.55
via_verde,2026-10-06T03:46,0.55
via_verde,2026-10-06T03:47,0.55
via_verde,2026-10-06T03:48,0.55
via_verde,2026-10-06T03:49,0.55
via_verde,2026-10-06T03:50,0.55
via_verde,2026-10-06T03:51,0.55
via_verde,2026-10-06T03:52,0.56
via_verde,2026-10-06T03:53,0.56
via_verde,2026-10-06T03:54,0.55
via_verde,2026-10-06T03:55,0.56
via_verde,2026-10-06T03:56,0.56
via_verde,2026-10-06T03:57,0.56
via_verde,2026-10-06T03:58,0.56
via_verde,2026-10-06T03:59,0.56
via_verde,2026-10-06T04:00,0.56
via_verde,2026-10-06T04:01,0.57
via_verde,2026-10-06T04:02,0.56
via_verde,2026-10-06T04:03,0.57
via_verde,2026-10-06T04:04,0.56
via_verde,2026-10-06T04:05,0.55
via_verde,2026-10-06T04:06,0.55
via_verde,2026-10-06T04:07,0.56
via_verde,2026-10-06T04:08,0.57
via_verde,2026-10-06T04:09,0.57
via_verde,2026-10-06T04:10,0.57
via_verde,2026-10-06T04:11,0.57
via_verde,2026-10-06T04:12,0.58
via_verde,2026-10-06T04:13,0.58
via_verde,2026-10-06T04:14,0.58
via_verde,2026-10-06T04:15,0.58
via_verde,2026-10-06T04:16,0.58
via_verde,2026-10-06T04:17,0.56
via_verde,2026-10-06T04:18,0.58
via_verde,2026-10-06T04:19,0.58
via_verde,2026-10-06T04:20,0.58
via_verde,2026-10-06T04:21,0.58
via_verde,2026-10-06T04:22,0.58
via_verde,2026-10-06T04:23,0.59
via_verde,2026-10-06T04:24,0.59
via_verde,2026-10-06T04:25,0.58
via_verde,2026-10-06T04:26,0.58
via_verde,2026-10-06T04:27,0.59
via_verde,2026-10-06T04:28,0.59
via_verde,2026-10-06T04:29,0.59
via_verde,2026-10-06T04:30,0.59
via_verde,2026-10-06T04:31,0.6
via_verde,2026-10-06T04:32,0.6
via_verde,2026-10-06T04:33,0.6
via_verde,2026-10-06T04:34,0.6
via_verde,2026-10-06T04:35,0.61
via_verde,2026-10-06T04:36,0.59
via_verde,2026-10-06T04:37,0.6
via_verde,2026-10-06T04:38,0.59
via_verde,2026-10-06T04:39,0.6
via_verde,2026-10-06T04:40,0.61
via_verde,2026-10-06T04:41,0.61
via_verde,2026-10-06T04:42,0.61
via_verde,2026-10-06T04:43,0.61
via_verde,2026-10-06T04:44,0.61
via_verde,2026-10-06T04:45,0.61
via_verde,2026-10-06T04:46,0.62
via_verde,2026-10-06T04:47,0.62
via_verde,2026-10-06T04:48,0.62
via_verde,2026-10-06T04:49,0.62
via_verde,2026-10-06T04:50,0.61
via_verde,2026-10-06T04:51,0.62
via_verde,2026-10-06T04:52,0.62
via_verde,2026-10-06T04:53,0.63
via_verde,2026-10-06T04:54,0.62
via_verde,2026-10-06T04:55,0.63
via_verde,2026-10-06T04:56,0.63
via_verde,2026-10-06T04:57,0.63
via_verde,2026-10-06T04:58,0.63
via_verde,2026-10-06T04:59,0.64
via_verde,2026-10-06T05:00,0.63
via_verde,2026-10-06T05:01,0.63
via_verde,2026-10-06T05:02,0.64
via_verde,2026-10-06T05:03,0.64
via_verde,2026-10-06T05:04,0.63
via_verde,2026-10-06T05:05,0.64
via_verde,2026-10-06T05:06,0.64
via_verde,2026-10-06T05:07,0.65
via_verde,2026-10-06T05:08,0.64
via_verde,2026-10-06T05:09,0.65
via_verde,2026-10-06T05:10,0.65
via_verde,2026-10-06T05:11,0.65
via_verde,2026-10-06T05:12,0.65
via_verde,2026-10-06T05:13,0.66
via_verde,2026-10-06T05:14,0.64
via_verde,2026-10-06T05:15,0.66
via_verde,2026-10-06T05:16,0.66
via_verde,2026-10-06T05:17,0.66
via_verde,2026-10-06T05:18,0.66
via_verde,2026-10-06T05:19,0.66
via_verde,2026-10-06T05:20,0.66
via_verde,2026-10-06T05:21,0.65
via_verde,2026-10-06T05:22,0.67
via_verde,2026-10-06T05:23,0.66
via_verde,2026-10-06T05:24,0.67
via_verde,2026-10-06T05:25,0.67
via_verde,2026-10-06T05:26,0.67
via_verde,2026-10-06T05:27,0.67
via_verde,2026-10-06T05:28,0.67
via_verde,2026-10-06T05:29,0.67
via_verde,2026-10-06T05:30,0.68
via_verde,2026-10-06T05:31,0.68
via_verde,2026-10-06T05:32,0.68
via_verde,2026-10-06T05:33,0.69
via_verde,2026-10-06T05:34,0.68
via_verde,2026-10-06T05:35,0.68
via_verde,2026-10-06T05:36,0.69
via_verde,2026-10-06T05:37,0.69
via_verde,2026-10-06T05:38,0.7
via_verde,2026-10-06T05:39,0.69
via_verde,2026-10-06T05:40,0.7
via_verde,2026-10-06T05:41,0.71
via_verde,2026-10-06T05:42,0.7
via_verde,2026-10-06T05:43,0.69
via_verde,2026-10-06T05:44,0.71
via_verde,2026-10-06T05:45,0.71
via_verde,2026-10-06T05:46,0.71
via_verde,2026-10-06T05:47,0.71
via_verde,2026-10-06T05:48,0.71
via_verde,2026-10-06T05:49,0.72
via_verde,2026-10-06T05:50,0.7
via_verde,2026-10-06T05:51,0.72
via_verde,2026-10-06T05:52,0.71
via_verde,2026-10-06T05:53,0.72
via_verde,2026-10-06T05:54,0.71
via_verde,2026-10-06T05:55,0.73
via_verde,2026-10-06T05:56,0.72
via_verde,2026-10-06T05:57,0.72
via_verde,2026-10-06T05:58,0.73
via_verde,2026-10-06T05:59,0.72
via_verde,2026-10-06T06:00,0.73
via_verde,2026-10-06T06:01,0.73
via_verde,2026-10-06T06:02,0.73
via_verde,2026-10-06T06:03,0.73
via_verde,2026-10-06T06:04,0.74
via_verde,2026-10-06T06:05,0.75
via_verde,2026-10-06T06:06,0.74
via_verde,2026-10-06T06:07,0.73
via_verde,2026-10-06T06:08,0.74
via_verde,2026-10-06T06:09,0.76
via_verde,2026-10-06T06:10,0.74
via_verde,2026-10-06T06:11,0.74
via_verde,2026-10-06T06:12,0.75
via_verde,2026-10-06T06:13,0.76
via_verde,2026-10-06T06:14,0.76
via_verde,2026-10-06T06:15,0.76
via_verde,2026-10-06T06:16,0.75
via_verde,2026-10-06T06:17,0.76
via_verde,2026-10-06T06:18,0.76
via_verde,2026-10-06T06:19,0.76
via_verde,2026-10-06T06:20,0.76
via_verde,2026-10-06T06:21,0.77
via_verde,2026-10-06T06:22,0.77
via_verde,2026-10-06T06:23,0.78
via_verde,2026-10-06T06:24,0.77
via_verde,2026-10-06T06:25,0.77
via_verde,2026-10-06T06:26,0.78
via_verde,2026-10-06T06:27,0.78
via_verde,2026-10-06T06:28,0.78
via_verde,2026-10-06T06:29,0.78
via_verde,2026-10-06T06:30,0.78
via_verde,2026-10-06T06:31,0.79
via_verde,2026-10-06T06:32,0.78
via_verde,2026-10-06T06:33,0.79
via_verde,2026-10-06T06:34,0.78
via_verde,2026-10-06T06:35,0.79
via_verde,2026-10-06T06:36,0.79
via_verde,2026-10-06T06:37,0.79
via_verde,2026-10-06T06:38,0.81
via_verde,2026-10-06T06:39,0.81
via_verde,2026-10-06T06:40,0.79
via_verde,2026-10-06T06:41,0.81
via_verde,2026-10-06T06:42,0.82
via_verde,2026-10-06T06:43,0.82
via_verde,2026-10-06T06:44,0.82
via_verde,2026-10-06T06:45,0.81
via_verde,2026-10-06T06:46,0.82
via_verde,2026-10-06T06:47,0.82
via_verde,2026-10-06T06:48,0.82
via_verde,2026-10-06T06:49,0.83
via_verde,2026-10-06T06:50,0.83
via_verde,2026-10-06T06:51,0.84
via_verde,2026-10-06T06:52,0.84
via_verde,2026-10-06T06:53,0.84
via_verde,2026-10-06T06:54,0.84
via_verde,2026-10-06T06:55,0.84
via_verde,2026-10-06T06:56,0.84
via_verde,2026-10-06T06:57,0.85
via_verde,2026-10-06T06:58,0.86
via_verde,2026-10-06T06:59,0.85
via_verde,2026-10-06T07:00,0.87
via_verde,2026-10-06T07:01,0.87
via_verde,2026-10-06T07:02,0.87
via_verde,2026-10-06T07:03,0.86
via_verde,2026-10-06T07:04,0.88
via_verde,2026-10-06T07:05,0.89
via_verde,2026-10-06T07:06,0.88
via_verde,2026-10-06T07:07,0.88
via_verde,2026-10-06T07:08,0.88
via_verde,2026-10-06T07:09,0.88
via_verde,2026-10-06T07:10,0.89
via_verde,2026-10-06T07:11,0.9
via_verde,2026-10-06T07:12,0.91
via_verde,2026-10-06T07:13,0.9
via_verde,2026-10-06T07:14,0.91
via_verde,2026-10-06T07:15,0.91
via_verde,2026-10-06T07:16,0.91
via_verde,2026-10-06T07:17,0.91
via_verde,2026-10-06T07:18,0.92
via_verde,2026-10-06T07:19,0.92
via_verde,2026-10-06T07:20,0.93
via_verde,2026-10-06T07:21,0.93
via_verde,2026-10-06T07:22,0.94
via_verde,2026-10-06T07:23,0.94
via_verde,2026-10-06T07:24,0.95
via_verde,2026-10-06T07:25,0.93
via_verde,2026-10-06T07:26,0.95
via_verde,2026-10-06T07:27,0.96
via_verde,2026-10-06T07:28,0.95
via_verde,2026-10-06T07:29,0.96
via_verde,2026-10-06T07:30,0.96
via_verde,2026-10-06T07:31,0.97
via_verde,2026-10-06T07:32,0.97
via_verde,2026-10-06T07:33,0.98
via_verde,2026-10-06T07:34,0.97
via_verde,2026-10-06T07:35,0.96
via_verde,2026-10-06T07:36,0.99
via_verde,2026-10-06T07:37,0.99
via_verde,2026-10-06T07:38,1
via_verde,2026-10-06T07:39,1
via_verde,2026-10-06T07:40,1
via_verde,2026-10-06T07:41,1.01
via_verde,2026-10-06T07:42,1.02
via_verde,2026-10-06T07:43,1.02
via_verde,2026-10-06T07:44,1.02
via_verde,2026-10-06T07:45,1.03
via_verde,2026-10-06T07:46,1.05
via_verde,2026-10-06T07:47,1.03
via_verde,2026-10-06T07:48,1.04
via_verde,2026-10-06T07:49,1.04
via_verde,2026-10-06T07:50,1.04
via_verde,2026-10-06T07:51,1.06
via_verde,2026-10-06T07:52,1.07
via_verde,2026-10-06T07:53,1.07
via_verde,2026-10-06T07:54,1.06
via_verde,2026-10-06T07:55,1.08
via_verde,2026-10-06T07:56,1.08
via_verde,2026-10-06T07:57,1.09
via_verde,2026-10-06T07:58,1.09
via_verde,2026-10-06T07:59,1.09
via_verde,2026-10-06T08:00,1.09
via_verde,2026-10-06T08:01,1.1
via_verde,2026-10-06T08:02,1.11
via_verde,2026-10-06T08:03,1.12
via_verde,2026-10-06T08:04,1.12
via_verde,2026-10-06T08:05,1.12
via_verde,2026-10-06T08:06,1.13
via_verde,2026-10-06T08:07,1.13
via_verde,2026-10-06T08:08,1.14
via_verde,2026-10-06T08:09,1.14
via_verde,2026-10-06T08:10,1.15
via_verde,2026-10-06T08:11,1.16
via_verde,2026-10-06T08:12,1.15
via_verde,2026-10-06T08:13,1.16
via_verde,2026-10-06T08:14,1.15
via_verde,2026-10-06T08:15,1.16
via_verde,2026-10-06T08:16,1.17
via_verde,2026-10-06T08:17,1.18
via_verde,2026-10-06T08:18,1.17
via_verde,2026-10-06T08:19,1.18
via_verde,2026-10-06T08:20,1.19
via_verde,2026-10-06T08:21,1.19
via_verde,2026-10-06T08:22,1.21
via_verde,2026-10-06T08:23,1.21
via_verde,2026-10-06T08:24,1.2
via_verde,2026-10-06T08:25,1.22
via_verde,2026-10-06T08:26,1.22
via_verde,2026-10-06T08:27,1.23
via_verde,2026-10-06T08:28,1.23
via_verde,2026-10-06T08:29,1.24
via_verde,2026-10-06T08:30,1.25
via_verde,2026-10-06T08:31,1.25
via_verde,2026-10-06T08:32,1.25
via_verde,2026-10-06T08:33,1.27
via_verde,2026-10-06T08:34,1.27
via_verde,2026-10-06T08:35,1.27
via_verde,2026-10-06T08:36,1.28
via_verde,2026-10-06T08:37,1.27
via_verde,2026-10-06T08:38,1.25
via_verde,2026-10-06T08:39,1.29
via_verde,2026-10-06T08:40,1.29
via_verde,2026-10-06T08:41,1.3
via_verde,2026-10-06T08:42,1.31
via_verde,2026-10-06T08:43,1.32
via_verde,2026-10-06T08:44,1.32
via_verde,2026-10-06T08:45,1.32
via_verde,2026-10-06T08:46,1.34
via_verde,2026-10-06T08:47,1.35
via_verde,2026-10-06T08:48,1.35
via_verde,2026-10-06T08:49,1.35
via_verde,2026-10-06T08:50,1.36
via_verde,2026-10-06T08:51,1.37
via_verde,2026-10-06T08:52,1.36
via_verde,2026-10-06T08:53,1.39
via_verde,2026-10-06T08:54,1.38
via_verde,2026-10-06T08:55,1.39
via_verde,2026-10-06T08:56,1.43
via_verde,2026-10-06T08:57,1.42
via_verde,2026-10-06T08:58,1.43
via_verde,2026-10-06T08:59,1.44
via_verde,2026-10-06T09:00,1.45
via_verde,2026-10-06T09:01,1.47
via_verde,2026-10-06T09:02,1.47
via_verde,2026-10-06T09:03,1.48
via_verde,2026-10-06T09:04,1.5
via_verde,2026-10-06T09:05,1.51
via_verde,2026-10-06T09:06,1.52
via_verde,2026-10-06T09:07,1.52
via_verde,2026-10-06T09:08,1.54
via_verde,2026-10-06T09:09,1.54
via_verde,2026-10-06T09:10,1.56
via_verde,2026-10-06T09:11,1.57
via_verde,2026-10-06T09:12,1.58
via_verde,2026-10-06T09:13,1.58
via_verde,2026-10-06T09:14,1.61
via_verde,2026-10-06T09:15,1.62
via_verde,2026-10-06T09:16,1.64
via_verde,2026-10-06T09:17,1.64
via_verde,2026-10-06T09:18,1.64
via_verde,2026-10-06T09:19,1.66
via_verde,2026-10-06T09:20,1.67
via_verde,2026-10-06T09:21,1.7
via_verde,2026-10-06T09:22,1.73
via_verde,2026-10-06T09:23,1.73
via_verde,2026-10-06T09:24,1.74
via_verde,2026-10-06T09:25,1.75
via_verde,2026-10-06T09:26,1.77
via_verde,2026-10-06T09:27,1.78
via_verde,2026-10-06T09:28,1.78
via_verde,2026-10-06T09:29,1.81
via_verde,2026-10-06T09:30,1.82
via_verde,2026-10-06T09:31,1.85
via_verde,2026-10-06T09:32,1.85
via_verde,2026-10-06T09:33,1.87
via_verde,2026-10-06T09:34,1.87
via_verde,2026-10-06T09:35,1.87
via_verde,2026-10-06T09:36,1.91
via_verde,2026-10-06T09:37,1.89
via_verde,2026-10-06T09:38,1.91
via_verde,2026-10-06T09:39,1.91
via_verde,2026-10-06T09:40,1.95
via_verde,2026-10-06T09:41,1.97
via_verde,2026-10-06T09:42,1.99
via_verde,2026-10-06T09:43,1.99
via_verde,2026-10-06T09:44,1.98
via_verde,2026-10-06T09:45,2.03
via_verde,2026-10-06T09:46,2.03
via_verde,2026-10-06T09:47,2.04
via_verde,2026-10-06T09:48,2.06
via_verde,2026-10-06T09:49,2.06
via_verde,2026-10-06T09:50,2.08
via_verde,2026-10-06T09:51,2.08
via_verde,2026-10-06T09:52,2.1
via_verde,2026-10-06T09:53,2.12
via_verde,2026-10-06T09:54,2.16
via_verde,2026-10-06T09:55,2.13
via_verde,2026-10-06T09:56,2.17
via_verde,2026-10-06T09:57,2.19
via_verde,2026-10-06T09:58,2.19
via_verde,2026-10-06T09:59,2.22
via_verde,2026-10-06T10:00,2.23
via_verde,2026-10-06T10:01,2.21
via_verde,2026-10-06T10:02,2.24
via_verde,2026-10-06T10:03,2.26
via_verde,2026-10-06T10:04,2.25
via_verde,2026-10-06T10:05,2.28
via_verde,2026-10-06T10:06,2.31
via_verde,2026-10-06T10:07,2.33
via_verde,2026-10-06T10:08,2.35
via_verde,2026-10-06T10:09,2.31
via_verde,2026-10-06T10:10,2.35
via_verde,2026-10-06T10:11,2.36
via_verde,2026-10-06T10:12,2.37
via_verde,2026-10-06T10:13,2.37
via_verde,2026-10-06T10:14,2.39
via_verde,2026-10-06T10:15,2.4
via_verde,2026-10-06T10:16,2.41
via_verde,2026-10-06T10:17,2.43
via_verde,2026-10-06T10:18,2.45
via_verde,2026-10-06T10:19,2.47
via_verde,2026-10-06T10:20,2.45
via_verde,2026-10-06T10:21,2.49
via_verde,2026-10-06T10:22,2.48
via_verde,2026-10-06T10:23,2.5
via_verde,2026-10-06T10:24,2.52
via_verde,2026-10-06T10:25,2.52
via_verde,2026-10-06T10:26,2.54
via_verde,2026-10-06T10:27,2.56
via_verde,2026-10-06T10:28,2.58
via_verde,2026-10-06T10:29,2.55
via_verde,2026-10-06T10:30,2.58
via_verde,2026-10-06T10:31,2.63
via_verde,2026-10-06T10:32,2.59
via_verde,2026-10-06T10:33,2.63
via_verde,2026-10-06T10:34,2.63
via_verde,2026-10-06T10:35,2.67
via_verde,2026-10-06T10:36,2.67
via_verde,2026-10-06T10:37,2.68
via_verde,2026-10-06T10:38,2.69
via_verde,2026-10-06T10:39,2.74
via_verde,2026-10-06T10:40,2.71
via_verde,2026-10-06T10:41,2.74
via_verde,2026-10-06T10:42,2.75
via_verde,2026-10-06T10:43,2.75
via_verde,2026-10-06T10:44,2.79
via_verde,2026-10-06T10:45,2.78
via_verde,2026-10-06T10:46,2.78
via_verde,2026-10-06T10:47,2.83
via_verde,2026-10-06T10:48,2.85
via_verde,2026-10-06T10:49,2.88
via_verde,2026-10-06T10:50,2.88
via_verde,2026-10-06T10:51,2.89
via_verde,2026-10-06T10:52,2.92
via_verde,2026-10-06T10:53,2.93
via_verde,2026-10-06T10:54,2.93
via_verde,2026-10-06T10:55,2.96
via_verde,2026-10-06T10:56,2.95
via_verde,2026-10-06T10:57,2.98
via_verde,2026-10-06T10:58,2.97
via_verde,2026-10-06T10:59,3.02
via_verde,2026-10-06T11:00,2.99
via_verde,2026-10-06T11:01,3.03
via_verde,2026-10-06T11:02,3.04
via_verde,2026-10-06T11:03,3.08
via_verde,2026-10-06T11:04,3.07
via_verde,2026-10-06T11:05,3.09
via_verde,2026-10-06T11:06,3.13
via_verde,2026-10-06T11:07,3.12
via_verde,2026-10-06T11:08,3.11
via_verde,2026-10-06T11:09,3.19
via_verde,2026-10-06T11:10,3.18
via_verde,2026-10-06T11:11,3.16
via_verde,2026-10-06T11:12,3.19
via_verde,2026-10-06T11:13,3.23
via_verde,2026-10-06T11:14,3.26
via_verde,2026-10-06T11:15,3.25
via_verde,2026-10-06T11:16,3.29
via_verde,2026-10-06T11:17,3.3
via_verde,2026-10-06T11:18,3.31
via_verde,2026-10-06T11:19,3.34
via_verde,2026-10-06T11:20,3.35
via_verde,2026-10-06T11:21,3.36
via_verde,2026-10-06T11:22,3.36
via_verde,2026-10-06T11:23,3.41
via_verde,2026-10-06T11:24,3.41
via_verde,2026-10-06T11:25,3.44
via_verde,2026-10-06T11:26,3.44
via_verde,2026-10-06T11:27,3.43
via_verde,2026-10-06T11:28,3.45
via_verde,2026-10-06T11:29,3.48
via_verde,2026-10-06T11:30,3.51
via_verde,2026-10-06T11:31,3.55
via_verde,2026-10-06T11:32,3.53
via_verde,2026-10-06T11:33,3.53
via_verde,2026-10-06T11:34,3.56
via_verde,2026-10-06T11:35,3.58
via_verde,2026-10-06T11:36,3.58
via_verde,2026-10-06T11:37,3.63
via_verde,2026-10-06T11:38,3.63
via_verde,2026-10-06T11:39,3.63
via_verde,2026-10-06T11:40,3.64
via_verde,2026-10-06T11:41,3.69
via_verde,2026-10-06T11:42,3.65
via_verde,2026-10-06T11:43,3.69
via_verde,2026-10-06T11:44,3.69
via_verde,2026-10-06T11:45,3.73
via_verde,2026-10-06T11:46,3.7
via_verde,2026-10-06T11:47,3.74
via_verde,2026-10-06T11:48,3.77
via_verde,2026-10-06T11:49,3.8
via_verde,2026-10-06T11:50,3.76
via_verde,2026-10-06T11:51,3.78
via_verde,2026-10-06T11:52,3.83
via_verde,2026-10-06T11:53,3.84
via_verde,2026-10-06T11:54,3.83
via_verde,2026-10-06T11:55,3.85
via_verde,2026-10-06T11:56,3.85
via_verde,2026-10-06T11:57,3.9
via_verde,2026-10-06T11:58,3.88
via_verde,2026-10-06T11:59,3.89
via_verde,2026-10-06T12:00,3.89
via_verde,2026-10-06T12:01,3.9
via_verde,2026-10-06T12:02,3.93
via_verde,2026-10-06T12:03,3.94
via_verde,2026-10-06T12:04,3.9
via_verde,2026-10-06T12:05,3.97
via_verde,2026-10-06T12:06,3.97
via_verde,2026-10-06T12:07,4
via_verde,2026-10-06T12:08,4
via_verde,2026-10-06T12:09,4
via_verde,2026-10-06T12:10,3.95
via_verde,2026-10-06T12:11,4.03
via_verde,2026-10-06T12:12,4.03
via_verde,2026-10-06T12:13,4.05
via_verde,2026-10-06T12:14,4.1
via_verde,2026-10-06T12:15,4.05
via_verde,2026-10-06T12:16,4.07
via_verde,2026-10-06T12:17,4.09
via_verde,2026-10-06T12:18,4.13
via_verde,2026-10-06T12:19,4.12
via_verde,2026-10-06T12:20,4.11
via_verde,2026-10-06T12:21,4.14
via_verde,2026-10-06T12:22,4.16
via_verde,2026-10-06T12:23,4.17
via_verde,2026-10-06T12:24,4.14
via_verde,2026-10-06T12:25,4.17
via_verde,2026-10-06T12:26,4.19
via_verde,2026-10-06T12:27,4.19
via_verde,2026-10-06T12:28,4.16
via_verde,2026-10-06T12:29,4.22
via_verde,2026-10-06T12:30,4.15
via_verde,2026-10-06T12:31,4.21
via_verde,2026-10-06T12:32,4.25
via_verde,2026-10-06T12:33,4.24
via_verde,2026-10-06T12:34,4.23
via_verde,2026-10-06T12:35,4.28
via_verde,2026-10-06T12:36,4.27
via_verde,2026-10-06T12:37,4.27
via_verde,2026-10-06T12:38,4.28
via_verde,2026-10-06T12:39,4.33
via_verde,2026-10-06T12:40,4.31
via_verde,2026-10-06T12:41,4.33
via_verde,2026-10-06T12:42,4.31
via_verde,2026-10-06T12:43,4.33
via_verde,2026-10-06T12:44,4.35
via_verde,2026-10-06T12:45,4.34
via_verde,2026-10-06T12:46,4.35
via_verde,2026-10-06T12:47,4.33
via_verde,2026-10-06T12:48,4.34
via_verde,2026-10-06T12:49,4.36
via_verde,2026-10-06T12:50,4.37
via_verde,2026-10-06T12:51,4.38
via_verde,2026-10-06T12:52,4.38
via_verde,2026-10-06T12:53,4.38
via_verde,2026-10-06T12:54,4.39
via_verde,2026-10-06T12:55,4.39
via_verde,2026-10-06T12:56,4.43
via_verde,2026-10-06T12:57,4.42
via_verde,2026-10-06T12:58,4.45
via_verde,2026-10-06T12:59,4.46
via_verde,2026-10-06T13:00,4.43
via_verde,2026-10-06T13:01,4.45
via_verde,2026-10-06T13:02,4.45
via_verde,2026-10-06T13:03,4.48
via_verde,2026-10-06T13:04,4.48
via_verde,2026-10-06T13:05,4.48
via_verde,2026-10-06T13:06,4.47
via_verde,2026-10-06T13:07,4.47
via_verde,2026-10-06T13:08,4.54
via_verde,2026-10-06T13:09,4.51
via_verde,2026-10-06T13:10,4.51
via_verde,2026-10-06T13:11,4.54
via_verde,2026-10-06T13:12,4.52
via_verde,2026-10-06T13:13,4.54
via_verde,2026-10-06T13:14,4.55
via_verde,2026-10-06T13:15,4.55
via_verde,2026-10-06T13:16,4.55
via_verde,2026-10-06T13:17,4.56
via_verde,2026-10-06T13:18,4.57
via_verde,2026-10-06T13:19,4.58
via_verde,2026-10-06T13:20,4.59
via_verde,2026-10-06T13:21,4.57
via_verde,2026-10-06T13:22,4.58
via_verde,2026-10-06T13:23,4.59
via_verde,2026-10-06T13:24,4.62
via_verde,2026-10-06T13:25,4.59
via_verde,2026-10-06T13:26,4.63
via_verde,2026-10-06T13:27,4.61
via_verde,2026-10-06T13:28,4.63
via_verde,2026-10-06T13:29,4.66
via_verde,2026-10-06T13:30,4.64
via_verde,2026-10-06T13:31,4.66
via_verde,2026-10-06T13:32,4.66
via_verde,2026-10-06T13:33,4.66
via_verde,2026-10-06T13:34,4.67
via_verde,2026-10-06T13:35,4.68
via_verde,2026-10-06T13:36,4.7
via_verde,2026-10-06T13:37,4.68
via_verde,2026-10-06T13:38,4.69
via_verde,2026-10-06T13:39,4.7
via_verde,2026-10-06T13:40,4.68
via_verde,2026-10-06T13:41,4.69
via_verde,2026-10-06T13:42,4.73
via_verde,2026-10-06T13:43,4.73
via_verde,2026-10-06T13:44,4.71
via_verde,2026-10-06T13:45,4.73
via_verde,2026-10-06T13:46,4.73
via_verde,2026-10-06T13:47,4.75
via_verde,2026-10-06T13:48,4.78
via_verde,2026-10-06T13:49,4.74
via_verde,2026-10-06T13:50,4.75
via_verde,2026-10-06T13:51,4.77
via_verde,2026-10-06T13:52,4.74
via_verde,2026-10-06T13:53,4.76
via_verde,2026-10-06T13:54,4.77
via_verde,2026-10-06T13:55,4.78
via_verde,2026-10-06T13:56,4.78
via_verde,2026-10-06T13:57,4.8
via_verde,2026-10-06T13:58,4.79
via_verde,2026-10-06T13:59,4.8
via_verde,2026-10-06T14:00,4.78
via_verde,2026-10-06T14:01,4.79
via_verde,2026-10-06T14:02,4.81
via_verde,2026-10-06T14:03,4.82
via_verde,2026-10-06T14:04,4.8
via_verde,2026-10-06T14:05,4.83
via_verde,2026-10-06T14:06,4.82
via_verde,2026-10-06T14:07,4.81
via_verde,2026-10-06T14:08,4.83
via_verde,2026-10-06T14:09,4.84
via_verde,2026-10-06T14:10,4.85
via_verde,2026-10-06T14:11,4.84
via_verde,2026-10-06T14:12,4.83
via_verde,2026-10-06T14:13,4.84
via_verde,2026-10-06T14:14,4.86
via_verde,2026-10-06T14:15,4.86
via_verde,2026-10-06T14:16,4.88
via_verde,2026-10-06T14:17,4.87
via_verde,2026-10-06T14:18,4.89
via_verde,2026-10-06T14:19,4.88
via_verde,2026-10-06T14:20,4.88
via_verde,2026-10-06T14:21,4.88
via_verde,2026-10-06T14:22,4.91
via_verde,2026-10-06T14:23,4.87
via_verde,2026-10-06T14:24,4.92
via_verde,2026-10-06T14:25,4.89
via_verde,2026-10-06T14:26,4.91
via_verde,2026-10-06T14:27,4.88
via_verde,2026-10-06T14:28,4.89
via_verde,2026-10-06T14:29,4.93
via_verde,2026-10-06T14:30,4.95
via_verde,2026-10-06T14:31,4.89
via_verde,2026-10-06T14:32,4.94
via_verde,2026-10-06T14:33,4.94
via_verde,2026-10-06T14:34,4.93
via_verde,2026-10-06T14:35,4.93
via_verde,2026-10-06T14:36,4.95
via_verde,2026-10-06T14:37,4.93
via_verde,2026-10-06T14:38,4.94
via_verde,2026-10-06T14:39,4.94
via_verde,2026-10-06T14:40,4.94
via_verde,2026-10-06T14:41,4.95
via_verde,2026-10-06T14:42,4.98
via_verde,2026-10-06T14:43,4.98
via_verde,2026-10-06T14:44,4.97
via_verde,2026-10-06T14:45,4.99
via_verde,2026-10-06T14:46,4.98
via_verde,2026-10-06T14:47,4.97
via_verde,2026-10-06T14:48,5
via_verde,2026-10-06T14:49,4.98
via_verde,2026-10-06T14:50,5
via_verde,2026-10-06T14:51,5.01
via_verde,2026-10-06T14:52,5.01
via_verde,2026-10-06T14:53,5.02
via_verde,2026-10-06T14:54,5.03
via_verde,2026-10-06T14:55,5.04
via_verde,2026-10-06T14:56,5.02
via_verde,2026-10-06T14:57,5.03
via_verde,2026-10-06T14:58,5.03
via_verde,2026-10-06T14:59,5.04
via_verde,2026-10-06T15:00,5.08
via_verde,2026-10-06T15:01,5.07
via_verde,2026-10-06T15:02,5.05
via_verde,2026-10-06T15:03,5.05
via_verde,2026-10-06T15:04,5.07
via_verde,2026-10-06T15:05,5.08
via_verde,2026-10-06T15:06,5.08
via_verde,2026-10-06T15:07,5.11
via_verde,2026-10-06T15:08,5.09
via_verde,2026-10-06T15:09,5.08
via_verde,2026-10-06T15:10,5.09
via_verde,2026-10-06T15:11,5.11
via_verde,2026-10-06T15:12,5.1
via_verde,2026-10-06T15:13,5.07
via_verde,2026-10-06T15:14,5.1
via_verde,2026-10-06T15:15,5.1
via_verde,2026-10-06T15:16,5.08
via_verde,2026-10-06T15:17,5.11
via_verde,2026-10-06T15:18,5.09
via_verde,2026-10-06T15:19,5.13
via_verde,2026-10-06T15:20,5.13
via_verde,2026-10-06T15:21,5.15
via_verde,2026-10-06T15:22,5.13
via_verde,2026-10-06T15:23,5.13
via_verde,2026-10-06T15:24,5.13
via_verde,2026-10-06T15:25,5.15
via_verde,2026-10-06T15:26,5.15
via_verde,2026-10-06T15:27,5.15
via_verde,2026-10-06T15:28,5.13
via_verde,2026-10-06T15:29,5.14
via_verde,2026-10-06T15:30,5.17
via_verde,2026-10-06T15:31,5.15
via_verde,2026-10-06T15:32,5.17
via_verde,2026-10-06T15:33,5.18
via_verde,2026-10-06T15:34,5.15
via_verde,2026-10-06T15:35,5.18
via_verde,2026-10-06T15:36,5.16
via_verde,2026-10-06T15:37,5.18
via_verde,2026-10-06T15:38,5.18
via_verde,2026-10-06T15:39,5.2
via_verde,2026-10-06T15:40,5.19
via_verde,2026-10-06T15:41,5.18
via_verde,2026-10-06T15:42,5.18
via_verde,2026-10-06T15:43,5.18
via_verde,2026-10-06T15:44,5.2
via_verde,2026-10-06T15:45,5.2
via_verde,2026-10-06T15:46,5.22
via_verde,2026-10-06T15:47,5.22
via_verde,2026-10-06T15:48,5.22
via_verde,2026-10-06T15:49,5.23
via_verde,2026-10-06T15:50,5.23
via_verde,2026-10-06T15:51,5.21
via_verde,2026-10-06T15:52,5.21
via_verde,2026-10-06T15:53,5.22
via_verde,2026-10-06T15:54,5.23
via_verde,2026-10-06T15:55,5.24
via_verde,2026-10-06T15:56,5.25
via_verde,2026-10-06T15:57,5.25
via_verde,2026-10-06T15:58,5.24
via_verde,2026-10-06T15:59,5.23
via_verde,2026-10-06T16:00,5.25
via_verde,2026-10-06T16:01,5.26
via_verde,2026-10-06T16:02,5.24
via_verde,2026-10-06T16:03,5.23
via_verde,2026-10-06T16:04,5.23
via_verde,2026-10-06T16:05,5.23
via_verde,2026-10-06T16:06,5.26
via_verde,2026-10-06T16:07,5.24
via_verde,2026-10-06T16:08,5.24
via_verde,2026-10-06T16:09,5.26
via_verde,2026-10-06T16:10,5.26
via_verde,2026-10-06T16:11,5.26
via_verde,2026-10-06T16:12,5.26
via_verde,2026-10-06T16:13,5.27
via_verde,2026-10-06T16:14,5.27
via_verde,2026-10-06T16:15,5.27
via_verde,2026-10-06T16:16,5.26
via_verde,2026-10-06T16:17,5.28
via_verde,2026-10-06T16:18,5.29
via_verde,2026-10-06T16:19,5.29
via_verde,2026-10-06T16:20,5.27
via_verde,2026-10-06T16:21,5.29
via_verde,2026-10-06T16:22,5.28
via_verde,2026-10-06T16:23,5.32
via_verde,2026-10-06T16:24,5.29
via_verde,2026-10-06T16:25,5.29
via_verde,2026-10-06T16:26,5.3
via_verde,2026-10-06T16:27,5.3
via_verde,2026-10-06T16:28,5.31
via_verde,2026-10-06T16:29,5.31
via_verde,2026-10-06T16:30,5.31
via_verde,2026-10-06T16:31,5.32
via_verde,2026-10-06T16:32,5.31
via_verde,2026-10-06T16:33,5.32
via_verde,2026-10-06T16:34,5.33
via_verde,2026-10-06T16:35,5.33
via_verde,2026-10-06T16:36,5.32
via_verde,2026-10-06T16:37,5.33
via_verde,2026-10-06T16:38,5.33
via_verde,2026-10-06T16:39,5.32
via_verde,2026-10-06T16:40,5.34
via_verde,2026-10-06T16:41,5.33
via_verde,2026-10-06T16:42,5.33
via_verde,2026-10-06T16:43,5.32
via_verde,2026-10-06T16:44,5.34
via_verde,2026-10-06T16:45,5.34
via_verde,2026-10-06T16:46,5.35
via_verde,2026-10-06T16:47,5.36
via_verde,2026-10-06T16:48,5.36
via_verde,2026-10-06T16:49,5.33
via_verde,2026-10-06T16:50,5.34
via_verde,2026-10-06T16:51,5.36
via_verde,2026-10-06T16:52,5.34
via_verde,2026-10-06T16:53,5.36
via_verde,2026-10-06T16:54,5.35
via_verde,2026-10-06T16:55,5.34
via_verde,2026-10-06T16:56,5.38
via_verde,2026-10-06T16:57,5.36
via_verde,2026-10-06T16:58,5.35
via_verde,2026-10-06T16:59,5.38
via_verde,2026-10-06T17:00,5.39
via_verde,2026-10-06T17:01,5.37
via_verde,2026-10-06T17:02,5.38
via_verde,2026-10-06T17:03,5.35
via_verde,2026-10-06T17:04,5.39
via_verde,2026-10-06T17:05,5.37
via_verde,2026-10-06T17:06,5.37
via_verde,2026-10-06T17:07,5.38
via_verde,2026-10-06T17:08,5.38
via_verde,2026-10-06T17:09,5.38
via_verde,2026-10-06T17:10,5.39
via_verde,2026-10-06T17:11,5.4
via_verde,2026-10-06T17:12,5.38
via_verde,2026-10-06T17:13,5.38
via_verde,2026-10-06T17:14,5.4
via_verde,2026-10-06T17:15,5.38
via_verde,2026-10-06T17:16,5.39
via_verde,2026-10-06T17:17,5.39
via_verde,2026-10-06T17:18,5.38
via_verde,2026-10-06T17:19,5.38
via_verde,2026-10-06T17:20,5.38
via_verde,2026-10-06T17:21,5.38
via_verde,2026-10-06T17:22,5.4
via_verde,2026-10-06T17:23,5.37
via_verde,2026-10-06T17:24,5.4
via_verde,2026-10-06T17:25,5.39
via_verde,2026-10-06T17:26,5.37
via_verde,2026-10-06T17:27,5.37
via_verde,2026-10-06T17:28,5.41
via_verde,2026-10-06T17:29,5.4
via_verde,2026-10-06T17:30,5.38
via_verde,2026-10-06T17:31,5.38
via_verde,2026-10-06T17:32,5.39
via_verde,2026-10-06T17:33,5.41
via_verde,2026-10-06T17:34,5.42
via_verde,2026-10-06T17:35,5.4
via_verde,2026-10-06T17:36,5.41
via_verde,2026-10-06T17:37,5.42
via_verde,2026-10-06T17:38,5.41
via_verde,2026-10-06T17:39,5.39
via_verde,2026-10-06T17:40,5.39
via_verde,2026-10-06T17:41,5.38
via_verde,2026-10-06T17:42,5.39
via_verde,2026-10-06T17:43,5.43
via_verde,2026-10-06T17:44,5.38
via_verde,2026-10-06T17:45,5.39
via_verde,2026-10-06T17:46,5.4
via_verde,2026-10-06T17:47,5.42
via_verde,2026-10-06T17:48,5.41
via_verde,2026-10-06T17:49,5.4
via_verde,2026-10-06T17:50,5.42
via_verde,2026-10-06T17:51,5.41
via_verde,2026-10-06T17:52,5.38
via_verde,2026-10-06T17:53,5.4
via_verde,2026-10-06T17:54,5.4
via_verde,2026-10-06T17:55,5.39
via_verde,2026-10-06T17:56,5.39
via_verde,2026-10-06T17:57,5.4
via_verde,2026-10-06T17:58,5.39
via_verde,2026-10-06T17:59,5.39
via_verde,2026-10-06T18:00,5.4
via_verde,2026-10-06T18:01,5.42
via_verde,2026-10-06T18:02,5.41
via_verde,2026-10-06T18:03,5.4
via_verde,2026-10-06T18:04,5.39
via_verde,2026-10-06T18:05,5.41
via_verde,2026-10-06T18:06,5.39
via_verde,2026-10-06T18:07,5.4
via_verde,2026-10-06T18:08,5.41
via_verde,2026-10-06T18:09,5.4
via_verde,2026-10-06T18:10,5.42
via_verde,2026-10-06T18:11,5.39
via_verde,2026-10-06T18:12,5.4
via_verde,2026-10-06T18:13,5.4
via_verde,2026-10-06T18:14,5.41
via_verde,2026-10-06T18:15,5.41
via_verde,2026-10-06T18:16,5.4
via_verde,2026-10-06T18:17,5.4
via_verde,2026-10-06T18:18,5.42
via_verde,2026-10-06T18:19,5.41
via_verde,2026-10-06T18:20,5.4
via_verde,2026-10-06T18:21,5.41
via_verde,2026-10-06T18:22,5.42
via_verde,2026-10-06T18:23,5.4
via_verde,2026-10-06T18:24,5.43
via_verde,2026-10-06T18:25,5.4
via_verde,2026-10-06T18:26,5.41
via_verde,2026-10-06T18:27,5.38
via_verde,2026-10-06T18:28,5.39
via_verde,2026-10-06T18:29,5.41
via_verde,2026-10-06T18:30,5.41
via_verde,2026-10-06T18:31,5.38
via_verde,2026-10-06T18:32,5.4
via_verde,2026-10-06T18:33,5.39
via_verde,2026-10-06T18:34,5.41
via_verde,2026-10-06T18:35,5.41
via_verde,2026-10-06T18:36,5.4
via_verde,2026-10-06T18:37,5.39
via_verde,2026-10-06T18:38,5.41
via_verde,2026-10-06T18:39,5.42
via_verde,2026-10-06T18:40,5.42
via_verde,2026-10-06T18:41,5.39
via_verde,2026-10-06T18:42,5.4
via_verde,2026-10-06T18:43,5.42
via_verde,2026-10-06T18:44,5.41
via_verde,2026-10-06T18:45,5.39
via_verde,2026-10-06T18:46,5.38
via_verde,2026-10-06T18:47,5.4
via_verde,2026-10-06T18:48,5.39
via_verde,2026-10-06T18:49,5.4
via_verde,2026-10-06T18:50,5.4
via_verde,2026-10-06T18:51,5.39
via_verde,2026-10-06T18:52,5.41
via_verde,2026-10-06T18:53,5.4
via_verde,2026-10-06T18:54,5.36
via_verde,2026-10-06T18:55,5.41
via_verde,2026-10-06T18:56,5.4
via_verde,2026-10-06T18:57,5.39
via_verde,2026-10-06T18:58,5.42
via_verde,2026-10-06T18:59,5.41
via_verde,2026-10-06T19:00,5.41
via_verde,2026-10-06T19:01,5.4
via_verde,2026-10-06T19:02,5.41
via_verde,2026-10-06T19:03,5.42
via_verde,2026-10-06T19:04,5.41
via_verde,2026-10-06T19:05,5.39
via_verde,2026-10-06T19:06,5.41
via_verde,2026-10-06T19:07,5.42
via_verde,2026-10-06T19:08,5.43
via_verde,2026-10-06T19:09,5.41
via_verde,2026-10-06T19:10,5.42
via_verde,2026-10-06T19:11,5.4
via_verde,2026-10-06T19:12,5.41
via_verde,2026-10-06T19:13,5.41
via_verde,2026-10-06T19:14,5.41
via_verde,2026-10-06T19:15,5.43
via_verde,2026-10-06T19:16,5.43
via_verde,2026-10-06T19:17,5.41
via_verde,2026-10-06T19:18,5.41
via_verde,2026-10-06T19:19,5.42
via_verde,2026-10-06T19:20,5.42
via_verde,2026-10-06T19:21,5.4
via_verde,2026-10-06T19:22,5.42
via_verde,2026-10-06T19:23,5.42
via_verde,2026-10-06T19:24,5.43
via_verde,2026-10-06T19:25,5.42
corupa,2026-10-06T19:26,3.18
corupa,2026-10-06T19:27,3.18
nereu,2026-10-06T19:26,3.29
nereu,2026-10-06T19:27,3.3
eta,2026-10-06T19:26,4.04
eta,2026-10-06T19:27,4.05
via_verde,2026-10-06T19:26,5.42
via_verde,2026-10-06T19:27,5.43
corupa,2026-10-06T19:28,3.19
corupa,2026-10-06T19:29,3.2
corupa,2026-10-06T19:30,3.2
nereu,2026-10-06T19:28,3.3
nereu,2026-10-06T19:29,3.31
nereu,2026-10-06T19:30,3.31
eta,2026-10-06T19:28,4.05
eta,2026-10-06T19:29,4.05
eta,2026-10-06T19:30,4.07
via_verde,2026-10-06T19:28,5.42
via_verde,2026-10-06T19:29,5.42
via_verde,2026-10-06T19:30,5.42
corupa,2026-10-06T19:31,3.17
corupa,2026-10-06T19:32,3.2
corupa,2026-10-06T19:33,3.2
corupa,2026-10-06T19:34,3.19
corupa,2026-10-06T19:35,3.19
corupa,2026-10-06T19:36,3.2
corupa,2026-10-06T19:37,3.18
corupa,2026-10-06T19:38,3.18
corupa,2026-10-06T19:39,3.19
corupa,2026-10-06T19:40,3.19
nereu,2026-10-06T19:31,3.31
nereu,2026-10-06T19:32,3.31
nereu,2026-10-06T19:33,3.3
nereu,2026-10-06T19:34,3.31
nereu,2026-10-06T19:35,3.32
nereu,2026-10-06T19:36,3.32
nereu,2026-10-06T19:37,3.3
nereu,2026-10-06T19:38,3.31
nereu,2026-10-06T19:39,3.31
nereu,2026-10-06T19:40,3.32
eta,2026-10-06T19:31,4.06
eta,2026-10-06T19:32,4.03
eta,2026-10-06T19:33,4.07
eta,2026-10-06T19:34,4.06
eta,2026-10-06T19:35,4.06
eta,2026-10-06T19:36,4.07
eta,2026-10-06T19:37,4.07
eta,2026-10-06T19:38,4.07
eta,2026-10-06T19:39,4.06
eta,2026-10-06T19:40,4.06
via_verde,2026-10-06T19:31,5.42
via_verde,2026-10-06T19:32,5.42
via_verde,2026-10-06T19:33,5.42
via_verde,2026-10-06T19:34,5.41
via_verde,2026-10-06T19:35,5.43
via_verde,2026-10-06T19:36,5.41
via_verde,2026-10-06T19:37,5.43
via_verde,2026-10-06T19:38,5.42
via_verde,2026-10-06T19:39,5.42
via_verde,2026-10-06T19:40,5.43
corupa,2026-10-06T19:41,3.17
corupa,2026-10-06T19:42,3.19
corupa,2026-10-06T19:43,3.19
corupa,2026-10-06T19:44,3.19
corupa,2026-10-06T19:45,3.19
corupa,2026-10-06T19:46,3.19
corupa,2026-10-06T19:47,3.19
nereu,2026-10-06T19:41,3.31
nereu,2026-10-06T19:42,3.31
nereu,2026-10-06T19:43,3.32
nereu,2026-10-06T19:44,3.31
nereu,2026-10-06T19:45,3.32
nereu,2026-10-06T19:46,3.33
nereu,2026-10-06T19:47,3.33
eta,2026-10-06T19:41,4.04
eta,2026-10-06T19:42,4.04
eta,2026-10-06T19:43,4.05
eta,2026-10-06T19:44,4.05
eta,2026-10-06T19:45,4.04
eta,2026-10-06T19:46,4.06
eta,2026-10-06T19:47,4.08
via_verde,2026-10-06T19:41,5.43
via_verde,2026-10-06T19:42,5.43
via_verde,2026-10-06T19:43,5.43
via_verde,2026-10-06T19:44,5.42
via_verde,2026-10-06T19:45,5.42
via_verde,2026-10-06T19:46,5.42
via_verde,2026-10-06T19:47,5.41
corupa,2026-10-06T19:48,3.18
corupa,2026-10-06T19:49,3.17
corupa,2026-10-06T19:50,3.17
nereu,2026-10-06T19:48,3.32
nereu,2026-10-06T19:49,3.32
nereu,2026-10-06T19:50,3.32
eta,2026-10-06T19:48,4.06
eta,2026-10-06T19:49,4.06
eta,2026-10-06T19:50,4.05
via_verde,2026-10-06T19:48,5.43
via_verde,2026-10-06T19:49,5.42
via_verde,2026-10-06T19:50,5.4
corupa,2026-10-06T19:51,3.18
corupa,2026-10-06T19:52,3.18
corupa,2026-10-06T19:53,3.18
nereu,2026-10-06T19:51,3.33
nereu,2026-10-06T19:52,3.32
nereu,2026-10-06T19:53,3.33
eta,2026-10-06T19:51,4.06
eta,2026-10-06T19:52,4.07
eta,2026-10-06T19:53,4.06
via_verde,2026-10-06T19:51,5.42
via_verde,2026-10-06T19:52,5.42
via_verde,2026-10-06T19:53,5.44
corupa,2026-10-06T19:54,3.16
corupa,2026-10-06T19:55,3.16
corupa,2026-10-06T19:56,3.15
corupa,2026-10-06T19:57,3.17
nereu,2026-10-06T19:54,3.33
nereu,2026-10-06T19:55,3.32
nereu,2026-10-06T19:56,3.34
nereu,2026-10-06T19:57,3.34
eta,2026-10-06T19:54,4.07
eta,2026-10-06T19:55,4.04
eta,2026-10-06T19:56,4.06
eta,2026-10-06T19:57,4.07
via_verde,2026-10-06T19:54,5.44
via_verde,2026-10-06T19:55,5.42
via_verde,2026-10-06T19:56,5.43
via_verde,2026-10-06T19:57,5.41
corupa,2026-10-06T19:58,3.17
corupa,2026-10-06T19:59,3.19
corupa,2026-10-06T20:00,3.19
corupa,2026-10-06T20:01,3.15
corupa,2026-10-06T20:02,3.17
corupa,2026-10-06T20:03,3.17
corupa,2026-10-06T20:04,3.17
corupa,2026-10-06T20:05,3.17
corupa,2026-10-06T20:06,3.19
corupa,2026-10-06T20:07,3.19
corupa,2026-10-06T20:08,3.19
corupa,2026-10-06T20:09,3.14
corupa,2026-10-06T20:10,3.14
corupa,2026-10-06T20:11,3.18
corupa,2026-10-06T20:12,3.18
corupa,2026-10-06T20:13,3.15
corupa,2026-10-06T20:14,3.15
corupa,2026-10-06T20:15,3.15
corupa,2026-10-06T20:16,3.15
corupa,2026-10-06T20:17,3.15
corupa,2026-10-06T20:18,3.15
corupa,2026-10-06T20:19,3.18
corupa,2026-10-06T20:20,3.18
corupa,2026-10-06T20:21,3.18
corupa,2026-10-06T20:22,3.18
nereu,2026-10-06T19:58,3.34
nereu,2026-10-06T19:59,3.34
nereu,2026-10-06T20:00,3.34
nereu,2026-10-06T20:01,3.35
nereu,2026-10-06T20:02,3.34
nereu,2026-10-06T20:03,3.35
nereu,2026-10-06T20:04,3.35
nereu,2026-10-06T20:05,3.35
nereu,2026-10-06T20:06,3.35
nereu,2026-10-06T20:07,3.35
nereu,2026-10-06T20:08,3.35
nereu,2026-10-06T20:09,3.36
nereu,2026-10-06T20:10,3.35
nereu,2026-10-06T20:11,3.36
nereu,2026-10-06T20:12,3.37
nereu,2026-10-06T20:13,3.37
nereu,2026-10-06T20:14,3.36
nereu,2026-10-06T20:15,3.37
nereu,2026-10-06T20:16,3.36
nereu,2026-10-06T20:17,3.36
nereu,2026-10-06T20:18,3.35
nereu,2026-10-06T20:19,3.36
nereu,2026-10-06T20:20,3.36
nereu,2026-10-06T20:21,3.36
nereu,2026-10-06T20:22,3.38
eta,2026-10-06T19:58,4.08
eta,2026-10-06T19:59,4.07
eta,2026-10-06T20:00,4.04
eta,2026-10-06T20:01,4.06
eta,2026-10-06T20:02,4.05
eta,2026-10-06T20:03,4.05
eta,2026-10-06T20:04,4.06
eta,2026-10-06T20:05,4.07
eta,2026-10-06T20:06,4.06
eta,2026-10-06T20:07,4.07
eta,2026-10-06T20:08,4.05
eta,2026-10-06T20:09,4.03
eta,2026-10-06T20:10,4.07
eta,2026-10-06T20:11,4.06
eta,2026-10-06T20:12,4.08
eta,2026-10-06T20:13,4.1
eta,2026-10-06T20:14,4.07
eta,2026-10-06T20:15,4.07
eta,2026-10-06T20:16,4.12
eta,2026-10-06T20:17,4.08
eta,2026-10-06T20:18,4.06
eta,2026-10-06T20:19,4.08
eta,2026-10-06T20:20,4.06
eta,2026-10-06T20:21,4.09
eta,2026-10-06T20:22,4.07
eta,2026-10-06T20:23,4.07
via_verde,2026-10-06T19:58,5.43
via_verde,2026-10-06T19:59,5.43
via_verde,2026-10-06T20:00,5.43
via_verde,2026-10-06T20:01,5.43
via_verde,2026-10-06T20:02,5.43
via_verde,2026-10-06T20:03,5.43
via_verde,2026-10-06T20:04,5.43
via_verde,2026-10-06T20:05,5.45
via_verde,2026-10-06T20:06,5.44
via_verde,2026-10-06T20:07,5.42
via_verde,2026-10-06T20:08,5.44
via_verde,2026-10-06T20:09,5.44
via_verde,2026-10-06T20:10,5.43
via_verde,2026-10-06T20:11,5.43
via_verde,2026-10-06T20:12,5.43
via_verde,2026-10-06T20:13,5.43
via_verde,2026-10-06T20:14,5.44
via_verde,2026-10-06T20:15,5.43
via_verde,2026-10-06T20:16,5.44
via_verde,2026-10-06T20:17,5.43
via_verde,2026-10-06T20:18,5.44
via_verde,2026-10-06T20:19,5.46
via_verde,2026-10-06T20:20,5.42
via_verde,2026-10-06T20:21,5.44
via_verde,2026-10-06T20:22,5.43
via_verde,2026-10-06T20:23,5.46
corupa,2026-10-06T20:23,3.14
corupa,2026-10-06T20:24,3.17
corupa,2026-10-06T20:25,3.17
corupa,2026-10-06T20:26,3.17
corupa,2026-10-06T20:27,3.15
corupa,2026-10-06T20:28,3.15
corupa,2026-10-06T20:29,3.16
corupa,2026-10-06T20:30,3.16
corupa,2026-10-06T20:31,3.15
corupa,2026-10-06T20:32,3.15
corupa,2026-10-06T20:33,3.15
corupa,2026-10-06T20:34,3.14
corupa,2026-10-06T20:35,3.14
corupa,2026-10-06T20:36,3.12
corupa,2026-10-06T20:37,3.11
corupa,2026-10-06T20:38,3.11
corupa,2026-10-06T20:39,3.12
corupa,2026-10-06T20:40,3.12
corupa,2026-10-06T20:41,3.14
corupa,2026-10-06T20:42,3.17
corupa,2026-10-06T20:43,3.17
corupa,2026-10-06T20:44,3.14
corupa,2026-10-06T20:45,3.14
corupa,2026-10-06T20:46,3.13
corupa,2026-10-06T20:47,3.11
corupa,2026-10-06T20:48,3.11
corupa,2026-10-06T20:49,3.14
corupa,2026-10-06T20:50,3.14
corupa,2026-10-06T20:51,3.14
corupa,2026-10-06T20:52,3.13
corupa,2026-10-06T20:53,3.13
corupa,2026-10-06T20:54,3.11
corupa,2026-10-06T20:55,3.13
corupa,2026-10-06T20:56,3.13
corupa,2026-10-06T20:57,3.11
corupa,2026-10-06T20:58,3.11
nereu,2026-10-06T20:23,3.36
nereu,2026-10-06T20:24,3.37
nereu,2026-10-06T20:25,3.37
nereu,2026-10-06T20:26,3.38
nereu,2026-10-06T20:27,3.37
nereu,2026-10-06T20:28,3.38
nereu,2026-10-06T20:29,3.38
nereu,2026-10-06T20:30,3.37
nereu,2026-10-06T20:31,3.38
nereu,2026-10-06T20:32,3.37
nereu,2026-10-06T20:33,3.38
nereu,2026-10-06T20:34,3.38
nereu,2026-10-06T20:35,3.37
nereu,2026-10-06T20:36,3.38
nereu,2026-10-06T20:37,3.38
nereu,2026-10-06T20:38,3.39
nereu,2026-10-06T20:39,3.38
nereu,2026-10-06T20:40,3.39
nereu,2026-10-06T20:41,3.38
nereu,2026-10-06T20:42,3.38
nereu,2026-10-06T20:43,3.39
nereu,2026-10-06T20:44,3.39
nereu,2026-10-06T20:45,3.4
nereu,2026-10-06T20:46,3.39
nereu,2026-10-06T20:47,3.4
nereu,2026-10-06T20:48,3.39
nereu,2026-10-06T20:49,3.4
nereu,2026-10-06T20:50,3.39
nereu,2026-10-06T20:51,3.39
nereu,2026-10-06T20:52,3.39
nereu,2026-10-06T20:53,3.4
nereu,2026-10-06T20:54,3.4
nereu,2026-10-06T20:55,3.4
nereu,2026-10-06T20:56,3.4
nereu,2026-10-06T20:57,3.39
nereu,2026-10-06T20:58,3.41
eta,2026-10-06T20:24,4.07
eta,2026-10-06T20:25,4.05
eta,2026-10-06T20:26,4.08
eta,2026-10-06T20:27,4.09
eta,2026-10-06T20:28,4.06
eta,2026-10-06T20:29,4.08
eta,2026-10-06T20:30,4.06
eta,2026-10-06T20:31,4.09
eta,2026-10-06T20:32,4.11
eta,2026-10-06T20:33,4.07
eta,2026-10-06T20:34,4.09
eta,2026-10-06T20:35,4.08
eta,2026-10-06T20:36,4.08
eta,2026-10-06T20:37,4.1
eta,2026-10-06T20:38,4.1
eta,2026-10-06T20:39,4.11
eta,2026-10-06T20:40,4.1
eta,2026-10-06T20:41,4.08
eta,2026-10-06T20:42,4.09
eta,2026-10-06T20:43,4.11
eta,2026-10-06T20:44,4.1
eta,2026-10-06T20:45,4.09
eta,2026-10-06T20:46,4.08
eta,2026-10-06T20:47,4.12
eta,2026-10-06T20:48,4.09
eta,2026-10-06T20:49,4.09
eta,2026-10-06T20:50,4.12
eta,2026-10-06T20:51,4.08
eta,2026-10-06T20:52,4.11
eta,2026-10-06T20:53,4.11
eta,2026-10-06T20:54,4.12
eta,2026-10-06T20:55,4.11
eta,2026-10-06T20:56,4.11
eta,2026-10-06T20:57,4.09
eta,2026-10-06T20:58,4.11
via_verde,2026-10-06T20:24,5.43
via_verde,2026-10-06T20:25,5.44
via_verde,2026-10-06T20:26,5.44
via_verde,2026-10-06T20:27,5.44
via_verde,2026-10-06T20:28,5.44
via_verde,2026-10-06T20:29,5.45
via_verde,2026-10-06T20:30,5.45
via_verde,2026-10-06T20:31,5.43
via_verde,2026-10-06T20:32,5.46
via_verde,2026-10-06T20:33,5.44
via_verde,2026-10-06T20:34,5.43
via_verde,2026-10-06T20:35,5.43
via_verde,2026-10-06T20:36,5.44
via_verde,2026-10-06T20:37,5.44
via_verde,2026-10-06T20:38,5.44
via_verde,2026-10-06T20:39,5.43
via_verde,2026-10-06T20:40,5.45
via_verde,2026-10-06T20:41,5.44
via_verde,2026-10-06T20:42,5.45
via_verde,2026-10-06T20:43,5.44
via_verde,2026-10-06T20:44,5.44
via_verde,2026-10-06T20:45,5.44
via_verde,2026-10-06T20:46,5.45
via_verde,2026-10-06T20:47,5.45
via_verde,2026-10-06T20:48,5.44
via_verde,2026-10-06T20:49,5.43
via_verde,2026-10-06T20:50,5.45
via_verde,2026-10-06T20:51,5.47
via_verde,2026-10-06T20:52,5.45
via_verde,2026-10-06T20:53,5.44
via_verde,2026-10-06T20:54,5.45
via_verde,2026-10-06T20:55,5.42
via_verde,2026-10-06T20:56,5.45
via_verde,2026-10-06T20:57,5.45
via_verde,2026-10-06T20:58,5.45
corupa,2026-10-06T20:59,3.13
corupa,2026-10-06T21:00,3.11
corupa,2026-10-06T21:01,3.11
nereu,2026-10-06T20:59,3.4
nereu,2026-10-06T21:00,3.4
nereu,2026-10-06T21:01,3.4
eta,2026-10-06T20:59,4.12
eta,2026-10-06T21:00,4.1
eta,2026-10-06T21:01,4.11
via_verde,2026-10-06T20:59,5.45
via_verde,2026-10-06T21:00,5.45
via_verde,2026-10-06T21:01,5.45
corupa,2026-10-06T21:02,3.11
corupa,2026-10-06T21:03,3.11
nereu,2026-10-06T21:02,3.4
nereu,2026-10-06T21:03,3.4
eta,2026-10-06T21:02,4.12
eta,2026-10-06T21:03,4.12
via_verde,2026-10-06T21:02,5.47
via_verde,2026-10-06T21:03,5.44
corupa,2026-10-06T21:04,3.11
corupa,2026-10-06T21:05,3.12
corupa,2026-10-06T21:06,3.12
corupa,2026-10-06T21:07,3.11
nereu,2026-10-06T21:04,3.4
nereu,2026-10-06T21:05,3.39
nereu,2026-10-06T21:06,3.4
nereu,2026-10-06T21:07,3.41
eta,2026-10-06T21:04,4.12
eta,2026-10-06T21:05,4.09
eta,2026-10-06T21:06,4.11
eta,2026-10-06T21:07,4.13
via_verde,2026-10-06T21:04,5.47
via_verde,2026-10-06T21:05,5.47
via_verde,2026-10-06T21:06,5.44
via_verde,2026-10-06T21:07,5.45
corupa,2026-10-06T21:08,3.11
corupa,2026-10-06T21:09,3.1
corupa,2026-10-06T21:10,3.1
corupa,2026-10-06T21:11,3.1
corupa,2026-10-06T21:12,3.09
corupa,2026-10-06T21:13,3.09
nereu,2026-10-06T21:08,3.4
nereu,2026-10-06T21:09,3.41
nereu,2026-10-06T21:10,3.4
nereu,2026-10-06T21:11,3.4
nereu,2026-10-06T21:12,3.4
nereu,2026-10-06T21:13,3.41
eta,2026-10-06T21:08,4.12
eta,2026-10-06T21:09,4.11
eta,2026-10-06T21:10,4.12
eta,2026-10-06T21:11,4.12
eta,2026-10-06T21:12,4.1
eta,2026-10-06T21:13,4.1
via_verde,2026-10-06T21:08,5.46
via_verde,2026-10-06T21:09,5.47
via_verde,2026-10-06T21:10,5.46
via_verde,2026-10-06T21:11,5.45
via_verde,2026-10-06T21:12,5.45
via_verde,2026-10-06T21:13,5.46
corupa,2026-10-06T21:14,3.09
corupa,2026-10-06T21:15,3.09
corupa,2026-10-06T21:16,3.09
corupa,2026-10-06T21:17,3.09
corupa,2026-10-06T21:18,3.09
corupa,2026-10-06T21:19,3.06
corupa,2026-10-06T21:20,3.06
corupa,2026-10-06T21:21,3.08
corupa,2026-10-06T21:22,3.08
corupa,2026-10-06T21:23,3.06
corupa,2026-10-06T21:24,3.07
corupa,2026-10-06T21:25,3.07
corupa,2026-10-06T21:26,3.08
corupa,2026-10-06T21:27,3.08
corupa,2026-10-06T21:28,3.09
corupa,2026-10-06T21:29,3.05
corupa,2026-10-06T21:30,3.05
corupa,2026-10-06T21:31,3.05
corupa,2026-10-06T21:32,3.05
corupa,2026-10-06T21:33,3.03
corupa,2026-10-06T21:34,3.05
corupa,2026-10-06T21:35,3.05
corupa,2026-10-06T21:36,3.05
nereu,2026-10-06T21:14,3.41
nereu,2026-10-06T21:15,3.41
nereu,2026-10-06T21:16,3.41
nereu,2026-10-06T21:17,3.41
nereu,2026-10-06T21:18,3.41
nereu,2026-10-06T21:19,3.41
nereu,2026-10-06T21:20,3.41
nereu,2026-10-06T21:21,3.41
nereu,2026-10-06T21:22,3.41
nereu,2026-10-06T21:23,3.42
nereu,2026-10-06T21:24,3.41
nereu,2026-10-06T21:25,3.41
nereu,2026-10-06T21:26,3.41
nereu,2026-10-06T21:27,3.41
nereu,2026-10-06T21:28,3.42
nereu,2026-10-06T21:29,3.42
nereu,2026-10-06T21:30,3.42
nereu,2026-10-06T21:31,3.42
nereu,2026-10-06T21:32,3.42
nereu,2026-10-06T21:33,3.41
nereu,2026-10-06T21:34,3.41
nereu,2026-10-06T21:35,3.42
nereu,2026-10-06T21:36,3.42
eta,2026-10-06T21:14,4.13
eta,2026-10-06T21:15,4.09
eta,2026-10-06T21:16,4.11
eta,2026-10-06T21:17,4.12
eta,2026-10-06T21:18,4.13
eta,2026-10-06T21:19,4.12
eta,2026-10-06T21:20,4.13
eta,2026-10-06T21:21,4.12
eta,2026-10-06T21:22,4.1
eta,2026-10-06T21:23,4.12
eta,2026-10-06T21:24,4.11
eta,2026-10-06T21:25,4.12
eta,2026-10-06T21:26,4.19
eta,2026-10-06T21:27,4.13
eta,2026-10-06T21:28,4.12
eta,2026-10-06T21:29,4.13
eta,2026-10-06T21:30,4.13
eta,2026-10-06T21:31,4.12
eta,2026-10-06T21:32,4.12
eta,2026-10-06T21:33,4.12
eta,2026-10-06T21:34,4.14
eta,2026-10-06T21:35,4.11
eta,2026-10-06T21:36,4.12
via_verde,2026-10-06T21:14,5.47
via_verde,2026-10-06T21:15,5.46
via_verde,2026-10-06T21:16,5.46
via_verde,2026-10-06T21:17,5.47
via_verde,2026-10-06T21:18,5.47
via_verde,2026-10-06T21:19,5.46
via_verde,2026-10-06T21:20,5.45
via_verde,2026-10-06T21:21,5.46
via_verde,2026-10-06T21:22,5.47
via_verde,2026-10-06T21:23,5.45
via_verde,2026-10-06T21:24,5.47
via_verde,2026-10-06T21:25,5.47
via_verde,2026-10-06T21:26,5.46
via_verde,2026-10-06T21:27,5.45
via_verde,2026-10-06T21:28,5.47
via_verde,2026-10-06T21:29,5.48
via_verde,2026-10-06T21:30,5.43
via_verde,2026-10-06T21:31,5.45
via_verde,2026-10-06T21:32,5.49
via_verde,2026-10-06T21:33,5.44
via_verde,2026-10-06T21:34,5.46
via_verde,2026-10-06T21:35,5.47
via_verde,2026-10-06T21:36,5.47
corupa,2026-10-06T21:37,3.05
nereu,2026-10-06T21:37,3.41
eta,2026-10-06T21:37,4.12
via_verde,2026-10-06T21:37,5.48
corupa,2026-10-06T21:38,3.06
corupa,2026-10-06T21:39,3.06
corupa,2026-10-06T21:40,3.06
corupa,2026-10-06T21:41,3.07
corupa,2026-10-06T21:42,3.07
corupa,2026-10-06T21:43,3.05
nereu,2026-10-06T21:38,3.42
nereu,2026-10-06T21:39,3.41
nereu,2026-10-06T21:40,3.42
nereu,2026-10-06T21:41,3.42
nereu,2026-10-06T21:42,3.41
nereu,2026-10-06T21:43,3.42
eta,2026-10-06T21:38,4.13
eta,2026-10-06T21:39,4.14
eta,2026-10-06T21:40,4.13
eta,2026-10-06T21:41,4.14
eta,2026-10-06T21:42,4.12
eta,2026-10-06T21:43,4.14
via_verde,2026-10-06T21:38,5.48
via_verde,2026-10-06T21:39,5.46
via_verde,2026-10-06T21:40,5.49
via_verde,2026-10-06T21:41,5.48
via_verde,2026-10-06T21:42,5.47
via_verde,2026-10-06T21:43,5.44
corupa,2026-10-06T21:44,3.05
corupa,2026-10-06T21:45,3.04
corupa,2026-10-06T21:46,3.03
nereu,2026-10-06T21:44,3.42
nereu,2026-10-06T21:45,3.41
nereu,2026-10-06T21:46,3.42
eta,2026-10-06T21:44,4.13
eta,2026-10-06T21:45,4.13
eta,2026-10-06T21:46,4.14
via_verde,2026-10-06T21:44,5.47
via_verde,2026-10-06T21:45,5.48
via_verde,2026-10-06T21:46,5.47
corupa,2026-10-06T21:47,3.03
corupa,2026-10-06T21:48,3.05
corupa,2026-10-06T21:49,3.05
nereu,2026-10-06T21:47,3.4
nereu,2026-10-06T21:48,3.42
nereu,2026-10-06T21:49,3.41
eta,2026-10-06T21:47,4.12
eta,2026-10-06T21:48,4.13
eta,2026-10-06T21:49,4.14
via_verde,2026-10-06T21:47,5.47
via_verde,2026-10-06T21:48,5.49
via_verde,2026-10-06T21:49,5.5
corupa,2026-10-06T21:50,3.06
corupa,2026-10-06T21:51,3.06
corupa,2026-10-06T21:52,3.04
corupa,2026-10-06T21:53,3.07
corupa,2026-10-06T21:54,3.07
corupa,2026-10-06T21:55,3.05
corupa,2026-10-06T21:56,3.05
corupa,2026-10-06T21:57,3
corupa,2026-10-06T21:58,3.04
nereu,2026-10-06T21:50,3.43
nereu,2026-10-06T21:51,3.41
nereu,2026-10-06T21:52,3.42
nereu,2026-10-06T21:53,3.42
nereu,2026-10-06T21:54,3.42
nereu,2026-10-06T21:55,3.43
nereu,2026-10-06T21:56,3.42
nereu,2026-10-06T21:57,3.41
nereu,2026-10-06T21:58,3.42
eta,2026-10-06T21:50,4.12
eta,2026-10-06T21:51,4.13
eta,2026-10-06T21:52,4.16
eta,2026-10-06T21:53,4.14
eta,2026-10-06T21:54,4.14
eta,2026-10-06T21:55,4.16
eta,2026-10-06T21:56,4.16
eta,2026-10-06T21:57,4.14
eta,2026-10-06T21:58,4.15
via_verde,2026-10-06T21:50,5.48
via_verde,2026-10-06T21:51,5.51
via_verde,2026-10-06T21:52,5.47
via_verde,2026-10-06T21:53,5.49
via_verde,2026-10-06T21:54,5.49
via_verde,2026-10-06T21:55,5.48
via_verde,2026-10-06T21:56,5.48
via_verde,2026-10-06T21:57,5.48
via_verde,2026-10-06T21:58,5.5
corupa,2026-10-06T21:59,3.04
corupa,2026-10-06T22:00,3.03
corupa,2026-10-06T22:01,3.03
corupa,2026-10-06T22:02,3.03
corupa,2026-10-06T22:03,3.03
corupa,2026-10-06T22:04,3.05
corupa,2026-10-06T22:05,3.05
corupa,2026-10-06T22:06,3.01
corupa,2026-10-06T22:07,3.01
corupa,2026-10-06T22:08,3.01
nereu,2026-10-06T21:59,3.42
nereu,2026-10-06T22:00,3.42
nereu,2026-10-06T22:01,3.42
nereu,2026-10-06T22:02,3.42
nereu,2026-10-06T22:03,3.43
nereu,2026-10-06T22:04,3.42
nereu,2026-10-06T22:05,3.42
nereu,2026-10-06T22:06,3.42
nereu,2026-10-06T22:07,3.41
nereu,2026-10-06T22:08,3.42
eta,2026-10-06T21:59,4.13
eta,2026-10-06T22:00,4.16
eta,2026-10-06T22:01,4.12
eta,2026-10-06T22:02,4.14
eta,2026-10-06T22:03,4.15
eta,2026-10-06T22:04,4.16
eta,2026-10-06T22:05,4.15
eta,2026-10-06T22:06,4.16
eta,2026-10-06T22:07,4.15
eta,2026-10-06T22:08,4.14
via_verde,2026-10-06T21:59,5.49
via_verde,2026-10-06T22:00,5.5
via_verde,2026-10-06T22:01,5.51
via_verde,2026-10-06T22:02,5.49
via_verde,2026-10-06T22:03,5.48
via_verde,2026-10-06T22:04,5.47
via_verde,2026-10-06T22:05,5.49
via_verde,2026-10-06T22:06,5.51
via_verde,2026-10-06T22:07,5.49
via_verde,2026-10-06T22:08,5.49
corupa,2026-10-06T22:09,3.05
corupa,2026-10-06T22:10,3.05
corupa,2026-10-06T22:11,3.03
nereu,2026-10-06T22:09,3.42
nereu,2026-10-06T22:10,3.42
nereu,2026-10-06T22:11,3.42
eta,2026-10-06T22:09,4.17
eta,2026-10-06T22:10,4.15
eta,2026-10-06T22:11,4.14
via_verde,2026-10-06T22:09,5.51
via_verde,2026-10-06T22:10,5.51
via_verde,2026-10-06T22:11,5.5
corupa,2026-10-06T22:12,3.03
corupa,2026-10-06T22:13,3.01
corupa,2026-10-06T22:14,2.98
corupa,2026-10-06T22:15,2.98
corupa,2026-10-06T22:16,2.98
corupa,2026-10-06T22:17,3.01
corupa,2026-10-06T22:18,3.01
corupa,2026-10-06T22:19,3.01
nereu,2026-10-06T22:12,3.41
nereu,2026-10-06T22:13,3.41
nereu,2026-10-06T22:14,3.41
nereu,2026-10-06T22:15,3.41
nereu,2026-10-06T22:16,3.42
nereu,2026-10-06T22:17,3.41
nereu,2026-10-06T22:18,3.41
nereu,2026-10-06T22:19,3.41
eta,2026-10-06T22:12,4.16
eta,2026-10-06T22:13,4.15
eta,2026-10-06T22:14,4.14
eta,2026-10-06T22:15,4.17
eta,2026-10-06T22:16,4.17
eta,2026-10-06T22:17,4.15
eta,2026-10-06T22:18,4.16
eta,2026-10-06T22:19,4.16
via_verde,2026-10-06T22:12,5.51
via_verde,2026-10-06T22:13,5.51
via_verde,2026-10-06T22:14,5.49
via_verde,2026-10-06T22:15,5.47
via_verde,2026-10-06T22:16,5.48
via_verde,2026-10-06T22:17,5.53
via_verde,2026-10-06T22:18,5.48
via_verde,2026-10-06T22:19,5.49
corupa,2026-10-06T22:20,2.99
corupa,2026-10-06T22:21,2.99
corupa,2026-10-06T22:22,3.02
corupa,2026-10-06T22:23,3.02
nereu,2026-10-06T22:20,3.41
nereu,2026-10-06T22:21,3.41
nereu,2026-10-06T22:22,3.41
nereu,2026-10-06T22:23,3.4
eta,2026-10-06T22:20,4.15
eta,2026-10-06T22:21,4.17
eta,2026-10-06T22:22,4.15
eta,2026-10-06T22:23,4.14
via_verde,2026-10-06T22:20,5.48
via_verde,2026-10-06T22:21,5.52
via_verde,2026-10-06T22:22,5.51
via_verde,2026-10-06T22:23,5.5
corupa,2026-10-06T22:24,3.02
corupa,2026-10-06T22:25,3.02
corupa,2026-10-06T22:26,2.97
corupa,2026-10-06T22:27,3
nereu,2026-10-06T22:24,3.41
nereu,2026-10-06T22:25,3.41
nereu,2026-10-06T22:26,3.41
nereu,2026-10-06T22:27,3.41
eta,2026-10-06T22:24,4.16
eta,2026-10-06T22:25,4.16
eta,2026-10-06T22:26,4.15
eta,2026-10-06T22:27,4.14
via_verde,2026-10-06T22:24,5.5
via_verde,2026-10-06T22:25,5.49
via_verde,2026-10-06T22:26,5.5
via_verde,2026-10-06T22:27,5.52
corupa,2026-10-06T22:28,3
corupa,2026-10-06T22:29,2.97
corupa,2026-10-06T22:30,2.96
corupa,2026-10-06T22:31,2.96
corupa,2026-10-06T22:32,2.98
corupa,2026-10-06T22:33,2.98
corupa,2026-10-06T22:34,3
corupa,2026-10-06T22:35,2.96
corupa,2026-10-06T22:36,2.96
nereu,2026-10-06T22:28,3.4
nereu,2026-10-06T22:29,3.41
nereu,2026-10-06T22:30,3.4
nereu,2026-10-06T22:31,3.42
nereu,2026-10-06T22:32,3.4
nereu,2026-10-06T22:33,3.41
nereu,2026-10-06T22:34,3.39
nereu,2026-10-06T22:35,3.4
nereu,2026-10-06T22:36,3.41
eta,2026-10-06T22:28,4.16
eta,2026-10-06T22:29,4.17
eta,2026-10-06T22:30,4.16
eta,2026-10-06T22:31,4.15
eta,2026-10-06T22:32,4.16
eta,2026-10-06T22:33,4.17
eta,2026-10-06T22:34,4.16
eta,2026-10-06T22:35,4.16
eta,2026-10-06T22:36,4.16
via_verde,2026-10-06T22:28,5.5
via_verde,2026-10-06T22:29,5.51
via_verde,2026-10-06T22:30,5.52
via_verde,2026-10-06T22:31,5.52
via_verde,2026-10-06T22:32,5.52
via_verde,2026-10-06T22:33,5.52
via_verde,2026-10-06T22:34,5.51
via_verde,2026-10-06T22:35,5.51
via_verde,2026-10-06T22:36,5.52
corupa,2026-10-06T22:37,2.96
corupa,2026-10-06T22:38,2.96
nereu,2026-10-06T22:37,3.41
nereu,2026-10-06T22:38,3.4
eta,2026-10-06T22:37,4.17
eta,2026-10-06T22:38,4.17
via_verde,2026-10-06T22:37,5.52
via_verde,2026-10-06T22:38,5.5
corupa,2026-10-06T22:39,2.94
corupa,2026-10-06T22:40,2.96
corupa,2026-10-06T22:41,2.96
corupa,2026-10-06T22:42,2.98
corupa,2026-10-06T22:43,2.98
corupa,2026-10-06T22:44,2.97
nereu,2026-10-06T22:39,3.4
nereu,2026-10-06T22:40,3.38
nereu,2026-10-06T22:41,3.39
nereu,2026-10-06T22:42,3.4
nereu,2026-10-06T22:43,3.4
nereu,2026-10-06T22:44,3.41
eta,2026-10-06T22:39,4.18
eta,2026-10-06T22:40,4.16
eta,2026-10-06T22:41,4.15
eta,2026-10-06T22:42,4.17
eta,2026-10-06T22:43,4.18
eta,2026-10-06T22:44,4.16
via_verde,2026-10-06T22:39,5.52
via_verde,2026-10-06T22:40,5.52
via_verde,2026-10-06T22:41,5.52
via_verde,2026-10-06T22:42,5.52
via_verde,2026-10-06T22:43,5.52
via_verde,2026-10-06T22:44,5.51
corupa,2026-10-06T22:45,2.97
corupa,2026-10-06T22:46,2.93
nereu,2026-10-06T22:45,3.39
nereu,2026-10-06T22:46,3.41
eta,2026-10-06T22:45,4.15
eta,2026-10-06T22:46,4.17
via_verde,2026-10-06T22:45,5.49
via_verde,2026-10-06T22:46,5.52
corupa,2026-10-06T22:47,2.94
corupa,2026-10-06T22:48,2.94
corupa,2026-10-06T22:49,2.97
corupa,2026-10-06T22:50,2.97
corupa,2026-10-06T22:51,2.97
corupa,2026-10-06T22:52,2.96
corupa,2026-10-06T22:53,2.96
corupa,2026-10-06T22:54,2.94
corupa,2026-10-06T22:55,2.94
nereu,2026-10-06T22:47,3.39
nereu,2026-10-06T22:48,3.4
nereu,2026-10-06T22:49,3.39
nereu,2026-10-06T22:50,3.4
nereu,2026-10-06T22:51,3.39
nereu,2026-10-06T22:52,3.39
nereu,2026-10-06T22:53,3.39
nereu,2026-10-06T22:54,3.39
nereu,2026-10-06T22:55,3.39
eta,2026-10-06T22:47,4.18
eta,2026-10-06T22:48,4.17
eta,2026-10-06T22:49,4.15
eta,2026-10-06T22:50,4.17
eta,2026-10-06T22:51,4.16
eta,2026-10-06T22:52,4.16
eta,2026-10-06T22:53,4.17
eta,2026-10-06T22:54,4.17
eta,2026-10-06T22:55,4.18
via_verde,2026-10-06T22:47,5.51
via_verde,2026-10-06T22:48,5.52
via_verde,2026-10-06T22:49,5.53
via_verde,2026-10-06T22:50,5.52
via_verde,2026-10-06T22:51,5.51
via_verde,2026-10-06T22:52,5.52
via_verde,2026-10-06T22:53,5.51
via_verde,2026-10-06T22:54,5.52
via_verde,2026-10-06T22:55,5.53
corupa,2026-10-06T22:56,2.94
corupa,2026-10-06T22:57,3.03
corupa,2026-10-06T22:58,3.03
corupa,2026-10-06T22:59,2.98
corupa,2026-10-06T23:00,2.98
corupa,2026-10-06T23:01,2.97
nereu,2026-10-06T22:56,3.4
nereu,2026-10-06T22:57,3.39
nereu,2026-10-06T22:58,3.39
nereu,2026-10-06T22:59,3.39
nereu,2026-10-06T23:00,3.39
nereu,2026-10-06T23:01,3.38
nereu,2026-10-06T23:02,3.38
eta,2026-10-06T22:56,4.16
eta,2026-10-06T22:57,4.17
eta,2026-10-06T22:58,4.17
eta,2026-10-06T22:59,4.17
eta,2026-10-06T23:00,4.17
eta,2026-10-06T23:01,4.17
eta,2026-10-06T23:02,4.17
via_verde,2026-10-06T22:56,5.52
via_verde,2026-10-06T22:57,5.54
via_verde,2026-10-06T22:58,5.52
via_verde,2026-10-06T22:59,5.52
via_verde,2026-10-06T23:00,5.54
via_verde,2026-10-06T23:01,5.53
via_verde,2026-10-06T23:02,5.53
corupa,2026-10-06T23:02,2.98
corupa,2026-10-06T23:03,2.98
corupa,2026-10-06T23:04,2.95
corupa,2026-10-06T23:05,2.96
corupa,2026-10-06T23:06,2.96
nereu,2026-10-06T23:03,3.39
nereu,2026-10-06T23:04,3.38
nereu,2026-10-06T23:05,3.38
nereu,2026-10-06T23:06,3.38
eta,2026-10-06T23:03,4.16
eta,2026-10-06T23:04,4.17
eta,2026-10-06T23:05,4.19
eta,2026-10-06T23:06,4.17
via_verde,2026-10-06T23:03,5.51
via_verde,2026-10-06T23:04,5.52
via_verde,2026-10-06T23:05,5.53
via_verde,2026-10-06T23:06,5.53
corupa,2026-10-06T23:07,2.93
corupa,2026-10-06T23:08,2.93
corupa,2026-10-06T23:09,2.93
nereu,2026-10-06T23:07,3.39
nereu,2026-10-06T23:08,3.38
nereu,2026-10-06T23:09,3.38
eta,2026-10-06T23:07,4.16
eta,2026-10-06T23:08,4.17
eta,2026-10-06T23:09,4.17
via_verde,2026-10-06T23:07,5.54
via_verde,2026-10-06T23:08,5.53
via_verde,2026-10-06T23:09,5.55
corupa,2026-10-06T23:10,2.93
corupa,2026-10-06T23:11,2.96
corupa,2026-10-06T23:12,2.96
corupa,2026-10-06T23:13,2.96
corupa,2026-10-06T23:14,2.95
corupa,2026-10-06T23:15,2.95
corupa,2026-10-06T23:16,2.93
corupa,2026-10-06T23:17,2.93
corupa,2026-10-06T23:18,2.93
corupa,2026-10-06T23:19,2.92
corupa,2026-10-06T23:20,2.92
corupa,2026-10-06T23:21,2.93
nereu,2026-10-06T23:10,3.38
nereu,2026-10-06T23:11,3.39
nereu,2026-10-06T23:12,3.38
nereu,2026-10-06T23:13,3.38
nereu,2026-10-06T23:14,3.38
nereu,2026-10-06T23:15,3.38
nereu,2026-10-06T23:16,3.37
nereu,2026-10-06T23:17,3.39
nereu,2026-10-06T23:18,3.37
nereu,2026-10-06T23:19,3.38
nereu,2026-10-06T23:20,3.38
nereu,2026-10-06T23:21,3.37
eta,2026-10-06T23:10,4.16
eta,2026-10-06T23:11,4.18
eta,2026-10-06T23:12,4.16
eta,2026-10-06T23:13,4.17
eta,2026-10-06T23:14,4.18
eta,2026-10-06T23:15,4.17
eta,2026-10-06T23:16,4.16
eta,2026-10-06T23:17,4.16
eta,2026-10-06T23:18,4.16
eta,2026-10-06T23:19,4.17
eta,2026-10-06T23:20,4.15
eta,2026-10-06T23:21,4.16
via_verde,2026-10-06T23:10,5.55
via_verde,2026-10-06T23:11,5.51
via_verde,2026-10-06T23:12,5.54
via_verde,2026-10-06T23:13,5.53
via_verde,2026-10-06T23:14,5.54
via_verde,2026-10-06T23:15,5.53
via_verde,2026-10-06T23:16,5.54
via_verde,2026-10-06T23:17,5.53
via_verde,2026-10-06T23:18,5.54
via_verde,2026-10-06T23:19,5.54
via_verde,2026-10-06T23:20,5.54
via_verde,2026-10-06T23:21,5.55
corupa,2026-10-06T23:22,2.93
corupa,2026-10-06T23:23,2.92
corupa,2026-10-06T23:24,2.92
corupa,2026-10-06T23:25,2.92
corupa,2026-10-06T23:26,2.94
corupa,2026-10-06T23:27,2.94
corupa,2026-10-06T23:28,2.9
corupa,2026-10-06T23:29,2.9
corupa,2026-10-06T23:30,2.94
corupa,2026-10-06T23:31,2.91
nereu,2026-10-06T23:22,3.38
nereu,2026-10-06T23:23,3.37
nereu,2026-10-06T23:24,3.37
nereu,2026-10-06T23:25,3.38
nereu,2026-10-06T23:26,3.37
nereu,2026-10-06T23:27,3.37
nereu,2026-10-06T23:28,3.37
nereu,2026-10-06T23:29,3.37
nereu,2026-10-06T23:30,3.36
nereu,2026-10-06T23:31,3.36
eta,2026-10-06T23:22,4.17
eta,2026-10-06T23:23,4.17
eta,2026-10-06T23:24,4.15
eta,2026-10-06T23:25,4.17
eta,2026-10-06T23:26,4.17
eta,2026-10-06T23:27,4.18
eta,2026-10-06T23:28,4.15
eta,2026-10-06T23:29,4.16
eta,2026-10-06T23:30,4.17
eta,2026-10-06T23:31,4.17
via_verde,2026-10-06T23:22,5.54
via_verde,2026-10-06T23:23,5.52
via_verde,2026-10-06T23:24,5.55
via_verde,2026-10-06T23:25,5.54
via_verde,2026-10-06T23:26,5.54
via_verde,2026-10-06T23:27,5.56
via_verde,2026-10-06T23:28,5.53
via_verde,2026-10-06T23:29,5.54
via_verde,2026-10-06T23:30,5.53
via_verde,2026-10-06T23:31,5.53
corupa,2026-10-06T23:32,2.91
corupa,2026-10-06T23:33,2.91
corupa,2026-10-06T23:34,2.91
corupa,2026-10-06T23:35,2.89
corupa,2026-10-06T23:36,2.89
corupa,2026-10-06T23:37,2.89
corupa,2026-10-06T23:38,2.89
corupa,2026-10-06T23:39,2.9
corupa,2026-10-06T23:40,2.9
corupa,2026-10-06T23:41,2.89
nereu,2026-10-06T23:32,3.38
nereu,2026-10-06T23:33,3.37
nereu,2026-10-06T23:34,3.35
nereu,2026-10-06T23:35,3.36
nereu,2026-10-06T23:36,3.35
nereu,2026-10-06T23:37,3.35
nereu,2026-10-06T23:38,3.34
nereu,2026-10-06T23:39,3.36
nereu,2026-10-06T23:40,3.35
nereu,2026-10-06T23:41,3.35
eta,2026-10-06T23:32,4.18
eta,2026-10-06T23:33,4.17
eta,2026-10-06T23:34,4.19
eta,2026-10-06T23:35,4.18
eta,2026-10-06T23:36,4.17
eta,2026-10-06T23:37,4.18
eta,2026-10-06T23:38,4.17
eta,2026-10-06T23:39,4.15
eta,2026-10-06T23:40,4.17
eta,2026-10-06T23:41,4.17
via_verde,2026-10-06T23:32,5.54
via_verde,2026-10-06T23:33,5.54
via_verde,2026-10-06T23:34,5.54
via_verde,2026-10-06T23:35,5.56
via_verde,2026-10-06T23:36,5.55
via_verde,2026-10-06T23:37,5.54
via_verde,2026-10-06T23:38,5.55
via_verde,2026-10-06T23:39,5.55
via_verde,2026-10-06T23:40,5.55
via_verde,2026-10-06T23:41,5.55
corupa,2026-10-06T23:42,2.89
corupa,2026-10-06T23:43,2.88
corupa,2026-10-06T23:44,2.86
corupa,2026-10-06T23:45,2.86
corupa,2026-10-06T23:46,2.88
corupa,2026-10-06T23:47,2.88
corupa,2026-10-06T23:48,2.88
corupa,2026-10-06T23:49,2.87
corupa,2026-10-06T23:50,2.87
corupa,2026-10-06T23:51,2.87
nereu,2026-10-06T23:42,3.35
nereu,2026-10-06T23:43,3.36
nereu,2026-10-06T23:44,3.36
nereu,2026-10-06T23:45,3.35
nereu,2026-10-06T23:46,3.35
nereu,2026-10-06T23:47,3.35
nereu,2026-10-06T23:48,3.35
nereu,2026-10-06T23:49,3.35
nereu,2026-10-06T23:50,3.34
nereu,2026-10-06T23:51,3.34
eta,2026-10-06T23:42,4.15
eta,2026-10-06T23:43,4.16
eta,2026-10-06T23:44,4.18
eta,2026-10-06T23:45,4.16
eta,2026-10-06T23:46,4.16
eta,2026-10-06T23:47,4.19
eta,2026-10-06T23:48,4.16
eta,2026-10-06T23:49,4.16
eta,2026-10-06T23:50,4.17
eta,2026-10-06T23:51,4.17
via_verde,2026-10-06T23:42,5.55
via_verde,2026-10-06T23:43,5.55
via_verde,2026-10-06T23:44,5.55
via_verde,2026-10-06T23:45,5.52
via_verde,2026-10-06T23:46,5.54
via_verde,2026-10-06T23:47,5.54
via_verde,2026-10-06T23:48,5.54
via_verde,2026-10-06T23:49,5.53
via_verde,2026-10-06T23:50,5.54
via_verde,2026-10-06T23:51,5.55
corupa,2026-10-06T23:52,2.87
corupa,2026-10-06T23:53,2.84
corupa,2026-10-06T23:54,2.84
corupa,2026-10-06T23:55,2.84
corupa,2026-10-06T23:56,2.84
corupa,2026-10-06T23:57,2.84
corupa,2026-10-06T23:58,2.86
corupa,2026-10-06T23:59,2.86
corupa,2026-10-07T00:00,2.85
corupa,2026-10-07T00:01,2.85
nereu,2026-10-06T23:52,3.34
nereu,2026-10-06T23:53,3.34
nereu,2026-10-06T23:54,3.34
nereu,2026-10-06T23:55,3.34
nereu,2026-10-06T23:56,3.35
nereu,2026-10-06T23:57,3.34
nereu,2026-10-06T23:58,3.34
nereu,2026-10-06T23:59,3.34
nereu,2026-10-07T00:00,3.34
nereu,2026-10-07T00:01,3.33
eta,2026-10-06T23:52,4.17
eta,2026-10-06T23:53,4.15
eta,2026-10-06T23:54,4.16
eta,2026-10-06T23:55,4.16
eta,2026-10-06T23:56,4.18
eta,2026-10-06T23:57,4.16
eta,2026-10-06T23:58,4.17
eta,2026-10-06T23:59,4.17
eta,2026-10-07T00:00,4.17
eta,2026-10-07T00:01,4.17
via_verde,2026-10-06T23:52,5.56
via_verde,2026-10-06T23:53,5.54
via_verde,2026-10-06T23:54,5.54
via_verde,2026-10-06T23:55,5.54
via_verde,2026-10-06T23:56,5.56
via_verde,2026-10-06T23:57,5.55
via_verde,2026-10-06T23:58,5.55
via_verde,2026-10-06T23:59,5.52
via_verde,2026-10-07T00:00,5.54
via_verde,2026-10-07T00:01,5.54
corupa,2026-10-07T00:02,2.84
corupa,2026-10-07T00:03,2.84
corupa,2026-10-07T00:04,2.82
corupa,2026-10-07T00:05,2.82
corupa,2026-10-07T00:06,2.82
corupa,2026-10-07T00:07,2.81
corupa,2026-10-07T00:08,2.81
corupa,2026-10-07T00:09,2.83
corupa,2026-10-07T00:10,2.82
corupa,2026-10-07T00:11,2.82
nereu,2026-10-07T00:02,3.33
nereu,2026-10-07T00:03,3.33
nereu,2026-10-07T00:04,3.34
nereu,2026-10-07T00:05,3.32
nereu,2026-10-07T00:06,3.32
nereu,2026-10-07T00:07,3.32
nereu,2026-10-07T00:08,3.32
nereu,2026-10-07T00:09,3.32
nereu,2026-10-07T00:10,3.32
nereu,2026-10-07T00:11,3.32
eta,2026-10-07T00:02,4.17
eta,2026-10-07T00:03,4.18
eta,2026-10-07T00:04,4.15
eta,2026-10-07T00:05,4.17
eta,2026-10-07T00:06,4.14
eta,2026-10-07T00:07,4.17
eta,2026-10-07T00:08,4.17
eta,2026-10-07T00:09,4.15
eta,2026-10-07T00:10,4.16
eta,2026-10-07T00:11,4.16
eta,2026-10-07T00:12,4.15
via_verde,2026-10-07T00:02,5.54
via_verde,2026-10-07T00:03,5.56
via_verde,2026-10-07T00:04,5.56
via_verde,2026-10-07T00:05,5.54
via_verde,2026-10-07T00:06,5.53
via_verde,2026-10-07T00:07,5.55
via_verde,2026-10-07T00:08,5.55
via_verde,2026-10-07T00:09,5.51
via_verde,2026-10-07T00:10,5.53
via_verde,2026-10-07T00:11,5.53
via_verde,2026-10-07T00:12,5.53
corupa,2026-10-07T00:12,2.8
corupa,2026-10-07T00:13,2.8
corupa,2026-10-07T00:14,2.81
corupa,2026-10-07T00:15,2.81
corupa,2026-10-07T00:16,2.8
corupa,2026-10-07T00:17,2.8
corupa,2026-10-07T00:18,2.8
corupa,2026-10-07T00:19,2.79
corupa,2026-10-07T00:20,2.79
corupa,2026-10-07T00:21,2.8
nereu,2026-10-07T00:12,3.32
nereu,2026-10-07T00:13,3.32
nereu,2026-10-07T00:14,3.31
nereu,2026-10-07T00:15,3.32
nereu,2026-10-07T00:16,3.31
nereu,2026-10-07T00:17,3.31
nereu,2026-10-07T00:18,3.3
nereu,2026-10-07T00:19,3.31
nereu,2026-10-07T00:20,3.31
nereu,2026-10-07T00:21,3.31
eta,2026-10-07T00:13,4.17
eta,2026-10-07T00:14,4.17
eta,2026-10-07T00:15,4.17
eta,2026-10-07T00:16,4.16
eta,2026-10-07T00:17,4.16
eta,2026-10-07T00:18,4.16
eta,2026-10-07T00:19,4.13
eta,2026-10-07T00:20,4.14
eta,2026-10-07T00:21,4.15
eta,2026-10-07T00:22,4.14
via_verde,2026-10-07T00:13,5.56
via_verde,2026-10-07T00:14,5.55
via_verde,2026-10-07T00:15,5.51
via_verde,2026-10-07T00:16,5.52
via_verde,2026-10-07T00:17,5.54
via_verde,2026-10-07T00:18,5.54
via_verde,2026-10-07T00:19,5.53
via_verde,2026-10-07T00:20,5.54
via_verde,2026-10-07T00:21,5.53
via_verde,2026-10-07T00:22,5.55
corupa,2026-10-07T00:22,2.8
corupa,2026-10-07T00:23,2.79
corupa,2026-10-07T00:24,2.79
corupa,2026-10-07T00:25,2.79
corupa,2026-10-07T00:26,2.79
corupa,2026-10-07T00:27,2.79
corupa,2026-10-07T00:28,2.81
corupa,2026-10-07T00:29,2.81
corupa,2026-10-07T00:30,2.81
corupa,2026-10-07T00:31,2.81
nereu,2026-10-07T00:22,3.3
nereu,2026-10-07T00:23,3.3
nereu,2026-10-07T00:24,3.3
nereu,2026-10-07T00:25,3.3
nereu,2026-10-07T00:26,3.3
nereu,2026-10-07T00:27,3.3
nereu,2026-10-07T00:28,3.29
nereu,2026-10-07T00:29,3.29
nereu,2026-10-07T00:30,3.29
nereu,2026-10-07T00:31,3.3
eta,2026-10-07T00:23,4.14
eta,2026-10-07T00:24,4.15
eta,2026-10-07T00:25,4.14
eta,2026-10-07T00:26,4.14
eta,2026-10-07T00:27,4.13
eta,2026-10-07T00:28,4.14
eta,2026-10-07T00:29,4.13
eta,2026-10-07T00:30,4.14
eta,2026-10-07T00:31,4.15
via_verde,2026-10-07T00:23,5.55
via_verde,2026-10-07T00:24,5.54
via_verde,2026-10-07T00:25,5.53
via_verde,2026-10-07T00:26,5.53
via_verde,2026-10-07T00:27,5.54
via_verde,2026-10-07T00:28,5.52
via_verde,2026-10-07T00:29,5.53
via_verde,2026-10-07T00:30,5.53
via_verde,2026-10-07T00:31,5.56
corupa,2026-10-07T00:32,2.77
corupa,2026-10-07T00:33,2.77
corupa,2026-10-07T00:34,2.76
corupa,2026-10-07T00:35,2.76
corupa,2026-10-07T00:36,2.76
corupa,2026-10-07T00:37,2.75
corupa,2026-10-07T00:38,2.75
corupa,2026-10-07T00:39,2.78
corupa,2026-10-07T00:40,2.77
corupa,2026-10-07T00:41,2.77
nereu,2026-10-07T00:32,3.29
nereu,2026-10-07T00:33,3.28
nereu,2026-10-07T00:34,3.28
nereu,2026-10-07T00:35,3.28
nereu,2026-10-07T00:36,3.28
nereu,2026-10-07T00:37,3.28
nereu,2026-10-07T00:38,3.27
nereu,2026-10-07T00:39,3.27
nereu,2026-10-07T00:40,3.26
nereu,2026-10-07T00:41,3.27
eta,2026-10-07T00:32,4.13
eta,2026-10-07T00:33,4.13
eta,2026-10-07T00:34,4.15
eta,2026-10-07T00:35,4.15
eta,2026-10-07T00:36,4.14
eta,2026-10-07T00:37,4.13
eta,2026-10-07T00:38,4.13
eta,2026-10-07T00:39,4.14
eta,2026-10-07T00:40,4.14
eta,2026-10-07T00:41,4.14
via_verde,2026-10-07T00:32,5.54
via_verde,2026-10-07T00:33,5.54
via_verde,2026-10-07T00:34,5.53
via_verde,2026-10-07T00:35,5.55
via_verde,2026-10-07T00:36,5.55
via_verde,2026-10-07T00:37,5.54
via_verde,2026-10-07T00:38,5.54
via_verde,2026-10-07T00:39,5.54
via_verde,2026-10-07T00:40,5.55
via_verde,2026-10-07T00:41,5.53
corupa,2026-10-07T00:42,2.75
corupa,2026-10-07T00:43,2.75
corupa,2026-10-07T00:44,2.75
corupa,2026-10-07T00:45,2.75
corupa,2026-10-07T00:46,2.77
corupa,2026-10-07T00:47,2.77
corupa,2026-10-07T00:48,2.76
corupa,2026-10-07T00:49,2.76
corupa,2026-10-07T00:50,2.75
corupa,2026-10-07T00:51,2.75
nereu,2026-10-07T00:42,3.27
nereu,2026-10-07T00:43,3.27
nereu,2026-10-07T00:44,3.26
nereu,2026-10-07T00:45,3.26
nereu,2026-10-07T00:46,3.26
nereu,2026-10-07T00:47,3.26
nereu,2026-10-07T00:48,3.26
nereu,2026-10-07T00:49,3.25
nereu,2026-10-07T00:50,3.25
nereu,2026-10-07T00:51,3.25
eta,2026-10-07T00:42,4.12
eta,2026-10-07T00:43,4.13
eta,2026-10-07T00:44,4.12
eta,2026-10-07T00:45,4.12
eta,2026-10-07T00:46,4.13
eta,2026-10-07T00:47,4.12
eta,2026-10-07T00:48,4.11
eta,2026-10-07T00:49,4.11
eta,2026-10-07T00:50,4.12
eta,2026-10-07T00:51,4.14
via_verde,2026-10-07T00:42,5.55
via_verde,2026-10-07T00:43,5.53
via_verde,2026-10-07T00:44,5.53
via_verde,2026-10-07T00:45,5.51
via_verde,2026-10-07T00:46,5.51
via_verde,2026-10-07T00:47,5.53
via_verde,2026-10-07T00:48,5.53
via_verde,2026-10-07T00:49,5.53
via_verde,2026-10-07T00:50,5.52
via_verde,2026-10-07T00:51,5.53
corupa,2026-10-07T00:52,2.75
corupa,2026-10-07T00:53,2.74
corupa,2026-10-07T00:54,2.74
corupa,2026-10-07T00:55,2.75
corupa,2026-10-07T00:56,2.73
corupa,2026-10-07T00:57,2.73
corupa,2026-10-07T00:58,2.75
corupa,2026-10-07T00:59,2.72
corupa,2026-10-07T01:00,2.72
corupa,2026-10-07T01:01,2.74
nereu,2026-10-07T00:52,3.26
nereu,2026-10-07T00:53,3.25
nereu,2026-10-07T00:54,3.25
nereu,2026-10-07T00:55,3.24
nereu,2026-10-07T00:56,3.24
nereu,2026-10-07T00:57,3.24
nereu,2026-10-07T00:58,3.24
nereu,2026-10-07T00:59,3.23
nereu,2026-10-07T01:00,3.23
nereu,2026-10-07T01:01,3.23
eta,2026-10-07T00:52,4.1
eta,2026-10-07T00:53,4.1
eta,2026-10-07T00:54,4.12
eta,2026-10-07T00:55,4.1
eta,2026-10-07T00:56,4.13
eta,2026-10-07T00:57,4.11
eta,2026-10-07T00:58,4.12
eta,2026-10-07T00:59,4.11
eta,2026-10-07T01:00,4.12
eta,2026-10-07T01:01,4.11
via_verde,2026-10-07T00:52,5.53
via_verde,2026-10-07T00:53,5.53
via_verde,2026-10-07T00:54,5.51
via_verde,2026-10-07T00:55,5.53
via_verde,2026-10-07T00:56,5.5
via_verde,2026-10-07T00:57,5.52
via_verde,2026-10-07T00:58,5.51
via_verde,2026-10-07T00:59,5.52
via_verde,2026-10-07T01:00,5.49
via_verde,2026-10-07T01:01,5.54
corupa,2026-10-07T01:02,2.74
corupa,2026-10-07T01:03,2.73
corupa,2026-10-07T01:04,2.73
corupa,2026-10-07T01:05,2.72
corupa,2026-10-07T01:06,2.7
corupa,2026-10-07T01:07,2.7
corupa,2026-10-07T01:08,2.74
corupa,2026-10-07T01:09,2.74
corupa,2026-10-07T01:10,2.69
corupa,2026-10-07T01:11,2.7
nereu,2026-10-07T01:02,3.24
nereu,2026-10-07T01:03,3.22
nereu,2026-10-07T01:04,3.22
nereu,2026-10-07T01:05,3.22
nereu,2026-10-07T01:06,3.22
nereu,2026-10-07T01:07,3.22
nereu,2026-10-07T01:08,3.22
nereu,2026-10-07T01:09,3.22
nereu,2026-10-07T01:10,3.21
nereu,2026-10-07T01:11,3.22
eta,2026-10-07T01:02,4.11
eta,2026-10-07T01:03,4.12
eta,2026-10-07T01:04,4.11
eta,2026-10-07T01:05,4.09
eta,2026-10-07T01:06,4.1
eta,2026-10-07T01:07,4.1
eta,2026-10-07T01:08,4.11
eta,2026-10-07T01:09,4.1
eta,2026-10-07T01:10,4.09
eta,2026-10-07T01:11,4.11
eta,2026-10-07T01:12,4.08
via_verde,2026-10-07T01:02,5.5
via_verde,2026-10-07T01:03,5.53
via_verde,2026-10-07T01:04,5.52
via_verde,2026-10-07T01:05,5.51
via_verde,2026-10-07T01:06,5.52
via_verde,2026-10-07T01:07,5.49
via_verde,2026-10-07T01:08,5.53
via_verde,2026-10-07T01:09,5.52
via_verde,2026-10-07T01:10,5.51
via_verde,2026-10-07T01:11,5.52
via_verde,2026-10-07T01:12,5.53
corupa,2026-10-07T01:12,2.7
corupa,2026-10-07T01:13,2.72
corupa,2026-10-07T01:14,2.72
corupa,2026-10-07T01:15,2.7
corupa,2026-10-07T01:16,2.71
corupa,2026-10-07T01:17,2.71
corupa,2026-10-07T01:18,2.71
corupa,2026-10-07T01:19,2.71
corupa,2026-10-07T01:20,2.69
corupa,2026-10-07T01:21,2.7
nereu,2026-10-07T01:12,3.2
nereu,2026-10-07T01:13,3.2
nereu,2026-10-07T01:14,3.2
nereu,2026-10-07T01:15,3.19
nereu,2026-10-07T01:16,3.2
nereu,2026-10-07T01:17,3.19
nereu,2026-10-07T01:18,3.2
nereu,2026-10-07T01:19,3.19
nereu,2026-10-07T01:20,3.19
nereu,2026-10-07T01:21,3.19
eta,2026-10-07T01:13,4.08
eta,2026-10-07T01:14,4.12
eta,2026-10-07T01:15,4.08
eta,2026-10-07T01:16,4.1
eta,2026-10-07T01:17,4.09
eta,2026-10-07T01:18,4.1
eta,2026-10-07T01:19,4.08
eta,2026-10-07T01:20,4.11
eta,2026-10-07T01:21,4.08
via_verde,2026-10-07T01:13,5.5
via_verde,2026-10-07T01:14,5.51
via_verde,2026-10-07T01:15,5.51
via_verde,2026-10-07T01:16,5.51
via_verde,2026-10-07T01:17,5.51
via_verde,2026-10-07T01:18,5.52
via_verde,2026-10-07T01:19,5.49
via_verde,2026-10-07T01:20,5.51
via_verde,2026-10-07T01:21,5.49
corupa,2026-10-07T01:22,2.7
corupa,2026-10-07T01:23,2.65
corupa,2026-10-07T01:24,2.65
corupa,2026-10-07T01:25,2.68
corupa,2026-10-07T01:26,2.68
corupa,2026-10-07T01:27,2.68
corupa,2026-10-07T01:28,2.68
corupa,2026-10-07T01:29,2.64
corupa,2026-10-07T01:30,2.64
corupa,2026-10-07T01:31,2.64
nereu,2026-10-07T01:22,3.19
nereu,2026-10-07T01:23,3.19
nereu,2026-10-07T01:24,3.18
nereu,2026-10-07T01:25,3.17
nereu,2026-10-07T01:26,3.18
nereu,2026-10-07T01:27,3.17
nereu,2026-10-07T01:28,3.17
nereu,2026-10-07T01:29,3.17
nereu,2026-10-07T01:30,3.17
nereu,2026-10-07T01:31,3.16
eta,2026-10-07T01:22,4.09
eta,2026-10-07T01:23,4.07
eta,2026-10-07T01:24,4.08
eta,2026-10-07T01:25,4.08
eta,2026-10-07T01:26,4.08
eta,2026-10-07T01:27,4.08
eta,2026-10-07T01:28,4.08
eta,2026-10-07T01:29,4.08
eta,2026-10-07T01:30,4.06
eta,2026-10-07T01:31,4.07
via_verde,2026-10-07T01:22,5.51
via_verde,2026-10-07T01:23,5.48
via_verde,2026-10-07T01:24,5.5
via_verde,2026-10-07T01:25,5.49
via_verde,2026-10-07T01:26,5.5
via_verde,2026-10-07T01:27,5.51
via_verde,2026-10-07T01:28,5.52
via_verde,2026-10-07T01:29,5.45
via_verde,2026-10-07T01:30,5.49
via_verde,2026-10-07T01:31,5.49
corupa,2026-10-07T01:32,2.64
corupa,2026-10-07T01:33,2.66
corupa,2026-10-07T01:34,2.66
corupa,2026-10-07T01:35,2.68
corupa,2026-10-07T01:36,2.68
corupa,2026-10-07T01:37,2.67
corupa,2026-10-07T01:38,2.67
corupa,2026-10-07T01:39,2.65
corupa,2026-10-07T01:40,2.65
corupa,2026-10-07T01:41,2.65
nereu,2026-10-07T01:32,3.16
nereu,2026-10-07T01:33,3.15
nereu,2026-10-07T01:34,3.15
nereu,2026-10-07T01:35,3.16
nereu,2026-10-07T01:36,3.15
nereu,2026-10-07T01:37,3.15
nereu,2026-10-07T01:38,3.15
nereu,2026-10-07T01:39,3.15
nereu,2026-10-07T01:40,3.14
nereu,2026-10-07T01:41,3.14
eta,2026-10-07T01:32,4.06
eta,2026-10-07T01:33,4.06
eta,2026-10-07T01:34,4.04
eta,2026-10-07T01:35,4.07
eta,2026-10-07T01:36,4.06
eta,2026-10-07T01:37,4.02
eta,2026-10-07T01:38,4.06
eta,2026-10-07T01:39,4.05
eta,2026-10-07T01:40,4.06
eta,2026-10-07T01:41,4.02
via_verde,2026-10-07T01:32,5.48
via_verde,2026-10-07T01:33,5.48
via_verde,2026-10-07T01:34,5.49
via_verde,2026-10-07T01:35,5.48
via_verde,2026-10-07T01:36,5.48
via_verde,2026-10-07T01:37,5.5
via_verde,2026-10-07T01:38,5.49
via_verde,2026-10-07T01:39,5.47
via_verde,2026-10-07T01:40,5.46
via_verde,2026-10-07T01:41,5.47
corupa,2026-10-07T01:42,2.66
corupa,2026-10-07T01:43,2.63
corupa,2026-10-07T01:44,2.63
corupa,2026-10-07T01:45,2.64
corupa,2026-10-07T01:46,2.64
corupa,2026-10-07T01:47,2.64
corupa,2026-10-07T01:48,2.61
corupa,2026-10-07T01:49,2.61
corupa,2026-10-07T01:50,2.6
corupa,2026-10-07T01:51,2.6
nereu,2026-10-07T01:42,3.13
nereu,2026-10-07T01:43,3.13
nereu,2026-10-07T01:44,3.13
nereu,2026-10-07T01:45,3.13
nereu,2026-10-07T01:46,3.13
nereu,2026-10-07T01:47,3.14
nereu,2026-10-07T01:48,3.13
nereu,2026-10-07T01:49,3.12
nereu,2026-10-07T01:50,3.13
nereu,2026-10-07T01:51,3.12
eta,2026-10-07T01:42,4.02
eta,2026-10-07T01:43,4.05
eta,2026-10-07T01:44,4.04
eta,2026-10-07T01:45,4.04
eta,2026-10-07T01:46,4.06
eta,2026-10-07T01:47,4.01
eta,2026-10-07T01:48,4.05
eta,2026-10-07T01:49,4.03
eta,2026-10-07T01:50,4.04
eta,2026-10-07T01:51,4.03
via_verde,2026-10-07T01:42,5.48
via_verde,2026-10-07T01:43,5.48
via_verde,2026-10-07T01:44,5.47
via_verde,2026-10-07T01:45,5.47
via_verde,2026-10-07T01:46,5.47
via_verde,2026-10-07T01:47,5.47
via_verde,2026-10-07T01:48,5.46
via_verde,2026-10-07T01:49,5.48
via_verde,2026-10-07T01:50,5.48
via_verde,2026-10-07T01:51,5.47
corupa,2026-10-07T01:52,2.6
corupa,2026-10-07T01:53,2.58
corupa,2026-10-07T01:54,2.58
corupa,2026-10-07T01:55,2.6
corupa,2026-10-07T01:56,2.6
corupa,2026-10-07T01:57,2.58
corupa,2026-10-07T01:58,2.57
corupa,2026-10-07T01:59,2.57
corupa,2026-10-07T02:00,2.6
corupa,2026-10-07T02:01,2.59
nereu,2026-10-07T01:52,3.12
nereu,2026-10-07T01:53,3.12
nereu,2026-10-07T01:54,3.11
nereu,2026-10-07T01:55,3.1
nereu,2026-10-07T01:56,3.11
nereu,2026-10-07T01:57,3.11
nereu,2026-10-07T01:58,3.11
nereu,2026-10-07T01:59,3.1
nereu,2026-10-07T02:00,3.1
nereu,2026-10-07T02:01,3.09
eta,2026-10-07T01:52,4.03
eta,2026-10-07T01:53,4.01
eta,2026-10-07T01:54,4.03
eta,2026-10-07T01:55,4.03
eta,2026-10-07T01:56,4.01
eta,2026-10-07T01:57,4.01
eta,2026-10-07T01:58,4
eta,2026-10-07T01:59,4
eta,2026-10-07T02:00,4.03
eta,2026-10-07T02:01,4
via_verde,2026-10-07T01:52,5.48
via_verde,2026-10-07T01:53,5.46
via_verde,2026-10-07T01:54,5.46
via_verde,2026-10-07T01:55,5.46
via_verde,2026-10-07T01:56,5.46
via_verde,2026-10-07T01:57,5.47
via_verde,2026-10-07T01:58,5.45
via_verde,2026-10-07T01:59,5.46
via_verde,2026-10-07T02:00,5.45
via_verde,2026-10-07T02:01,5.44
corupa,2026-10-07T02:02,2.59
corupa,2026-10-07T02:03,2.61
corupa,2026-10-07T02:04,2.61
corupa,2026-10-07T02:05,2.56
corupa,2026-10-07T02:06,2.58
corupa,2026-10-07T02:07,2.58
corupa,2026-10-07T02:08,2.6
corupa,2026-10-07T02:09,2.58
corupa,2026-10-07T02:10,2.58
nereu,2026-10-07T02:02,3.09
nereu,2026-10-07T02:03,3.09
nereu,2026-10-07T02:04,3.09
nereu,2026-10-07T02:05,3.09
nereu,2026-10-07T02:06,3.08
nereu,2026-10-07T02:07,3.08
nereu,2026-10-07T02:08,3.08
nereu,2026-10-07T02:09,3.07
nereu,2026-10-07T02:10,3.07
eta,2026-10-07T02:02,4.03
eta,2026-10-07T02:03,3.99
eta,2026-10-07T02:04,3.98
eta,2026-10-07T02:05,4
eta,2026-10-07T02:06,4.01
eta,2026-10-07T02:07,3.99
eta,2026-10-07T02:08,3.98
eta,2026-10-07T02:09,3.99
eta,2026-10-07T02:10,3.98
via_verde,2026-10-07T02:02,5.44
via_verde,2026-10-07T02:03,5.45
via_verde,2026-10-07T02:04,5.44
via_verde,2026-10-07T02:05,5.44
via_verde,2026-10-07T02:06,5.44
via_verde,2026-10-07T02:07,5.42
via_verde,2026-10-07T02:08,5.42
via_verde,2026-10-07T02:09,5.42
via_verde,2026-10-07T02:10,5.44
corupa,2026-10-07T02:11,2.57
corupa,2026-10-07T02:12,2.57
corupa,2026-10-07T02:13,2.57
nereu,2026-10-07T02:11,3.07
nereu,2026-10-07T02:12,3.06
nereu,2026-10-07T02:13,3.06
eta,2026-10-07T02:11,3.99
eta,2026-10-07T02:12,3.99
eta,2026-10-07T02:13,3.97
via_verde,2026-10-07T02:11,5.44
via_verde,2026-10-07T02:12,5.44
via_verde,2026-10-07T02:13,5.43
corupa,2026-10-07T02:14,2.58
corupa,2026-10-07T02:15,2.58
corupa,2026-10-07T02:16,2.54
corupa,2026-10-07T02:17,2.54
corupa,2026-10-07T02:18,2.56
corupa,2026-10-07T02:19,2.57
corupa,2026-10-07T02:20,2.57
corupa,2026-10-07T02:21,2.56
nereu,2026-10-07T02:14,3.05
nereu,2026-10-07T02:15,3.06
nereu,2026-10-07T02:16,3.06
nereu,2026-10-07T02:17,3.05
nereu,2026-10-07T02:18,3.06
nereu,2026-10-07T02:19,3.04
nereu,2026-10-07T02:20,3.05
nereu,2026-10-07T02:21,3.04
eta,2026-10-07T02:14,3.97
eta,2026-10-07T02:15,3.99
eta,2026-10-07T02:16,3.97
eta,2026-10-07T02:17,3.96
eta,2026-10-07T02:18,3.98
eta,2026-10-07T02:19,3.97
eta,2026-10-07T02:20,3.97
eta,2026-10-07T02:21,3.95
via_verde,2026-10-07T02:14,5.43
via_verde,2026-10-07T02:15,5.43
via_verde,2026-10-07T02:16,5.42
via_verde,2026-10-07T02:17,5.41
via_verde,2026-10-07T02:18,5.41
via_verde,2026-10-07T02:19,5.41
via_verde,2026-10-07T02:20,5.43
via_verde,2026-10-07T02:21,5.39
corupa,2026-10-07T02:22,2.59
corupa,2026-10-07T02:23,2.59
corupa,2026-10-07T02:24,2.55
corupa,2026-10-07T02:25,2.55
corupa,2026-10-07T02:26,2.54
corupa,2026-10-07T02:27,2.53
corupa,2026-10-07T02:28,2.53
corupa,2026-10-07T02:29,2.53
corupa,2026-10-07T02:30,2.54
corupa,2026-10-07T02:31,2.54
nereu,2026-10-07T02:22,3.04
nereu,2026-10-07T02:23,3.04
nereu,2026-10-07T02:24,3.02
nereu,2026-10-07T02:25,3.02
nereu,2026-10-07T02:26,3.02
nereu,2026-10-07T02:27,3.02
nereu,2026-10-07T02:28,3.01
nereu,2026-10-07T02:29,3.02
nereu,2026-10-07T02:30,3.01
nereu,2026-10-07T02:31,3.01
eta,2026-10-07T02:22,3.96
eta,2026-10-07T02:23,3.96
eta,2026-10-07T02:24,3.94
eta,2026-10-07T02:25,3.95
eta,2026-10-07T02:26,3.94
eta,2026-10-07T02:27,3.95
eta,2026-10-07T02:28,3.95
eta,2026-10-07T02:29,3.94
eta,2026-10-07T02:30,3.94
eta,2026-10-07T02:31,3.93
via_verde,2026-10-07T02:22,5.4
via_verde,2026-10-07T02:23,5.43
via_verde,2026-10-07T02:24,5.42
via_verde,2026-10-07T02:25,5.42
via_verde,2026-10-07T02:26,5.41
via_verde,2026-10-07T02:27,5.41
via_verde,2026-10-07T02:28,5.39
via_verde,2026-10-07T02:29,5.39
via_verde,2026-10-07T02:30,5.41
via_verde,2026-10-07T02:31,5.4
corupa,2026-10-07T02:32,2.54
corupa,2026-10-07T02:33,2.54
corupa,2026-10-07T02:34,2.51
corupa,2026-10-07T02:35,2.51
nereu,2026-10-07T02:32,3.01
nereu,2026-10-07T02:33,3
nereu,2026-10-07T02:34,2.99
nereu,2026-10-07T02:35,2.99
eta,2026-10-07T02:32,3.93
eta,2026-10-07T02:33,3.92
eta,2026-10-07T02:34,3.93
eta,2026-10-07T02:35,3.93
via_verde,2026-10-07T02:32,5.38
via_verde,2026-10-07T02:33,5.39
via_verde,2026-10-07T02:34,5.39
via_verde,2026-10-07T02:35,5.39
corupa,2026-10-07T02:36,2.55
corupa,2026-10-07T02:37,2.53
corupa,2026-10-07T02:38,2.53
corupa,2026-10-07T02:39,2.47
corupa,2026-10-07T02:40,2.5
corupa,2026-10-07T02:41,2.5
corupa,2026-10-07T02:42,2.5
corupa,2026-10-07T02:43,2.5
corupa,2026-10-07T02:44,2.48
corupa,2026-10-07T02:45,2.49
corupa,2026-10-07T02:46,2.49
nereu,2026-10-07T02:36,3
nereu,2026-10-07T02:37,3
nereu,2026-10-07T02:38,2.99
nereu,2026-10-07T02:39,2.99
nereu,2026-10-07T02:40,2.98
nereu,2026-10-07T02:41,2.98
nereu,2026-10-07T02:42,2.98
nereu,2026-10-07T02:43,2.97
nereu,2026-10-07T02:44,2.97
nereu,2026-10-07T02:45,2.96
nereu,2026-10-07T02:46,2.97
eta,2026-10-07T02:36,3.93
eta,2026-10-07T02:37,3.92
eta,2026-10-07T02:38,3.92
eta,2026-10-07T02:39,3.9
eta,2026-10-07T02:40,3.92
eta,2026-10-07T02:41,3.9
eta,2026-10-07T02:42,3.9
eta,2026-10-07T02:43,3.92
eta,2026-10-07T02:44,3.9
eta,2026-10-07T02:45,3.91
eta,2026-10-07T02:46,3.89
via_verde,2026-10-07T02:36,5.39
via_verde,2026-10-07T02:37,5.38
via_verde,2026-10-07T02:38,5.38
via_verde,2026-10-07T02:39,5.38
via_verde,2026-10-07T02:40,5.38
via_verde,2026-10-07T02:41,5.38
via_verde,2026-10-07T02:42,5.38
via_verde,2026-10-07T02:43,5.36
via_verde,2026-10-07T02:44,5.37
via_verde,2026-10-07T02:45,5.37
via_verde,2026-10-07T02:46,5.36
corupa,2026-10-07T02:47,2.46
corupa,2026-10-07T02:48,2.46
corupa,2026-10-07T02:49,2.49
corupa,2026-10-07T02:50,2.47
corupa,2026-10-07T02:51,2.47
corupa,2026-10-07T02:52,2.49
corupa,2026-10-07T02:53,2.45
corupa,2026-10-07T02:54,2.45
corupa,2026-10-07T02:55,2.46
corupa,2026-10-07T02:56,2.46
nereu,2026-10-07T02:47,2.96
nereu,2026-10-07T02:48,2.96
nereu,2026-10-07T02:49,2.96
nereu,2026-10-07T02:50,2.95
nereu,2026-10-07T02:51,2.95
nereu,2026-10-07T02:52,2.94
nereu,2026-10-07T02:53,2.94
nereu,2026-10-07T02:54,2.93
nereu,2026-10-07T02:55,2.93
nereu,2026-10-07T02:56,2.93
eta,2026-10-07T02:47,3.89
eta,2026-10-07T02:48,3.9
eta,2026-10-07T02:49,3.89
eta,2026-10-07T02:50,3.89
eta,2026-10-07T02:51,3.88
eta,2026-10-07T02:52,3.89
eta,2026-10-07T02:53,3.88
eta,2026-10-07T02:54,3.9
eta,2026-10-07T02:55,3.87
eta,2026-10-07T02:56,3.88
via_verde,2026-10-07T02:47,5.37
via_verde,2026-10-07T02:48,5.36
via_verde,2026-10-07T02:49,5.35
via_verde,2026-10-07T02:50,5.34
via_verde,2026-10-07T02:51,5.36
via_verde,2026-10-07T02:52,5.36
via_verde,2026-10-07T02:53,5.35
via_verde,2026-10-07T02:54,5.34
via_verde,2026-10-07T02:55,5.34
via_verde,2026-10-07T02:56,5.35
corupa,2026-10-07T02:57,2.49
corupa,2026-10-07T02:58,2.49
corupa,2026-10-07T02:59,2.45
corupa,2026-10-07T03:00,2.45
corupa,2026-10-07T03:01,2.46
corupa,2026-10-07T03:02,2.45
corupa,2026-10-07T03:03,2.45
corupa,2026-10-07T03:04,2.46
corupa,2026-10-07T03:05,2.46
corupa,2026-10-07T03:06,2.46
corupa,2026-10-07T03:07,2.45
corupa,2026-10-07T03:08,2.45
nereu,2026-10-07T02:57,2.92
nereu,2026-10-07T02:58,2.92
nereu,2026-10-07T02:59,2.92
nereu,2026-10-07T03:00,2.92
nereu,2026-10-07T03:01,2.92
nereu,2026-10-07T03:02,2.91
nereu,2026-10-07T03:03,2.92
nereu,2026-10-07T03:04,2.9
nereu,2026-10-07T03:05,2.9
nereu,2026-10-07T03:06,2.89
nereu,2026-10-07T03:07,2.89
nereu,2026-10-07T03:08,2.88
eta,2026-10-07T02:57,3.87
eta,2026-10-07T02:58,3.85
eta,2026-10-07T02:59,3.86
eta,2026-10-07T03:00,3.85
eta,2026-10-07T03:01,3.85
eta,2026-10-07T03:02,3.85
eta,2026-10-07T03:03,3.86
eta,2026-10-07T03:04,3.85
eta,2026-10-07T03:05,3.85
eta,2026-10-07T03:06,3.83
eta,2026-10-07T03:07,3.84
eta,2026-10-07T03:08,3.83
via_verde,2026-10-07T02:57,5.34
via_verde,2026-10-07T02:58,5.34
via_verde,2026-10-07T02:59,5.32
via_verde,2026-10-07T03:00,5.33
via_verde,2026-10-07T03:01,5.33
via_verde,2026-10-07T03:02,5.32
via_verde,2026-10-07T03:03,5.3
via_verde,2026-10-07T03:04,5.34
via_verde,2026-10-07T03:05,5.33
via_verde,2026-10-07T03:06,5.29
via_verde,2026-10-07T03:07,5.3
via_verde,2026-10-07T03:08,5.32
corupa,2026-10-07T03:09,2.42
corupa,2026-10-07T03:10,2.42
corupa,2026-10-07T03:11,2.45
corupa,2026-10-07T03:12,2.45
corupa,2026-10-07T03:13,2.45
corupa,2026-10-07T03:14,2.42
corupa,2026-10-07T03:15,2.42
corupa,2026-10-07T03:16,2.42
nereu,2026-10-07T03:09,2.89
nereu,2026-10-07T03:10,2.88
nereu,2026-10-07T03:11,2.89
nereu,2026-10-07T03:12,2.88
nereu,2026-10-07T03:13,2.87
nereu,2026-10-07T03:14,2.87
nereu,2026-10-07T03:15,2.86
nereu,2026-10-07T03:16,2.87
eta,2026-10-07T03:09,3.85
eta,2026-10-07T03:10,3.85
eta,2026-10-07T03:11,3.83
eta,2026-10-07T03:12,3.82
eta,2026-10-07T03:13,3.83
eta,2026-10-07T03:14,3.82
eta,2026-10-07T03:15,3.82
eta,2026-10-07T03:16,3.82
via_verde,2026-10-07T03:09,5.32
via_verde,2026-10-07T03:10,5.3
via_verde,2026-10-07T03:11,5.31
via_verde,2026-10-07T03:12,5.3
via_verde,2026-10-07T03:13,5.28
via_verde,2026-10-07T03:14,5.3
via_verde,2026-10-07T03:15,5.29
via_verde,2026-10-07T03:16,5.29
corupa,2026-10-07T03:17,2.42
corupa,2026-10-07T03:18,2.42
corupa,2026-10-07T03:19,2.45
corupa,2026-10-07T03:20,2.45
corupa,2026-10-07T03:21,2.43
corupa,2026-10-07T03:22,2.42
corupa,2026-10-07T03:23,2.42
corupa,2026-10-07T03:24,2.4
corupa,2026-10-07T03:25,2.42
corupa,2026-10-07T03:26,2.42
nereu,2026-10-07T03:17,2.86
nereu,2026-10-07T03:18,2.86
nereu,2026-10-07T03:19,2.85
nereu,2026-10-07T03:20,2.85
nereu,2026-10-07T03:21,2.84
nereu,2026-10-07T03:22,2.84
nereu,2026-10-07T03:23,2.84
nereu,2026-10-07T03:24,2.83
nereu,2026-10-07T03:25,2.83
nereu,2026-10-07T03:26,2.83
eta,2026-10-07T03:17,3.8
eta,2026-10-07T03:18,3.81
eta,2026-10-07T03:19,3.83
eta,2026-10-07T03:20,3.81
eta,2026-10-07T03:21,3.8
eta,2026-10-07T03:22,3.8
eta,2026-10-07T03:23,3.79
eta,2026-10-07T03:24,3.78
eta,2026-10-07T03:25,3.8
eta,2026-10-07T03:26,3.78
via_verde,2026-10-07T03:17,5.28
via_verde,2026-10-07T03:18,5.28
via_verde,2026-10-07T03:19,5.28
via_verde,2026-10-07T03:20,5.28
via_verde,2026-10-07T03:21,5.26
via_verde,2026-10-07T03:22,5.26
via_verde,2026-10-07T03:23,5.27
via_verde,2026-10-07T03:24,5.26
via_verde,2026-10-07T03:25,5.25
via_verde,2026-10-07T03:26,5.25
corupa,2026-10-07T03:27,2.38
corupa,2026-10-07T03:28,2.38
corupa,2026-10-07T03:29,2.42
corupa,2026-10-07T03:30,2.41
corupa,2026-10-07T03:31,2.41
corupa,2026-10-07T03:32,2.41
corupa,2026-10-07T03:33,2.41
corupa,2026-10-07T03:34,2.36
corupa,2026-10-07T03:35,2.39
corupa,2026-10-07T03:36,2.39
nereu,2026-10-07T03:27,2.82
nereu,2026-10-07T03:28,2.84
nereu,2026-10-07T03:29,2.81
nereu,2026-10-07T03:30,2.81
nereu,2026-10-07T03:31,2.82
nereu,2026-10-07T03:32,2.82
nereu,2026-10-07T03:33,2.81
nereu,2026-10-07T03:34,2.81
nereu,2026-10-07T03:35,2.8
nereu,2026-10-07T03:36,2.8
eta,2026-10-07T03:27,3.78
eta,2026-10-07T03:28,3.77
eta,2026-10-07T03:29,3.77
eta,2026-10-07T03:30,3.78
eta,2026-10-07T03:31,3.77
eta,2026-10-07T03:32,3.76
eta,2026-10-07T03:33,3.76
eta,2026-10-07T03:34,3.75
eta,2026-10-07T03:35,3.77
eta,2026-10-07T03:36,3.76
via_verde,2026-10-07T03:27,5.23
via_verde,2026-10-07T03:28,5.26
via_verde,2026-10-07T03:29,5.24
via_verde,2026-10-07T03:30,5.26
via_verde,2026-10-07T03:31,5.25
via_verde,2026-10-07T03:32,5.24
via_verde,2026-10-07T03:33,5.25
via_verde,2026-10-07T03:34,5.26
via_verde,2026-10-07T03:35,5.23
via_verde,2026-10-07T03:36,5.23
corupa,2026-10-07T03:37,2.38
corupa,2026-10-07T03:38,2.38
corupa,2026-10-07T03:39,2.36
corupa,2026-10-07T03:40,2.36
corupa,2026-10-07T03:41,2.39
corupa,2026-10-07T03:42,2.39
corupa,2026-10-07T03:43,2.39
corupa,2026-10-07T03:44,2.36
corupa,2026-10-07T03:45,2.34
corupa,2026-10-07T03:46,2.34
nereu,2026-10-07T03:37,2.79
nereu,2026-10-07T03:38,2.79
nereu,2026-10-07T03:39,2.78
nereu,2026-10-07T03:40,2.78
nereu,2026-10-07T03:41,2.77
nereu,2026-10-07T03:42,2.77
nereu,2026-10-07T03:43,2.76
nereu,2026-10-07T03:44,2.76
nereu,2026-10-07T03:45,2.75
nereu,2026-10-07T03:46,2.75
eta,2026-10-07T03:37,3.76
eta,2026-10-07T03:38,3.74
eta,2026-10-07T03:39,3.74
eta,2026-10-07T03:40,3.71
eta,2026-10-07T03:41,3.74
eta,2026-10-07T03:42,3.73
eta,2026-10-07T03:43,3.73
eta,2026-10-07T03:44,3.71
eta,2026-10-07T03:45,3.73
eta,2026-10-07T03:46,3.73
via_verde,2026-10-07T03:37,5.23
via_verde,2026-10-07T03:38,5.23
via_verde,2026-10-07T03:39,5.22
via_verde,2026-10-07T03:40,5.23
via_verde,2026-10-07T03:41,5.21
via_verde,2026-10-07T03:42,5.22
via_verde,2026-10-07T03:43,5.22
via_verde,2026-10-07T03:44,5.2
via_verde,2026-10-07T03:45,5.2
via_verde,2026-10-07T03:46,5.19
corupa,2026-10-07T03:47,2.39
nereu,2026-10-07T03:47,2.75
eta,2026-10-07T03:47,3.71
via_verde,2026-10-07T03:47,5.19
corupa,2026-10-07T03:48,2.37
corupa,2026-10-07T03:49,2.37
corupa,2026-10-07T03:50,2.32
corupa,2026-10-07T03:51,2.32
corupa,2026-10-07T03:52,2.35
corupa,2026-10-07T03:53,2.36
corupa,2026-10-07T03:54,2.36
corupa,2026-10-07T03:55,2.38
corupa,2026-10-07T03:56,2.38
nereu,2026-10-07T03:48,2.75
nereu,2026-10-07T03:49,2.74
nereu,2026-10-07T03:50,2.74
nereu,2026-10-07T03:51,2.73
nereu,2026-10-07T03:52,2.73
nereu,2026-10-07T03:53,2.73
nereu,2026-10-07T03:54,2.72
nereu,2026-10-07T03:55,2.73
nereu,2026-10-07T03:56,2.72
eta,2026-10-07T03:48,3.72
eta,2026-10-07T03:49,3.71
eta,2026-10-07T03:50,3.71
eta,2026-10-07T03:51,3.7
eta,2026-10-07T03:52,3.69
eta,2026-10-07T03:53,3.69
eta,2026-10-07T03:54,3.69
eta,2026-10-07T03:55,3.7
eta,2026-10-07T03:56,3.69
via_verde,2026-10-07T03:48,5.19
via_verde,2026-10-07T03:49,5.18
via_verde,2026-10-07T03:50,5.18
via_verde,2026-10-07T03:51,5.18
via_verde,2026-10-07T03:52,5.18
via_verde,2026-10-07T03:53,5.17
via_verde,2026-10-07T03:54,5.17
via_verde,2026-10-07T03:55,5.15
via_verde,2026-10-07T03:56,5.17
corupa,2026-10-07T03:57,2.35
corupa,2026-10-07T03:58,2.33
corupa,2026-10-07T03:59,2.33
corupa,2026-10-07T04:00,2.35
corupa,2026-10-07T04:01,2.34
corupa,2026-10-07T04:02,2.34
corupa,2026-10-07T04:03,2.32
corupa,2026-10-07T04:04,2.31
corupa,2026-10-07T04:05,2.31
corupa,2026-10-07T04:06,2.34
nereu,2026-10-07T03:57,2.72
nereu,2026-10-07T03:58,2.71
nereu,2026-10-07T03:59,2.71
nereu,2026-10-07T04:00,2.71
nereu,2026-10-07T04:01,2.7
nereu,2026-10-07T04:02,2.7
nereu,2026-10-07T04:03,2.69
nereu,2026-10-07T04:04,2.69
nereu,2026-10-07T04:05,2.68
nereu,2026-10-07T04:06,2.67
eta,2026-10-07T03:57,3.68
eta,2026-10-07T03:58,3.67
eta,2026-10-07T03:59,3.66
eta,2026-10-07T04:00,3.67
eta,2026-10-07T04:01,3.67
eta,2026-10-07T04:02,3.68
eta,2026-10-07T04:03,3.66
eta,2026-10-07T04:04,3.66
eta,2026-10-07T04:05,3.66
eta,2026-10-07T04:06,3.66
via_verde,2026-10-07T03:57,5.16
via_verde,2026-10-07T03:58,5.17
via_verde,2026-10-07T03:59,5.16
via_verde,2026-10-07T04:00,5.15
via_verde,2026-10-07T04:01,5.15
via_verde,2026-10-07T04:02,5.14
via_verde,2026-10-07T04:03,5.14
via_verde,2026-10-07T04:04,5.14
via_verde,2026-10-07T04:05,5.13
via_verde,2026-10-07T04:06,5.12
corupa,2026-10-07T04:07,2.34
corupa,2026-10-07T04:08,2.32
corupa,2026-10-07T04:09,2.32
corupa,2026-10-07T04:10,2.28
corupa,2026-10-07T04:11,2.31
nereu,2026-10-07T04:07,2.67
nereu,2026-10-07T04:08,2.67
nereu,2026-10-07T04:09,2.67
nereu,2026-10-07T04:10,2.66
nereu,2026-10-07T04:11,2.66
eta,2026-10-07T04:07,3.63
eta,2026-10-07T04:08,3.63
eta,2026-10-07T04:09,3.64
eta,2026-10-07T04:10,3.63
eta,2026-10-07T04:11,3.64
via_verde,2026-10-07T04:07,5.12
via_verde,2026-10-07T04:08,5.1
via_verde,2026-10-07T04:09,5.11
via_verde,2026-10-07T04:10,5.09
via_verde,2026-10-07T04:11,5.11
corupa,2026-10-07T04:12,2.31
corupa,2026-10-07T04:13,2.32
corupa,2026-10-07T04:14,2.32
corupa,2026-10-07T04:15,2.3
corupa,2026-10-07T04:16,2.3
corupa,2026-10-07T04:17,2.28
corupa,2026-10-07T04:18,2.35
corupa,2026-10-07T04:19,2.35
corupa,2026-10-07T04:20,2.28
corupa,2026-10-07T04:21,2.28
nereu,2026-10-07T04:12,2.64
nereu,2026-10-07T04:13,2.65
nereu,2026-10-07T04:14,2.65
nereu,2026-10-07T04:15,2.64
nereu,2026-10-07T04:16,2.64
nereu,2026-10-07T04:17,2.64
nereu,2026-10-07T04:18,2.64
nereu,2026-10-07T04:19,2.63
nereu,2026-10-07T04:20,2.62
nereu,2026-10-07T04:21,2.61
eta,2026-10-07T04:12,3.62
eta,2026-10-07T04:13,3.61
eta,2026-10-07T04:14,3.62
eta,2026-10-07T04:15,3.61
eta,2026-10-07T04:16,3.61
eta,2026-10-07T04:17,3.61
eta,2026-10-07T04:18,3.6
eta,2026-10-07T04:19,3.6
eta,2026-10-07T04:20,3.6
eta,2026-10-07T04:21,3.59
via_verde,2026-10-07T04:12,5.11
via_verde,2026-10-07T04:13,5.08
via_verde,2026-10-07T04:14,5.09
via_verde,2026-10-07T04:15,5.07
via_verde,2026-10-07T04:16,5.09
via_verde,2026-10-07T04:17,5.08
via_verde,2026-10-07T04:18,5.08
via_verde,2026-10-07T04:19,5.07
via_verde,2026-10-07T04:20,5.07
via_verde,2026-10-07T04:21,5.07
corupa,2026-10-07T04:22,2.25
corupa,2026-10-07T04:23,2.25
corupa,2026-10-07T04:24,2.29
corupa,2026-10-07T04:25,2.26
corupa,2026-10-07T04:26,2.26
corupa,2026-10-07T04:27,2.31
corupa,2026-10-07T04:28,2.24
corupa,2026-10-07T04:29,2.24
corupa,2026-10-07T04:30,2.29
corupa,2026-10-07T04:31,2.29
nereu,2026-10-07T04:22,2.62
nereu,2026-10-07T04:23,2.61
nereu,2026-10-07T04:24,2.61
nereu,2026-10-07T04:25,2.6
nereu,2026-10-07T04:26,2.6
nereu,2026-10-07T04:27,2.59
nereu,2026-10-07T04:28,2.6
nereu,2026-10-07T04:29,2.59
nereu,2026-10-07T04:30,2.58
nereu,2026-10-07T04:31,2.58
eta,2026-10-07T04:22,3.6
eta,2026-10-07T04:23,3.57
eta,2026-10-07T04:24,3.58
eta,2026-10-07T04:25,3.56
eta,2026-10-07T04:26,3.57
eta,2026-10-07T04:27,3.56
eta,2026-10-07T04:28,3.56
eta,2026-10-07T04:29,3.57
eta,2026-10-07T04:30,3.55
eta,2026-10-07T04:31,3.55
via_verde,2026-10-07T04:22,5.07
via_verde,2026-10-07T04:23,5.05
via_verde,2026-10-07T04:24,5.05
via_verde,2026-10-07T04:25,5.05
via_verde,2026-10-07T04:26,5.03
via_verde,2026-10-07T04:27,5.05
via_verde,2026-10-07T04:28,5.03
via_verde,2026-10-07T04:29,5.03
via_verde,2026-10-07T04:30,5.02
via_verde,2026-10-07T04:31,5.02
corupa,2026-10-07T04:32,2.26
corupa,2026-10-07T04:33,2.25
corupa,2026-10-07T04:34,2.25
corupa,2026-10-07T04:35,2.24
corupa,2026-10-07T04:36,2.26
corupa,2026-10-07T04:37,2.26
corupa,2026-10-07T04:38,2.24
corupa,2026-10-07T04:39,2.24
corupa,2026-10-07T04:40,2.25
corupa,2026-10-07T04:41,2.23
nereu,2026-10-07T04:32,2.58
nereu,2026-10-07T04:33,2.57
nereu,2026-10-07T04:34,2.56
nereu,2026-10-07T04:35,2.57
nereu,2026-10-07T04:36,2.57
nereu,2026-10-07T04:37,2.57
nereu,2026-10-07T04:38,2.55
nereu,2026-10-07T04:39,2.55
nereu,2026-10-07T04:40,2.55
nereu,2026-10-07T04:41,2.55
eta,2026-10-07T04:32,3.57
eta,2026-10-07T04:33,3.55
eta,2026-10-07T04:34,3.54
eta,2026-10-07T04:35,3.53
eta,2026-10-07T04:36,3.53
eta,2026-10-07T04:37,3.54
eta,2026-10-07T04:38,3.53
eta,2026-10-07T04:39,3.51
eta,2026-10-07T04:40,3.52
eta,2026-10-07T04:41,3.51
via_verde,2026-10-07T04:32,5.02
via_verde,2026-10-07T04:33,5.01
via_verde,2026-10-07T04:34,5.01
via_verde,2026-10-07T04:35,5.01
via_verde,2026-10-07T04:36,5
via_verde,2026-10-07T04:37,4.99
via_verde,2026-10-07T04:38,4.98
via_verde,2026-10-07T04:39,4.97
via_verde,2026-10-07T04:40,4.97
via_verde,2026-10-07T04:41,4.98
corupa,2026-10-07T04:42,2.23
corupa,2026-10-07T04:43,2.22
corupa,2026-10-07T04:44,2.22
nereu,2026-10-07T04:42,2.52
nereu,2026-10-07T04:43,2.53
nereu,2026-10-07T04:44,2.53
eta,2026-10-07T04:42,3.5
eta,2026-10-07T04:43,3.49
eta,2026-10-07T04:44,3.51
via_verde,2026-10-07T04:42,4.96
via_verde,2026-10-07T04:43,4.97
via_verde,2026-10-07T04:44,4.98
corupa,2026-10-07T04:45,2.24
corupa,2026-10-07T04:46,2.26
corupa,2026-10-07T04:47,2.26
corupa,2026-10-07T04:48,2.25
corupa,2026-10-07T04:49,2.25
corupa,2026-10-07T04:50,2.24
corupa,2026-10-07T04:51,2.23
corupa,2026-10-07T04:52,2.23
corupa,2026-10-07T04:53,2.25
corupa,2026-10-07T04:54,2.25
corupa,2026-10-07T04:55,2.2
corupa,2026-10-07T04:56,2.19
nereu,2026-10-07T04:45,2.52
nereu,2026-10-07T04:46,2.52
nereu,2026-10-07T04:47,2.52
nereu,2026-10-07T04:48,2.52
nereu,2026-10-07T04:49,2.51
nereu,2026-10-07T04:50,2.5
nereu,2026-10-07T04:51,2.51
nereu,2026-10-07T04:52,2.49
nereu,2026-10-07T04:53,2.49
nereu,2026-10-07T04:54,2.49
nereu,2026-10-07T04:55,2.49
nereu,2026-10-07T04:56,2.48
eta,2026-10-07T04:45,3.49
eta,2026-10-07T04:46,3.48
eta,2026-10-07T04:47,3.48
eta,2026-10-07T04:48,3.47
eta,2026-10-07T04:49,3.48
eta,2026-10-07T04:50,3.47
eta,2026-10-07T04:51,3.47
eta,2026-10-07T04:52,3.46
eta,2026-10-07T04:53,3.47
eta,2026-10-07T04:54,3.47
eta,2026-10-07T04:55,3.45
eta,2026-10-07T04:56,3.45
via_verde,2026-10-07T04:45,4.96
via_verde,2026-10-07T04:46,4.95
via_verde,2026-10-07T04:47,4.94
via_verde,2026-10-07T04:48,4.95
via_verde,2026-10-07T04:49,4.94
via_verde,2026-10-07T04:50,4.95
via_verde,2026-10-07T04:51,4.95
via_verde,2026-10-07T04:52,4.94
via_verde,2026-10-07T04:53,4.91
via_verde,2026-10-07T04:54,4.91
via_verde,2026-10-07T04:55,4.9
via_verde,2026-10-07T04:56,4.91
corupa,2026-10-07T04:57,2.19
corupa,2026-10-07T04:58,2.23
corupa,2026-10-07T04:59,2.23
corupa,2026-10-07T05:00,2.21
corupa,2026-10-07T05:01,2.21
corupa,2026-10-07T05:02,2.21
corupa,2026-10-07T05:03,2.18
corupa,2026-10-07T05:04,2.18
corupa,2026-10-07T05:05,2.18
corupa,2026-10-07T05:06,2.2
nereu,2026-10-07T04:57,2.47
nereu,2026-10-07T04:58,2.49
nereu,2026-10-07T04:59,2.46
nereu,2026-10-07T05:00,2.46
nereu,2026-10-07T05:01,2.45
nereu,2026-10-07T05:02,2.45
nereu,2026-10-07T05:03,2.45
nereu,2026-10-07T05:04,2.45
nereu,2026-10-07T05:05,2.43
nereu,2026-10-07T05:06,2.43
eta,2026-10-07T04:57,3.43
eta,2026-10-07T04:58,3.45
eta,2026-10-07T04:59,3.44
eta,2026-10-07T05:00,3.43
eta,2026-10-07T05:01,3.44
eta,2026-10-07T05:02,3.42
eta,2026-10-07T05:03,3.4
eta,2026-10-07T05:04,3.41
eta,2026-10-07T05:05,3.41
eta,2026-10-07T05:06,3.4
via_verde,2026-10-07T04:57,4.93
via_verde,2026-10-07T04:58,4.89
via_verde,2026-10-07T04:59,4.9
via_verde,2026-10-07T05:00,4.88
via_verde,2026-10-07T05:01,4.88
via_verde,2026-10-07T05:02,4.87
via_verde,2026-10-07T05:03,4.87
via_verde,2026-10-07T05:04,4.87
via_verde,2026-10-07T05:05,4.87
via_verde,2026-10-07T05:06,4.86
corupa,2026-10-07T05:07,2.2
corupa,2026-10-07T05:08,2.19
corupa,2026-10-07T05:09,2.19
corupa,2026-10-07T05:10,2.18
corupa,2026-10-07T05:11,2.2
corupa,2026-10-07T05:12,2.2
corupa,2026-10-07T05:13,2.16
corupa,2026-10-07T05:14,2.16
corupa,2026-10-07T05:15,2.18
corupa,2026-10-07T05:16,2.18
nereu,2026-10-07T05:07,2.45
nereu,2026-10-07T05:08,2.44
nereu,2026-10-07T05:09,2.42
nereu,2026-10-07T05:10,2.43
nereu,2026-10-07T05:11,2.43
nereu,2026-10-07T05:12,2.42
nereu,2026-10-07T05:13,2.42
nereu,2026-10-07T05:14,2.41
nereu,2026-10-07T05:15,2.4
nereu,2026-10-07T05:16,2.39
eta,2026-10-07T05:07,3.39
eta,2026-10-07T05:08,3.39
eta,2026-10-07T05:09,3.39
eta,2026-10-07T05:10,3.38
eta,2026-10-07T05:11,3.38
eta,2026-10-07T05:12,3.37
eta,2026-10-07T05:13,3.37
eta,2026-10-07T05:14,3.37
eta,2026-10-07T05:15,3.36
eta,2026-10-07T05:16,3.34
via_verde,2026-10-07T05:07,4.86
via_verde,2026-10-07T05:08,4.84
via_verde,2026-10-07T05:09,4.85
via_verde,2026-10-07T05:10,4.84
via_verde,2026-10-07T05:11,4.83
via_verde,2026-10-07T05:12,4.84
via_verde,2026-10-07T05:13,4.84
via_verde,2026-10-07T05:14,4.83
via_verde,2026-10-07T05:15,4.83
via_verde,2026-10-07T05:16,4.82
corupa,2026-10-07T05:17,2.18
corupa,2026-10-07T05:18,2.17
corupa,2026-10-07T05:19,2.18
corupa,2026-10-07T05:20,2.18
corupa,2026-10-07T05:21,2.19
corupa,2026-10-07T05:22,2.19
corupa,2026-10-07T05:23,2.19
corupa,2026-10-07T05:24,2.16
corupa,2026-10-07T05:25,2.16
corupa,2026-10-07T05:26,2.17
nereu,2026-10-07T05:17,2.4
nereu,2026-10-07T05:18,2.4
nereu,2026-10-07T05:19,2.4
nereu,2026-10-07T05:20,2.39
nereu,2026-10-07T05:21,2.39
nereu,2026-10-07T05:22,2.39
nereu,2026-10-07T05:23,2.37
nereu,2026-10-07T05:24,2.37
nereu,2026-10-07T05:25,2.36
nereu,2026-10-07T05:26,2.36
eta,2026-10-07T05:17,3.35
eta,2026-10-07T05:18,3.33
eta,2026-10-07T05:19,3.34
eta,2026-10-07T05:20,3.34
eta,2026-10-07T05:21,3.32
eta,2026-10-07T05:22,3.32
eta,2026-10-07T05:23,3.31
eta,2026-10-07T05:24,3.32
eta,2026-10-07T05:25,3.31
eta,2026-10-07T05:26,3.29
via_verde,2026-10-07T05:17,4.83
via_verde,2026-10-07T05:18,4.8
via_verde,2026-10-07T05:19,4.79
via_verde,2026-10-07T05:20,4.8
via_verde,2026-10-07T05:21,4.81
via_verde,2026-10-07T05:22,4.81
via_verde,2026-10-07T05:23,4.78
via_verde,2026-10-07T05:24,4.78
via_verde,2026-10-07T05:25,4.78
via_verde,2026-10-07T05:26,4.77
corupa,2026-10-07T05:27,2.17
corupa,2026-10-07T05:28,2.18
corupa,2026-10-07T05:29,2.18
corupa,2026-10-07T05:30,2.14
corupa,2026-10-07T05:31,2.12
corupa,2026-10-07T05:32,2.12
corupa,2026-10-07T05:33,2.15
corupa,2026-10-07T05:34,2.15
corupa,2026-10-07T05:35,2.13
corupa,2026-10-07T05:36,2.21
nereu,2026-10-07T05:27,2.36
nereu,2026-10-07T05:28,2.36
nereu,2026-10-07T05:29,2.36
nereu,2026-10-07T05:30,2.36
nereu,2026-10-07T05:31,2.35
nereu,2026-10-07T05:32,2.35
nereu,2026-10-07T05:33,2.34
nereu,2026-10-07T05:34,2.34
nereu,2026-10-07T05:35,2.34
nereu,2026-10-07T05:36,2.34
eta,2026-10-07T05:27,3.3
eta,2026-10-07T05:28,3.29
eta,2026-10-07T05:29,3.31
eta,2026-10-07T05:30,3.3
eta,2026-10-07T05:31,3.29
eta,2026-10-07T05:32,3.3
eta,2026-10-07T05:33,3.28
eta,2026-10-07T05:34,3.27
eta,2026-10-07T05:35,3.27
eta,2026-10-07T05:36,3.26
via_verde,2026-10-07T05:27,4.77
via_verde,2026-10-07T05:28,4.76
via_verde,2026-10-07T05:29,4.76
via_verde,2026-10-07T05:30,4.75
via_verde,2026-10-07T05:31,4.76
via_verde,2026-10-07T05:32,4.73
via_verde,2026-10-07T05:33,4.73
via_verde,2026-10-07T05:34,4.73
via_verde,2026-10-07T05:35,4.72
via_verde,2026-10-07T05:36,4.71
corupa,2026-10-07T05:37,2.21
corupa,2026-10-07T05:38,2.17
corupa,2026-10-07T05:39,2.16
corupa,2026-10-07T05:40,2.16
corupa,2026-10-07T05:41,2.13
corupa,2026-10-07T05:42,2.13
corupa,2026-10-07T05:43,2.16
corupa,2026-10-07T05:44,2.16
corupa,2026-10-07T05:45,2.13
corupa,2026-10-07T05:46,2.13
nereu,2026-10-07T05:37,2.33
nereu,2026-10-07T05:38,2.33
nereu,2026-10-07T05:39,2.32
nereu,2026-10-07T05:40,2.32
nereu,2026-10-07T05:41,2.32
nereu,2026-10-07T05:42,2.32
nereu,2026-10-07T05:43,2.31
nereu,2026-10-07T05:44,2.31
nereu,2026-10-07T05:45,2.31
nereu,2026-10-07T05:46,2.31
eta,2026-10-07T05:37,3.27
eta,2026-10-07T05:38,3.26
eta,2026-10-07T05:39,3.25
eta,2026-10-07T05:40,3.24
eta,2026-10-07T05:41,3.24
eta,2026-10-07T05:42,3.23
eta,2026-10-07T05:43,3.22
eta,2026-10-07T05:44,3.23
eta,2026-10-07T05:45,3.21
eta,2026-10-07T05:46,3.23
via_verde,2026-10-07T05:37,4.72
via_verde,2026-10-07T05:38,4.71
via_verde,2026-10-07T05:39,4.71
via_verde,2026-10-07T05:40,4.69
via_verde,2026-10-07T05:41,4.71
via_verde,2026-10-07T05:42,4.69
via_verde,2026-10-07T05:43,4.68
via_verde,2026-10-07T05:44,4.68
via_verde,2026-10-07T05:45,4.67
via_verde,2026-10-07T05:46,4.66
corupa,2026-10-07T05:47,2.13
corupa,2026-10-07T05:48,2.16
corupa,2026-10-07T05:49,2.16
corupa,2026-10-07T05:50,2.12
corupa,2026-10-07T05:51,2.13
corupa,2026-10-07T05:52,2.13
corupa,2026-10-07T05:53,2.11
corupa,2026-10-07T05:54,2.11
corupa,2026-10-07T05:55,2.11
corupa,2026-10-07T05:56,2.14
nereu,2026-10-07T05:47,2.31
nereu,2026-10-07T05:48,2.28
nereu,2026-10-07T05:49,2.29
nereu,2026-10-07T05:50,2.29
nereu,2026-10-07T05:51,2.28
nereu,2026-10-07T05:52,2.28
nereu,2026-10-07T05:53,2.28
nereu,2026-10-07T05:54,2.28
nereu,2026-10-07T05:55,2.28
nereu,2026-10-07T05:56,2.27
eta,2026-10-07T05:47,3.21
eta,2026-10-07T05:48,3.21
eta,2026-10-07T05:49,3.2
eta,2026-10-07T05:50,3.21
eta,2026-10-07T05:51,3.2
eta,2026-10-07T05:52,3.2
eta,2026-10-07T05:53,3.2
eta,2026-10-07T05:54,3.19
eta,2026-10-07T05:55,3.19
eta,2026-10-07T05:56,3.18
via_verde,2026-10-07T05:47,4.65
via_verde,2026-10-07T05:48,4.65
via_verde,2026-10-07T05:49,4.66
via_verde,2026-10-07T05:50,4.65
via_verde,2026-10-07T05:51,4.64
via_verde,2026-10-07T05:52,4.63
via_verde,2026-10-07T05:53,4.63
via_verde,2026-10-07T05:54,4.62
via_verde,2026-10-07T05:55,4.63
via_verde,2026-10-07T05:56,4.62
corupa,2026-10-07T05:57,2.14
corupa,2026-10-07T05:58,2.12
corupa,2026-10-07T05:59,2.12
corupa,2026-10-07T06:00,2.14
corupa,2026-10-07T06:01,2.14
corupa,2026-10-07T06:02,2.14
corupa,2026-10-07T06:03,2.11
corupa,2026-10-07T06:04,2.11
corupa,2026-10-07T06:05,2.12
corupa,2026-10-07T06:06,2.12
nereu,2026-10-07T05:57,2.26
nereu,2026-10-07T05:58,2.26
nereu,2026-10-07T05:59,2.25
nereu,2026-10-07T06:00,2.26
nereu,2026-10-07T06:01,2.26
nereu,2026-10-07T06:02,2.26
nereu,2026-10-07T06:03,2.26
nereu,2026-10-07T06:04,2.25
nereu,2026-10-07T06:05,2.25
nereu,2026-10-07T06:06,2.24
eta,2026-10-07T05:57,3.16
eta,2026-10-07T05:58,3.16
eta,2026-10-07T05:59,3.17
eta,2026-10-07T06:00,3.15
eta,2026-10-07T06:01,3.17
eta,2026-10-07T06:02,3.15
eta,2026-10-07T06:03,3.15
eta,2026-10-07T06:04,3.13
eta,2026-10-07T06:05,3.15
eta,2026-10-07T06:06,3.14
via_verde,2026-10-07T05:57,4.6
via_verde,2026-10-07T05:58,4.6
via_verde,2026-10-07T05:59,4.58
via_verde,2026-10-07T06:00,4.58
via_verde,2026-10-07T06:01,4.58
via_verde,2026-10-07T06:02,4.57
via_verde,2026-10-07T06:03,4.58
via_verde,2026-10-07T06:04,4.56
via_verde,2026-10-07T06:05,4.55
via_verde,2026-10-07T06:06,4.55
corupa,2026-10-07T06:07,2.12
corupa,2026-10-07T06:08,2.08
corupa,2026-10-07T06:09,2.08
corupa,2026-10-07T06:10,2.1
corupa,2026-10-07T06:11,2.07
corupa,2026-10-07T06:12,2.07
corupa,2026-10-07T06:13,2.1
corupa,2026-10-07T06:14,2.1
corupa,2026-10-07T06:15,2.06
corupa,2026-10-07T06:16,2.1
corupa,2026-10-07T06:17,2.1
nereu,2026-10-07T06:07,2.25
nereu,2026-10-07T06:08,2.24
nereu,2026-10-07T06:09,2.24
nereu,2026-10-07T06:10,2.23
nereu,2026-10-07T06:11,2.23
nereu,2026-10-07T06:12,2.22
nereu,2026-10-07T06:13,2.23
nereu,2026-10-07T06:14,2.23
nereu,2026-10-07T06:15,2.22
nereu,2026-10-07T06:16,2.23
nereu,2026-10-07T06:17,2.24
eta,2026-10-07T06:07,3.12
eta,2026-10-07T06:08,3.13
eta,2026-10-07T06:09,3.12
eta,2026-10-07T06:10,3.12
eta,2026-10-07T06:11,3.11
eta,2026-10-07T06:12,3.12
eta,2026-10-07T06:13,3.12
eta,2026-10-07T06:14,3.1
eta,2026-10-07T06:15,3.09
eta,2026-10-07T06:16,3.1
eta,2026-10-07T06:17,3.11
via_verde,2026-10-07T06:07,4.54
via_verde,2026-10-07T06:08,4.56
via_verde,2026-10-07T06:09,4.53
via_verde,2026-10-07T06:10,4.52
via_verde,2026-10-07T06:11,4.51
via_verde,2026-10-07T06:12,4.51
via_verde,2026-10-07T06:13,4.51
via_verde,2026-10-07T06:14,4.5
via_verde,2026-10-07T06:15,4.49
via_verde,2026-10-07T06:16,4.49
via_verde,2026-10-07T06:17,4.49
corupa,2026-10-07T06:18,2.1
corupa,2026-10-07T06:19,2.1
corupa,2026-10-07T06:20,2.06
corupa,2026-10-07T06:21,2.07
corupa,2026-10-07T06:22,2.07
corupa,2026-10-07T06:23,2.07
corupa,2026-10-07T06:24,2.07
corupa,2026-10-07T06:25,2.07
corupa,2026-10-07T06:26,2.07
corupa,2026-10-07T06:27,2.06
corupa,2026-10-07T06:28,2.07
nereu,2026-10-07T06:18,2.21
nereu,2026-10-07T06:19,2.21
nereu,2026-10-07T06:20,2.21
nereu,2026-10-07T06:21,2.21
nereu,2026-10-07T06:22,2.21
nereu,2026-10-07T06:23,2.21
nereu,2026-10-07T06:24,2.21
nereu,2026-10-07T06:25,2.2
nereu,2026-10-07T06:26,2.2
nereu,2026-10-07T06:27,2.19
nereu,2026-10-07T06:28,2.19
eta,2026-10-07T06:18,3.1
eta,2026-10-07T06:19,3.09
eta,2026-10-07T06:20,3.09
eta,2026-10-07T06:21,3.08
eta,2026-10-07T06:22,3.08
eta,2026-10-07T06:23,3.07
eta,2026-10-07T06:24,3.08
eta,2026-10-07T06:25,3.07
eta,2026-10-07T06:26,3.06
eta,2026-10-07T06:27,3.06
eta,2026-10-07T06:28,3.06
via_verde,2026-10-07T06:18,4.47
via_verde,2026-10-07T06:19,4.47
via_verde,2026-10-07T06:20,4.48
via_verde,2026-10-07T06:21,4.46
via_verde,2026-10-07T06:22,4.45
via_verde,2026-10-07T06:23,4.46
via_verde,2026-10-07T06:24,4.44
via_verde,2026-10-07T06:25,4.44
via_verde,2026-10-07T06:26,4.44
via_verde,2026-10-07T06:27,4.42
via_verde,2026-10-07T06:28,4.43
corupa,2026-10-07T06:29,2.07
corupa,2026-10-07T06:30,2.06
corupa,2026-10-07T06:31,2.06
corupa,2026-10-07T06:32,2.06
corupa,2026-10-07T06:33,2.07
corupa,2026-10-07T06:34,2.07
corupa,2026-10-07T06:35,2.05
corupa,2026-10-07T06:36,2.05
nereu,2026-10-07T06:29,2.19
nereu,2026-10-07T06:30,2.18
nereu,2026-10-07T06:31,2.18
nereu,2026-10-07T06:32,2.18
nereu,2026-10-07T06:33,2.19
nereu,2026-10-07T06:34,2.17
nereu,2026-10-07T06:35,2.17
nereu,2026-10-07T06:36,2.17
eta,2026-10-07T06:29,3.04
eta,2026-10-07T06:30,3.04
eta,2026-10-07T06:31,3.03
eta,2026-10-07T06:32,3.02
eta,2026-10-07T06:33,3.04
eta,2026-10-07T06:34,3.02
eta,2026-10-07T06:35,3.03
eta,2026-10-07T06:36,3.01
via_verde,2026-10-07T06:29,4.43
via_verde,2026-10-07T06:30,4.41
via_verde,2026-10-07T06:31,4.42
via_verde,2026-10-07T06:32,4.4
via_verde,2026-10-07T06:33,4.38
via_verde,2026-10-07T06:34,4.39
via_verde,2026-10-07T06:35,4.38
via_verde,2026-10-07T06:36,4.37
corupa,2026-10-07T06:37,2.06
corupa,2026-10-07T06:38,2.07
corupa,2026-10-07T06:39,2.07
corupa,2026-10-07T06:40,2.07
corupa,2026-10-07T06:41,2.07
corupa,2026-10-07T06:42,2.05
corupa,2026-10-07T06:43,2.05
corupa,2026-10-07T06:44,2.06
corupa,2026-10-07T06:45,2.05
corupa,2026-10-07T06:46,2.05
nereu,2026-10-07T06:37,2.16
nereu,2026-10-07T06:38,2.15
nereu,2026-10-07T06:39,2.15
nereu,2026-10-07T06:40,2.15
nereu,2026-10-07T06:41,2.14
nereu,2026-10-07T06:42,2.15
nereu,2026-10-07T06:43,2.14
nereu,2026-10-07T06:44,2.15
nereu,2026-10-07T06:45,2.15
nereu,2026-10-07T06:46,2.14
eta,2026-10-07T06:37,3.01
eta,2026-10-07T06:38,3.01
eta,2026-10-07T06:39,3
eta,2026-10-07T06:40,2.99
eta,2026-10-07T06:41,3.02
eta,2026-10-07T06:42,2.99
eta,2026-10-07T06:43,2.99
eta,2026-10-07T06:44,2.99
eta,2026-10-07T06:45,2.99
eta,2026-10-07T06:46,2.98
via_verde,2026-10-07T06:37,4.37
via_verde,2026-10-07T06:38,4.36
via_verde,2026-10-07T06:39,4.35
via_verde,2026-10-07T06:40,4.35
via_verde,2026-10-07T06:41,4.35
via_verde,2026-10-07T06:42,4.34
via_verde,2026-10-07T06:43,4.33
via_verde,2026-10-07T06:44,4.33
via_verde,2026-10-07T06:45,4.33
via_verde,2026-10-07T06:46,4.3
corupa,2026-10-07T06:47,2
corupa,2026-10-07T06:48,2.02
corupa,2026-10-07T06:49,2.02
corupa,2026-10-07T06:50,2.07
corupa,2026-10-07T06:51,2.09
corupa,2026-10-07T06:52,2.09
corupa,2026-10-07T06:53,2.03
corupa,2026-10-07T06:54,2.03
corupa,2026-10-07T06:55,2
corupa,2026-10-07T06:56,2
nereu,2026-10-07T06:47,2.13
nereu,2026-10-07T06:48,2.14
nereu,2026-10-07T06:49,2.14
nereu,2026-10-07T06:50,2.12
nereu,2026-10-07T06:51,2.12
nereu,2026-10-07T06:52,2.12
nereu,2026-10-07T06:53,2.12
nereu,2026-10-07T06:54,2.11
nereu,2026-10-07T06:55,2.11
nereu,2026-10-07T06:56,2.11
eta,2026-10-07T06:47,2.98
eta,2026-10-07T06:48,2.98
eta,2026-10-07T06:49,2.98
eta,2026-10-07T06:50,2.97
eta,2026-10-07T06:51,2.95
eta,2026-10-07T06:52,2.95
eta,2026-10-07T06:53,2.96
eta,2026-10-07T06:54,2.93
eta,2026-10-07T06:55,2.93
eta,2026-10-07T06:56,2.93
via_verde,2026-10-07T06:47,4.3
via_verde,2026-10-07T06:48,4.32
via_verde,2026-10-07T06:49,4.31
via_verde,2026-10-07T06:50,4.3
via_verde,2026-10-07T06:51,4.28
via_verde,2026-10-07T06:52,4.28
via_verde,2026-10-07T06:53,4.28
via_verde,2026-10-07T06:54,4.27
via_verde,2026-10-07T06:55,4.26
via_verde,2026-10-07T06:56,4.25
corupa,2026-10-07T06:57,2.01
corupa,2026-10-07T06:58,2.02
corupa,2026-10-07T06:59,2.02
corupa,2026-10-07T07:00,2.04
corupa,2026-10-07T07:01,2.04
corupa,2026-10-07T07:02,2.04
corupa,2026-10-07T07:03,2.04
corupa,2026-10-07T07:04,2
corupa,2026-10-07T07:05,2.02
corupa,2026-10-07T07:06,2.02
nereu,2026-10-07T06:57,2.11
nereu,2026-10-07T06:58,2.11
nereu,2026-10-07T06:59,2.11
nereu,2026-10-07T07:00,2.1
nereu,2026-10-07T07:01,2.1
nereu,2026-10-07T07:02,2.11
nereu,2026-10-07T07:03,2.1
nereu,2026-10-07T07:04,2.09
nereu,2026-10-07T07:05,2.09
nereu,2026-10-07T07:06,2.09
eta,2026-10-07T06:57,2.93
eta,2026-10-07T06:58,2.94
eta,2026-10-07T06:59,2.92
eta,2026-10-07T07:00,2.93
eta,2026-10-07T07:01,2.92
eta,2026-10-07T07:02,2.92
eta,2026-10-07T07:03,2.92
eta,2026-10-07T07:04,2.91
eta,2026-10-07T07:05,2.91
eta,2026-10-07T07:06,2.91
via_verde,2026-10-07T06:57,4.26
via_verde,2026-10-07T06:58,4.24
via_verde,2026-10-07T06:59,4.24
via_verde,2026-10-07T07:00,4.24
via_verde,2026-10-07T07:01,4.22
via_verde,2026-10-07T07:02,4.22
via_verde,2026-10-07T07:03,4.21
via_verde,2026-10-07T07:04,4.21
via_verde,2026-10-07T07:05,4.2
via_verde,2026-10-07T07:06,4.2
corupa,2026-10-07T07:07,2.01
corupa,2026-10-07T07:08,2.01
corupa,2026-10-07T07:09,2.01
corupa,2026-10-07T07:10,2.02
corupa,2026-10-07T07:11,2.02
corupa,2026-10-07T07:12,2.02
corupa,2026-10-07T07:13,2.01
corupa,2026-10-07T07:14,2.01
corupa,2026-10-07T07:15,1.99
corupa,2026-10-07T07:16,1.99
nereu,2026-10-07T07:07,2.09
nereu,2026-10-07T07:08,2.09
nereu,2026-10-07T07:09,2.07
nereu,2026-10-07T07:10,2.09
nereu,2026-10-07T07:11,2.09
nereu,2026-10-07T07:12,2.08
nereu,2026-10-07T07:13,2.08
nereu,2026-10-07T07:14,2.08
nereu,2026-10-07T07:15,2.07
nereu,2026-10-07T07:16,2.07
eta,2026-10-07T07:07,2.91
eta,2026-10-07T07:08,2.9
eta,2026-10-07T07:09,2.91
eta,2026-10-07T07:10,2.91
eta,2026-10-07T07:11,2.9
eta,2026-10-07T07:12,2.88
eta,2026-10-07T07:13,2.88
eta,2026-10-07T07:14,2.89
eta,2026-10-07T07:15,2.88
eta,2026-10-07T07:16,2.87
via_verde,2026-10-07T07:07,4.19
via_verde,2026-10-07T07:08,4.18
via_verde,2026-10-07T07:09,4.18
via_verde,2026-10-07T07:10,4.18
via_verde,2026-10-07T07:11,4.15
via_verde,2026-10-07T07:12,4.16
via_verde,2026-10-07T07:13,4.16
via_verde,2026-10-07T07:14,4.15
via_verde,2026-10-07T07:15,4.14
via_verde,2026-10-07T07:16,4.13
corupa,2026-10-07T07:17,2
corupa,2026-10-07T07:18,1.96
corupa,2026-10-07T07:19,1.96
corupa,2026-10-07T07:20,2
corupa,2026-10-07T07:21,2.01
corupa,2026-10-07T07:22,2.01
corupa,2026-10-07T07:23,1.97
corupa,2026-10-07T07:24,1.97
corupa,2026-10-07T07:25,1.98
corupa,2026-10-07T07:26,2
nereu,2026-10-07T07:17,2.06
nereu,2026-10-07T07:18,2.07
nereu,2026-10-07T07:19,2.06
nereu,2026-10-07T07:20,2.06
nereu,2026-10-07T07:21,2.06
nereu,2026-10-07T07:22,2.06
nereu,2026-10-07T07:23,2.06
nereu,2026-10-07T07:24,2.05
nereu,2026-10-07T07:25,2.05
nereu,2026-10-07T07:26,2.05
eta,2026-10-07T07:17,2.87
eta,2026-10-07T07:18,2.88
eta,2026-10-07T07:19,2.88
eta,2026-10-07T07:20,2.88
eta,2026-10-07T07:21,2.86
eta,2026-10-07T07:22,2.86
eta,2026-10-07T07:23,2.86
eta,2026-10-07T07:24,2.84
eta,2026-10-07T07:25,2.84
eta,2026-10-07T07:26,2.85
via_verde,2026-10-07T07:17,4.13
via_verde,2026-10-07T07:18,4.12
via_verde,2026-10-07T07:19,4.12
via_verde,2026-10-07T07:20,4.12
via_verde,2026-10-07T07:21,4.11
via_verde,2026-10-07T07:22,4.11
via_verde,2026-10-07T07:23,4.11
via_verde,2026-10-07T07:24,4.09
via_verde,2026-10-07T07:25,4.09
via_verde,2026-10-07T07:26,4.08
corupa,2026-10-07T07:27,2
corupa,2026-10-07T07:28,1.98
corupa,2026-10-07T07:29,1.98
corupa,2026-10-07T07:30,1.99
corupa,2026-10-07T07:31,1.99
corupa,2026-10-07T07:32,1.99
corupa,2026-10-07T07:33,1.99
corupa,2026-10-07T07:34,2
corupa,2026-10-07T07:35,2.01
corupa,2026-10-07T07:36,2.01
nereu,2026-10-07T07:27,2.05
nereu,2026-10-07T07:28,2.04
nereu,2026-10-07T07:29,2.03
nereu,2026-10-07T07:30,2.04
nereu,2026-10-07T07:31,2.03
nereu,2026-10-07T07:32,2.04
nereu,2026-10-07T07:33,2.03
nereu,2026-10-07T07:34,2.03
nereu,2026-10-07T07:35,2.03
nereu,2026-10-07T07:36,2.03
eta,2026-10-07T07:27,2.84
eta,2026-10-07T07:28,2.84
eta,2026-10-07T07:29,2.84
eta,2026-10-07T07:30,2.85
eta,2026-10-07T07:31,2.83
eta,2026-10-07T07:32,2.83
eta,2026-10-07T07:33,2.83
eta,2026-10-07T07:34,2.82
eta,2026-10-07T07:35,2.82
eta,2026-10-07T07:36,2.83
via_verde,2026-10-07T07:27,4.07
via_verde,2026-10-07T07:28,4.07
via_verde,2026-10-07T07:29,4.07
via_verde,2026-10-07T07:30,4.06
via_verde,2026-10-07T07:31,4.06
via_verde,2026-10-07T07:32,4.05
via_verde,2026-10-07T07:33,4.05
via_verde,2026-10-07T07:34,4.05
via_verde,2026-10-07T07:35,4.03
via_verde,2026-10-07T07:36,4.02
corupa,2026-10-07T07:37,1.98
corupa,2026-10-07T07:38,1.95
corupa,2026-10-07T07:39,1.95
corupa,2026-10-07T07:40,1.95
corupa,2026-10-07T07:41,1.95
corupa,2026-10-07T07:42,1.97
corupa,2026-10-07T07:43,1.97
corupa,2026-10-07T07:44,1.97
corupa,2026-10-07T07:45,1.97
corupa,2026-10-07T07:46,1.98
corupa,2026-10-07T07:47,1.98
corupa,2026-10-07T07:48,1.95
corupa,2026-10-07T07:49,1.95
corupa,2026-10-07T07:50,1.95
corupa,2026-10-07T07:51,1.94
corupa,2026-10-07T07:52,1.94
corupa,2026-10-07T07:53,1.94
corupa,2026-10-07T07:54,1.94
corupa,2026-10-07T07:55,1.96
corupa,2026-10-07T07:56,1.96
corupa,2026-10-07T07:57,1.96
corupa,2026-10-07T07:58,1.95
corupa,2026-10-07T07:59,1.95
corupa,2026-10-07T08:00,1.93
corupa,2026-10-07T08:01,1.93
corupa,2026-10-07T08:02,1.95
corupa,2026-10-07T08:03,1.95
corupa,2026-10-07T08:04,1.92
corupa,2026-10-07T08:05,1.92
corupa,2026-10-07T08:06,1.92
corupa,2026-10-07T08:07,1.92
corupa,2026-10-07T08:08,1.9
corupa,2026-10-07T08:09,1.9
corupa,2026-10-07T08:10,1.93
corupa,2026-10-07T08:11,1.93
corupa,2026-10-07T08:12,1.93
corupa,2026-10-07T08:13,1.9
corupa,2026-10-07T08:14,1.9
corupa,2026-10-07T08:15,1.9
corupa,2026-10-07T08:16,1.9
corupa,2026-10-07T08:17,1.91
corupa,2026-10-07T08:18,1.91
corupa,2026-10-07T08:19,1.89
corupa,2026-10-07T08:20,1.89
corupa,2026-10-07T08:21,1.91
corupa,2026-10-07T08:22,1.91
corupa,2026-10-07T08:23,1.91
corupa,2026-10-07T08:24,1.9
corupa,2026-10-07T08:25,1.9
corupa,2026-10-07T08:26,1.9
corupa,2026-10-07T08:27,1.9
corupa,2026-10-07T08:28,1.89
nereu,2026-10-07T07:37,2.02
nereu,2026-10-07T07:38,2.02
nereu,2026-10-07T07:39,2.02
nereu,2026-10-07T07:40,2.02
nereu,2026-10-07T07:41,2.02
nereu,2026-10-07T07:42,2.02
nereu,2026-10-07T07:43,2.01
nereu,2026-10-07T07:44,2.01
nereu,2026-10-07T07:45,2
nereu,2026-10-07T07:46,2
nereu,2026-10-07T07:47,2
nereu,2026-10-07T07:48,2.02
nereu,2026-10-07T07:49,2
nereu,2026-10-07T07:50,2
nereu,2026-10-07T07:51,1.99
nereu,2026-10-07T07:52,1.99
nereu,2026-10-07T07:53,1.99
nereu,2026-10-07T07:54,1.99
nereu,2026-10-07T07:55,1.99
nereu,2026-10-07T07:56,1.99
nereu,2026-10-07T07:57,1.98
nereu,2026-10-07T07:58,1.97
nereu,2026-10-07T07:59,1.98
nereu,2026-10-07T08:00,1.97
nereu,2026-10-07T08:01,1.98
nereu,2026-10-07T08:02,1.97
nereu,2026-10-07T08:03,1.97
nereu,2026-10-07T08:04,1.97
nereu,2026-10-07T08:05,1.96
nereu,2026-10-07T08:06,1.97
nereu,2026-10-07T08:07,1.97
nereu,2026-10-07T08:08,1.96
nereu,2026-10-07T08:09,1.96
nereu,2026-10-07T08:10,1.95
nereu,2026-10-07T08:11,1.94
nereu,2026-10-07T08:12,1.95
nereu,2026-10-07T08:13,1.95
nereu,2026-10-07T08:14,1.94
nereu,2026-10-07T08:15,1.94
nereu,2026-10-07T08:16,1.93
nereu,2026-10-07T08:17,1.94
nereu,2026-10-07T08:18,1.93
nereu,2026-10-07T08:19,1.94
nereu,2026-10-07T08:20,1.93
nereu,2026-10-07T08:21,1.93
nereu,2026-10-07T08:22,1.93
nereu,2026-10-07T08:23,1.92
nereu,2026-10-07T08:24,1.91
nereu,2026-10-07T08:25,1.92
nereu,2026-10-07T08:26,1.92
nereu,2026-10-07T08:27,1.92
nereu,2026-10-07T08:28,1.91
eta,2026-10-07T07:37,2.83
eta,2026-10-07T07:38,2.81
eta,2026-10-07T07:39,2.8
eta,2026-10-07T07:40,2.82
eta,2026-10-07T07:41,2.8
eta,2026-10-07T07:42,2.79
eta,2026-10-07T07:43,2.8
eta,2026-10-07T07:44,2.79
eta,2026-10-07T07:45,2.8
eta,2026-10-07T07:46,2.79
eta,2026-10-07T07:47,2.78
eta,2026-10-07T07:48,2.78
eta,2026-10-07T07:49,2.78
eta,2026-10-07T07:50,2.79
eta,2026-10-07T07:51,2.78
eta,2026-10-07T07:52,2.77
eta,2026-10-07T07:53,2.77
eta,2026-10-07T07:54,2.77
eta,2026-10-07T07:55,2.77
eta,2026-10-07T07:56,2.77
eta,2026-10-07T07:57,2.76
eta,2026-10-07T07:58,2.76
eta,2026-10-07T07:59,2.76
eta,2026-10-07T08:00,2.76
eta,2026-10-07T08:01,2.75
eta,2026-10-07T08:02,2.75
eta,2026-10-07T08:03,2.75
eta,2026-10-07T08:04,2.75
eta,2026-10-07T08:05,2.73
eta,2026-10-07T08:06,2.74
eta,2026-10-07T08:07,2.73
eta,2026-10-07T08:08,2.74
eta,2026-10-07T08:09,2.74
eta,2026-10-07T08:10,2.72
eta,2026-10-07T08:11,2.72
eta,2026-10-07T08:12,2.72
eta,2026-10-07T08:13,2.72
eta,2026-10-07T08:14,2.72
eta,2026-10-07T08:15,2.72
eta,2026-10-07T08:16,2.72
eta,2026-10-07T08:17,2.71
eta,2026-10-07T08:18,2.71
eta,2026-10-07T08:19,2.71
eta,2026-10-07T08:20,2.7
eta,2026-10-07T08:21,2.69
eta,2026-10-07T08:22,2.7
eta,2026-10-07T08:23,2.69
eta,2026-10-07T08:24,2.72
eta,2026-10-07T08:25,2.7
eta,2026-10-07T08:26,2.69
eta,2026-10-07T08:27,2.68
eta,2026-10-07T08:28,2.69
via_verde,2026-10-07T07:37,4.03
via_verde,2026-10-07T07:38,4.02
via_verde,2026-10-07T07:39,4.02
via_verde,2026-10-07T07:40,3.99
via_verde,2026-10-07T07:41,3.99
via_verde,2026-10-07T07:42,3.99
via_verde,2026-10-07T07:43,3.98
via_verde,2026-10-07T07:44,3.98
via_verde,2026-10-07T07:45,3.98
via_verde,2026-10-07T07:46,3.97
via_verde,2026-10-07T07:47,3.95
via_verde,2026-10-07T07:48,3.94
via_verde,2026-10-07T07:49,3.95
via_verde,2026-10-07T07:50,3.94
via_verde,2026-10-07T07:51,3.94
via_verde,2026-10-07T07:52,3.93
via_verde,2026-10-07T07:53,3.93
via_verde,2026-10-07T07:54,3.93
via_verde,2026-10-07T07:55,3.91
via_verde,2026-10-07T07:56,3.91
via_verde,2026-10-07T07:57,3.91
via_verde,2026-10-07T07:58,3.9
via_verde,2026-10-07T07:59,3.88
via_verde,2026-10-07T08:00,3.9
via_verde,2026-10-07T08:01,3.88
via_verde,2026-10-07T08:02,3.88
via_verde,2026-10-07T08:03,3.88
via_verde,2026-10-07T08:04,3.87
via_verde,2026-10-07T08:05,3.85
via_verde,2026-10-07T08:06,3.85
via_verde,2026-10-07T08:07,3.84
via_verde,2026-10-07T08:08,3.84
via_verde,2026-10-07T08:09,3.82
via_verde,2026-10-07T08:10,3.84
via_verde,2026-10-07T08:11,3.82
via_verde,2026-10-07T08:12,3.83
via_verde,2026-10-07T08:13,3.82
via_verde,2026-10-07T08:14,3.81
via_verde,2026-10-07T08:15,3.81
via_verde,2026-10-07T08:16,3.81
via_verde,2026-10-07T08:17,3.79
via_verde,2026-10-07T08:18,3.79
via_verde,2026-10-07T08:19,3.78
via_verde,2026-10-07T08:20,3.78
via_verde,2026-10-07T08:21,3.78
via_verde,2026-10-07T08:22,3.77
via_verde,2026-10-07T08:23,3.76
via_verde,2026-10-07T08:24,3.76
via_verde,2026-10-07T08:25,3.75
via_verde,2026-10-07T08:26,3.76
via_verde,2026-10-07T08:27,3.75
via_verde,2026-10-07T08:28,3.75
corupa,2026-10-07T08:29,1.9
corupa,2026-10-07T08:30,1.9
corupa,2026-10-07T08:31,1.9
corupa,2026-10-07T08:32,1.9
corupa,2026-10-07T08:33,1.9
corupa,2026-10-07T08:34,1.9
corupa,2026-10-07T08:35,1.9
corupa,2026-10-07T08:36,1.89
nereu,2026-10-07T08:29,1.91
nereu,2026-10-07T08:30,1.91
nereu,2026-10-07T08:31,1.9
nereu,2026-10-07T08:32,1.91
nereu,2026-10-07T08:33,1.9
nereu,2026-10-07T08:34,1.91
nereu,2026-10-07T08:35,1.9
nereu,2026-10-07T08:36,1.9
eta,2026-10-07T08:29,2.69
eta,2026-10-07T08:30,2.68
eta,2026-10-07T08:31,2.68
eta,2026-10-07T08:32,2.67
eta,2026-10-07T08:33,2.67
eta,2026-10-07T08:34,2.66
eta,2026-10-07T08:35,2.67
eta,2026-10-07T08:36,2.66
via_verde,2026-10-07T08:29,3.74
via_verde,2026-10-07T08:30,3.73
via_verde,2026-10-07T08:31,3.73
via_verde,2026-10-07T08:32,3.73
via_verde,2026-10-07T08:33,3.72
via_verde,2026-10-07T08:34,3.7
via_verde,2026-10-07T08:35,3.7
via_verde,2026-10-07T08:36,3.68
corupa,2026-10-07T08:37,1.89
corupa,2026-10-07T08:38,1.9
corupa,2026-10-07T08:39,1.9
corupa,2026-10-07T08:40,1.88
corupa,2026-10-07T08:41,1.88
corupa,2026-10-07T08:42,1.88
corupa,2026-10-07T08:43,1.92
corupa,2026-10-07T08:44,1.92
corupa,2026-10-07T08:45,1.88
corupa,2026-10-07T08:46,1.88
nereu,2026-10-07T08:37,1.89
nereu,2026-10-07T08:38,1.9
nereu,2026-10-07T08:39,1.89
nereu,2026-10-07T08:40,1.9
nereu,2026-10-07T08:41,1.88
nereu,2026-10-07T08:42,1.88
nereu,2026-10-07T08:43,1.89
nereu,2026-10-07T08:44,1.88
nereu,2026-10-07T08:45,1.88
nereu,2026-10-07T08:46,1.88
eta,2026-10-07T08:37,2.65
eta,2026-10-07T08:38,2.67
eta,2026-10-07T08:39,2.67
eta,2026-10-07T08:40,2.66
eta,2026-10-07T08:41,2.65
eta,2026-10-07T08:42,2.65
eta,2026-10-07T08:43,2.64
eta,2026-10-07T08:44,2.66
eta,2026-10-07T08:45,2.65
eta,2026-10-07T08:46,2.66
via_verde,2026-10-07T08:37,3.68
via_verde,2026-10-07T08:38,3.71
via_verde,2026-10-07T08:39,3.69
via_verde,2026-10-07T08:40,3.68
via_verde,2026-10-07T08:41,3.68
via_verde,2026-10-07T08:42,3.66
via_verde,2026-10-07T08:43,3.67
via_verde,2026-10-07T08:44,3.67
via_verde,2026-10-07T08:45,3.65
via_verde,2026-10-07T08:46,3.65
corupa,2026-10-07T08:47,1.89
corupa,2026-10-07T08:48,1.89
corupa,2026-10-07T08:49,1.83
corupa,2026-10-07T08:50,1.85
corupa,2026-10-07T08:51,1.85
corupa,2026-10-07T08:52,1.89
corupa,2026-10-07T08:53,1.89
corupa,2026-10-07T08:54,1.89
corupa,2026-10-07T08:55,1.89
corupa,2026-10-07T08:56,1.88
nereu,2026-10-07T08:47,1.87
nereu,2026-10-07T08:48,1.87
nereu,2026-10-07T08:49,1.87
nereu,2026-10-07T08:50,1.87
nereu,2026-10-07T08:51,1.86
nereu,2026-10-07T08:52,1.86
nereu,2026-10-07T08:53,1.86
nereu,2026-10-07T08:54,1.86
nereu,2026-10-07T08:55,1.85
nereu,2026-10-07T08:56,1.86
eta,2026-10-07T08:47,2.66
eta,2026-10-07T08:48,2.63
eta,2026-10-07T08:49,2.64
eta,2026-10-07T08:50,2.63
eta,2026-10-07T08:51,2.64
eta,2026-10-07T08:52,2.64
eta,2026-10-07T08:53,2.63
eta,2026-10-07T08:54,2.64
eta,2026-10-07T08:55,2.62
eta,2026-10-07T08:56,2.63
via_verde,2026-10-07T08:47,3.64
via_verde,2026-10-07T08:48,3.64
via_verde,2026-10-07T08:49,3.64
via_verde,2026-10-07T08:50,3.63
via_verde,2026-10-07T08:51,3.62
via_verde,2026-10-07T08:52,3.62
via_verde,2026-10-07T08:53,3.62
via_verde,2026-10-07T08:54,3.6
via_verde,2026-10-07T08:55,3.61
via_verde,2026-10-07T08:56,3.6
corupa,2026-10-07T08:57,1.88
corupa,2026-10-07T08:58,1.85
corupa,2026-10-07T08:59,1.85
corupa,2026-10-07T09:00,1.85
corupa,2026-10-07T09:01,1.85
corupa,2026-10-07T09:02,1.85
corupa,2026-10-07T09:03,1.86
corupa,2026-10-07T09:04,1.86
corupa,2026-10-07T09:05,1.86
corupa,2026-10-07T09:06,1.86
corupa,2026-10-07T09:07,1.86
corupa,2026-10-07T09:08,1.86
nereu,2026-10-07T08:57,1.86
nereu,2026-10-07T08:58,1.85
nereu,2026-10-07T08:59,1.85
nereu,2026-10-07T09:00,1.85
nereu,2026-10-07T09:01,1.84
nereu,2026-10-07T09:02,1.84
nereu,2026-10-07T09:03,1.84
nereu,2026-10-07T09:04,1.83
nereu,2026-10-07T09:05,1.83
nereu,2026-10-07T09:06,1.84
nereu,2026-10-07T09:07,1.85
nereu,2026-10-07T09:08,1.84
eta,2026-10-07T08:57,2.63
eta,2026-10-07T08:58,2.62
eta,2026-10-07T08:59,2.67
eta,2026-10-07T09:00,2.61
eta,2026-10-07T09:01,2.61
eta,2026-10-07T09:02,2.62
eta,2026-10-07T09:03,2.61
eta,2026-10-07T09:04,2.6
eta,2026-10-07T09:05,2.6
eta,2026-10-07T09:06,2.61
eta,2026-10-07T09:07,2.6
eta,2026-10-07T09:08,2.6
via_verde,2026-10-07T08:57,3.6
via_verde,2026-10-07T08:58,3.58
via_verde,2026-10-07T08:59,3.58
via_verde,2026-10-07T09:00,3.59
via_verde,2026-10-07T09:01,3.58
via_verde,2026-10-07T09:02,3.56
via_verde,2026-10-07T09:03,3.56
via_verde,2026-10-07T09:04,3.57
via_verde,2026-10-07T09:05,3.55
via_verde,2026-10-07T09:06,3.56
via_verde,2026-10-07T09:07,3.55
via_verde,2026-10-07T09:08,3.54
corupa,2026-10-07T09:09,1.84
corupa,2026-10-07T09:10,1.84
corupa,2026-10-07T09:11,1.86
corupa,2026-10-07T09:12,1.82
corupa,2026-10-07T09:13,1.82
corupa,2026-10-07T09:14,1.86
corupa,2026-10-07T09:15,1.86
corupa,2026-10-07T09:16,1.85
nereu,2026-10-07T09:09,1.83
nereu,2026-10-07T09:10,1.83
nereu,2026-10-07T09:11,1.83
nereu,2026-10-07T09:12,1.83
nereu,2026-10-07T09:13,1.83
nereu,2026-10-07T09:14,1.83
nereu,2026-10-07T09:15,1.82
nereu,2026-10-07T09:16,1.82
eta,2026-10-07T09:09,2.59
eta,2026-10-07T09:10,2.59
eta,2026-10-07T09:11,2.6
eta,2026-10-07T09:12,2.59
eta,2026-10-07T09:13,2.58
eta,2026-10-07T09:14,2.58
eta,2026-10-07T09:15,2.59
eta,2026-10-07T09:16,2.58
via_verde,2026-10-07T09:09,3.53
via_verde,2026-10-07T09:10,3.53
via_verde,2026-10-07T09:11,3.53
via_verde,2026-10-07T09:12,3.53
via_verde,2026-10-07T09:13,3.52
via_verde,2026-10-07T09:14,3.51
via_verde,2026-10-07T09:15,3.51
via_verde,2026-10-07T09:16,3.51
corupa,2026-10-07T09:17,1.85
corupa,2026-10-07T09:18,1.8
corupa,2026-10-07T09:19,1.8
corupa,2026-10-07T09:20,1.84
corupa,2026-10-07T09:21,1.84
corupa,2026-10-07T09:22,1.83
corupa,2026-10-07T09:23,1.83
corupa,2026-10-07T09:24,1.82
corupa,2026-10-07T09:25,1.82
corupa,2026-10-07T09:26,1.82
nereu,2026-10-07T09:17,1.82
nereu,2026-10-07T09:18,1.82
nereu,2026-10-07T09:19,1.81
nereu,2026-10-07T09:20,1.81
nereu,2026-10-07T09:21,1.81
nereu,2026-10-07T09:22,1.81
nereu,2026-10-07T09:23,1.81
nereu,2026-10-07T09:24,1.81
nereu,2026-10-07T09:25,1.8
nereu,2026-10-07T09:26,1.8
eta,2026-10-07T09:17,2.57
eta,2026-10-07T09:18,2.58
eta,2026-10-07T09:19,2.57
eta,2026-10-07T09:20,2.58
eta,2026-10-07T09:21,2.58
eta,2026-10-07T09:22,2.58
eta,2026-10-07T09:23,2.57
eta,2026-10-07T09:24,2.56
eta,2026-10-07T09:25,2.56
eta,2026-10-07T09:26,2.57
via_verde,2026-10-07T09:17,3.5
via_verde,2026-10-07T09:18,3.48
via_verde,2026-10-07T09:19,3.49
via_verde,2026-10-07T09:20,3.49
via_verde,2026-10-07T09:21,3.49
via_verde,2026-10-07T09:22,3.48
via_verde,2026-10-07T09:23,3.47
via_verde,2026-10-07T09:24,3.46
via_verde,2026-10-07T09:25,3.47
via_verde,2026-10-07T09:26,3.45
corupa,2026-10-07T09:27,1.83
corupa,2026-10-07T09:28,1.83
corupa,2026-10-07T09:29,1.84
corupa,2026-10-07T09:30,1.84
corupa,2026-10-07T09:31,1.8
corupa,2026-10-07T09:32,1.8
corupa,2026-10-07T09:33,1.8
corupa,2026-10-07T09:34,1.8
corupa,2026-10-07T09:35,1.82
corupa,2026-10-07T09:36,1.82
nereu,2026-10-07T09:27,1.8
nereu,2026-10-07T09:28,1.8
nereu,2026-10-07T09:29,1.79
nereu,2026-10-07T09:30,1.8
nereu,2026-10-07T09:31,1.79
nereu,2026-10-07T09:32,1.78
nereu,2026-10-07T09:33,1.79
nereu,2026-10-07T09:34,1.79
nereu,2026-10-07T09:35,1.78
nereu,2026-10-07T09:36,1.79
eta,2026-10-07T09:27,2.56
eta,2026-10-07T09:28,2.57
eta,2026-10-07T09:29,2.56
eta,2026-10-07T09:30,2.55
eta,2026-10-07T09:31,2.56
eta,2026-10-07T09:32,2.55
eta,2026-10-07T09:33,2.55
eta,2026-10-07T09:34,2.55
eta,2026-10-07T09:35,2.54
eta,2026-10-07T09:36,2.54
via_verde,2026-10-07T09:27,3.45
via_verde,2026-10-07T09:28,3.45
via_verde,2026-10-07T09:29,3.44
via_verde,2026-10-07T09:30,3.44
via_verde,2026-10-07T09:31,3.42
via_verde,2026-10-07T09:32,3.44
via_verde,2026-10-07T09:33,3.43
via_verde,2026-10-07T09:34,3.43
via_verde,2026-10-07T09:35,3.41
via_verde,2026-10-07T09:36,3.41
corupa,2026-10-07T09:37,1.82
corupa,2026-10-07T09:38,1.81
corupa,2026-10-07T09:39,1.81
corupa,2026-10-07T09:40,1.8
corupa,2026-10-07T09:41,1.8
corupa,2026-10-07T09:42,1.82
corupa,2026-10-07T09:43,1.82
corupa,2026-10-07T09:44,1.78
corupa,2026-10-07T09:45,1.78
corupa,2026-10-07T09:46,1.81
nereu,2026-10-07T09:37,1.78
nereu,2026-10-07T09:38,1.78
nereu,2026-10-07T09:39,1.78
nereu,2026-10-07T09:40,1.78
nereu,2026-10-07T09:41,1.78
nereu,2026-10-07T09:42,1.78
nereu,2026-10-07T09:43,1.78
nereu,2026-10-07T09:44,1.76
nereu,2026-10-07T09:45,1.77
nereu,2026-10-07T09:46,1.77
eta,2026-10-07T09:37,2.54
eta,2026-10-07T09:38,2.54
eta,2026-10-07T09:39,2.53
eta,2026-10-07T09:40,2.53
eta,2026-10-07T09:41,2.53
eta,2026-10-07T09:42,2.53
eta,2026-10-07T09:43,2.54
eta,2026-10-07T09:44,2.52
eta,2026-10-07T09:45,2.51
eta,2026-10-07T09:46,2.52
via_verde,2026-10-07T09:37,3.42
via_verde,2026-10-07T09:38,3.41
via_verde,2026-10-07T09:39,3.4
via_verde,2026-10-07T09:40,3.39
via_verde,2026-10-07T09:41,3.38
via_verde,2026-10-07T09:42,3.39
via_verde,2026-10-07T09:43,3.39
via_verde,2026-10-07T09:44,3.38
via_verde,2026-10-07T09:45,3.38
via_verde,2026-10-07T09:46,3.37
corupa,2026-10-07T09:47,1.81
corupa,2026-10-07T09:48,1.79
corupa,2026-10-07T09:49,1.79
corupa,2026-10-07T09:50,1.79
corupa,2026-10-07T09:51,1.79
corupa,2026-10-07T09:52,1.79
corupa,2026-10-07T09:53,1.79
corupa,2026-10-07T09:54,1.79
corupa,2026-10-07T09:55,1.78
corupa,2026-10-07T09:56,1.78
nereu,2026-10-07T09:47,1.77
nereu,2026-10-07T09:48,1.77
nereu,2026-10-07T09:49,1.77
nereu,2026-10-07T09:50,1.76
nereu,2026-10-07T09:51,1.76
nereu,2026-10-07T09:52,1.76
nereu,2026-10-07T09:53,1.77
nereu,2026-10-07T09:54,1.75
nereu,2026-10-07T09:55,1.76
nereu,2026-10-07T09:56,1.74
eta,2026-10-07T09:47,2.52
eta,2026-10-07T09:48,2.52
eta,2026-10-07T09:49,2.51
eta,2026-10-07T09:50,2.51
eta,2026-10-07T09:51,2.5
eta,2026-10-07T09:52,2.51
eta,2026-10-07T09:53,2.5
eta,2026-10-07T09:54,2.51
eta,2026-10-07T09:55,2.51
eta,2026-10-07T09:56,2.5
via_verde,2026-10-07T09:47,3.36
via_verde,2026-10-07T09:48,3.37
via_verde,2026-10-07T09:49,3.35
via_verde,2026-10-07T09:50,3.35
via_verde,2026-10-07T09:51,3.35
via_verde,2026-10-07T09:52,3.35
via_verde,2026-10-07T09:53,3.33
via_verde,2026-10-07T09:54,3.33
via_verde,2026-10-07T09:55,3.33
via_verde,2026-10-07T09:56,3.34
corupa,2026-10-07T09:57,1.8
nereu,2026-10-07T09:57,1.75
eta,2026-10-07T09:57,2.5
via_verde,2026-10-07T09:57,3.32
corupa,2026-10-07T09:58,1.8
corupa,2026-10-07T09:59,1.79
corupa,2026-10-07T10:00,1.79
corupa,2026-10-07T10:01,1.78
corupa,2026-10-07T10:02,1.78
corupa,2026-10-07T10:03,1.76
corupa,2026-10-07T10:04,1.76
corupa,2026-10-07T10:05,1.76
corupa,2026-10-07T10:06,1.77
nereu,2026-10-07T09:58,1.75
nereu,2026-10-07T09:59,1.75
nereu,2026-10-07T10:00,1.75
nereu,2026-10-07T10:01,1.75
nereu,2026-10-07T10:02,1.74
nereu,2026-10-07T10:03,1.74
nereu,2026-10-07T10:04,1.74
nereu,2026-10-07T10:05,1.74
nereu,2026-10-07T10:06,1.73
eta,2026-10-07T09:58,2.51
eta,2026-10-07T09:59,2.5
eta,2026-10-07T10:00,2.5
eta,2026-10-07T10:01,2.5
eta,2026-10-07T10:02,2.48
eta,2026-10-07T10:03,2.49
eta,2026-10-07T10:04,2.5
eta,2026-10-07T10:05,2.49
eta,2026-10-07T10:06,2.48
via_verde,2026-10-07T09:58,3.32
via_verde,2026-10-07T09:59,3.32
via_verde,2026-10-07T10:00,3.29
via_verde,2026-10-07T10:01,3.3
via_verde,2026-10-07T10:02,3.3
via_verde,2026-10-07T10:03,3.3
via_verde,2026-10-07T10:04,3.29
via_verde,2026-10-07T10:05,3.29
via_verde,2026-10-07T10:06,3.27
corupa,2026-10-07T10:07,1.77
nereu,2026-10-07T10:07,1.74
eta,2026-10-07T10:07,2.48
via_verde,2026-10-07T10:07,3.28
corupa,2026-10-07T10:08,1.77
corupa,2026-10-07T10:09,1.77
corupa,2026-10-07T10:10,1.77
corupa,2026-10-07T10:11,1.77
corupa,2026-10-07T10:12,1.77
corupa,2026-10-07T10:13,1.77
corupa,2026-10-07T10:14,1.76
corupa,2026-10-07T10:15,1.76
corupa,2026-10-07T10:16,1.75
nereu,2026-10-07T10:08,1.73
nereu,2026-10-07T10:09,1.73
nereu,2026-10-07T10:10,1.73
nereu,2026-10-07T10:11,1.73
nereu,2026-10-07T10:12,1.72
nereu,2026-10-07T10:13,1.72
nereu,2026-10-07T10:14,1.73
nereu,2026-10-07T10:15,1.72
nereu,2026-10-07T10:16,1.72
eta,2026-10-07T10:08,2.48
eta,2026-10-07T10:09,2.48
eta,2026-10-07T10:10,2.49
eta,2026-10-07T10:11,2.47
eta,2026-10-07T10:12,2.49
eta,2026-10-07T10:13,2.47
eta,2026-10-07T10:14,2.48
eta,2026-10-07T10:15,2.47
eta,2026-10-07T10:16,2.46
via_verde,2026-10-07T10:08,3.27
via_verde,2026-10-07T10:09,3.26
via_verde,2026-10-07T10:10,3.27
via_verde,2026-10-07T10:11,3.25
via_verde,2026-10-07T10:12,3.26
via_verde,2026-10-07T10:13,3.27
via_verde,2026-10-07T10:14,3.25
via_verde,2026-10-07T10:15,3.25
via_verde,2026-10-07T10:16,3.25
corupa,2026-10-07T10:17,1.74
corupa,2026-10-07T10:18,1.74
corupa,2026-10-07T10:19,1.77
corupa,2026-10-07T10:20,1.77
corupa,2026-10-07T10:21,1.77
corupa,2026-10-07T10:22,1.77
corupa,2026-10-07T10:23,1.77
corupa,2026-10-07T10:24,1.77
corupa,2026-10-07T10:25,1.77
corupa,2026-10-07T10:26,1.76
nereu,2026-10-07T10:17,1.72
nereu,2026-10-07T10:18,1.72
nereu,2026-10-07T10:19,1.72
nereu,2026-10-07T10:20,1.72
nereu,2026-10-07T10:21,1.71
nereu,2026-10-07T10:22,1.71
nereu,2026-10-07T10:23,1.72
nereu,2026-10-07T10:24,1.71
nereu,2026-10-07T10:25,1.71
nereu,2026-10-07T10:26,1.7
eta,2026-10-07T10:17,2.46
eta,2026-10-07T10:18,2.47
eta,2026-10-07T10:19,2.46
eta,2026-10-07T10:20,2.46
eta,2026-10-07T10:21,2.45
eta,2026-10-07T10:22,2.46
eta,2026-10-07T10:23,2.46
eta,2026-10-07T10:24,2.45
eta,2026-10-07T10:25,2.46
eta,2026-10-07T10:26,2.45
via_verde,2026-10-07T10:17,3.24
via_verde,2026-10-07T10:18,3.24
via_verde,2026-10-07T10:19,3.23
via_verde,2026-10-07T10:20,3.24
via_verde,2026-10-07T10:21,3.23
via_verde,2026-10-07T10:22,3.23
via_verde,2026-10-07T10:23,3.23
via_verde,2026-10-07T10:24,3.22
via_verde,2026-10-07T10:25,3.22
via_verde,2026-10-07T10:26,3.21
corupa,2026-10-07T10:27,1.76
corupa,2026-10-07T10:28,1.75
corupa,2026-10-07T10:29,1.75
corupa,2026-10-07T10:30,1.76
corupa,2026-10-07T10:31,1.76
corupa,2026-10-07T10:32,1.72
corupa,2026-10-07T10:33,1.72
corupa,2026-10-07T10:34,1.74
corupa,2026-10-07T10:35,1.75
corupa,2026-10-07T10:36,1.75
nereu,2026-10-07T10:27,1.71
nereu,2026-10-07T10:28,1.7
nereu,2026-10-07T10:29,1.7
nereu,2026-10-07T10:30,1.69
nereu,2026-10-07T10:31,1.7
nereu,2026-10-07T10:32,1.7
nereu,2026-10-07T10:33,1.68
nereu,2026-10-07T10:34,1.69
nereu,2026-10-07T10:35,1.69
nereu,2026-10-07T10:36,1.68
eta,2026-10-07T10:27,2.45
eta,2026-10-07T10:28,2.45
eta,2026-10-07T10:29,2.45
eta,2026-10-07T10:30,2.44
eta,2026-10-07T10:31,2.45
eta,2026-10-07T10:32,2.46
eta,2026-10-07T10:33,2.45
eta,2026-10-07T10:34,2.42
eta,2026-10-07T10:35,2.42
eta,2026-10-07T10:36,2.42
via_verde,2026-10-07T10:27,3.21
via_verde,2026-10-07T10:28,3.2
via_verde,2026-10-07T10:29,3.2
via_verde,2026-10-07T10:30,3.19
via_verde,2026-10-07T10:31,3.19
via_verde,2026-10-07T10:32,3.18
via_verde,2026-10-07T10:33,3.18
via_verde,2026-10-07T10:34,3.18
via_verde,2026-10-07T10:35,3.17
via_verde,2026-10-07T10:36,3.18
corupa,2026-10-07T10:37,1.74
corupa,2026-10-07T10:38,1.74
corupa,2026-10-07T10:39,1.73
corupa,2026-10-07T10:40,1.73
corupa,2026-10-07T10:41,1.72
corupa,2026-10-07T10:42,1.72
corupa,2026-10-07T10:43,1.72
corupa,2026-10-07T10:44,1.72
corupa,2026-10-07T10:45,1.7
corupa,2026-10-07T10:46,1.72
corupa,2026-10-07T10:47,1.72
corupa,2026-10-07T10:48,1.73
nereu,2026-10-07T10:37,1.69
nereu,2026-10-07T10:38,1.7
nereu,2026-10-07T10:39,1.69
nereu,2026-10-07T10:40,1.68
nereu,2026-10-07T10:41,1.68
nereu,2026-10-07T10:42,1.68
nereu,2026-10-07T10:43,1.68
nereu,2026-10-07T10:44,1.68
nereu,2026-10-07T10:45,1.67
nereu,2026-10-07T10:46,1.68
nereu,2026-10-07T10:47,1.68
nereu,2026-10-07T10:48,1.67
eta,2026-10-07T10:37,2.44
eta,2026-10-07T10:38,2.44
eta,2026-10-07T10:39,2.43
eta,2026-10-07T10:40,2.43
eta,2026-10-07T10:41,2.43
eta,2026-10-07T10:42,2.42
eta,2026-10-07T10:43,2.42
eta,2026-10-07T10:44,2.42
eta,2026-10-07T10:45,2.42
eta,2026-10-07T10:46,2.41
eta,2026-10-07T10:47,2.42
eta,2026-10-07T10:48,2.4
via_verde,2026-10-07T10:37,3.17
via_verde,2026-10-07T10:38,3.17
via_verde,2026-10-07T10:39,3.16
via_verde,2026-10-07T10:40,3.14
via_verde,2026-10-07T10:41,3.15
via_verde,2026-10-07T10:42,3.14
via_verde,2026-10-07T10:43,3.14
via_verde,2026-10-07T10:44,3.14
via_verde,2026-10-07T10:45,3.14
via_verde,2026-10-07T10:46,3.14
via_verde,2026-10-07T10:47,3.13
via_verde,2026-10-07T10:48,3.12
corupa,2026-10-07T10:49,1.73
corupa,2026-10-07T10:50,1.73
corupa,2026-10-07T10:51,1.73
corupa,2026-10-07T10:52,1.74
corupa,2026-10-07T10:53,1.74
corupa,2026-10-07T10:54,1.7
corupa,2026-10-07T10:55,1.7
corupa,2026-10-07T10:56,1.71
corupa,2026-10-07T10:57,1.71
nereu,2026-10-07T10:49,1.67
nereu,2026-10-07T10:50,1.66
nereu,2026-10-07T10:51,1.65
nereu,2026-10-07T10:52,1.66
nereu,2026-10-07T10:53,1.66
nereu,2026-10-07T10:54,1.66
nereu,2026-10-07T10:55,1.66
nereu,2026-10-07T10:56,1.66
nereu,2026-10-07T10:57,1.65
eta,2026-10-07T10:49,2.41
eta,2026-10-07T10:50,2.41
eta,2026-10-07T10:51,2.41
eta,2026-10-07T10:52,2.42
eta,2026-10-07T10:53,2.42
eta,2026-10-07T10:54,2.4
eta,2026-10-07T10:55,2.41
eta,2026-10-07T10:56,2.4
eta,2026-10-07T10:57,2.4
via_verde,2026-10-07T10:49,3.12
via_verde,2026-10-07T10:50,3.11
via_verde,2026-10-07T10:51,3.12
via_verde,2026-10-07T10:52,3.11
via_verde,2026-10-07T10:53,3.12
via_verde,2026-10-07T10:54,3.11
via_verde,2026-10-07T10:55,3.11
via_verde,2026-10-07T10:56,3.09
via_verde,2026-10-07T10:57,3.09
corupa,2026-10-07T10:58,1.7
corupa,2026-10-07T10:59,1.7
corupa,2026-10-07T11:00,1.75
corupa,2026-10-07T11:01,1.75
corupa,2026-10-07T11:02,1.71
corupa,2026-10-07T11:03,1.71
corupa,2026-10-07T11:04,1.71
corupa,2026-10-07T11:05,1.73
corupa,2026-10-07T11:06,1.73
corupa,2026-10-07T11:07,1.7
nereu,2026-10-07T10:58,1.65
nereu,2026-10-07T10:59,1.65
nereu,2026-10-07T11:00,1.66
nereu,2026-10-07T11:01,1.65
nereu,2026-10-07T11:02,1.65
nereu,2026-10-07T11:03,1.65
nereu,2026-10-07T11:04,1.65
nereu,2026-10-07T11:05,1.64
nereu,2026-10-07T11:06,1.64
nereu,2026-10-07T11:07,1.64
eta,2026-10-07T10:58,2.41
eta,2026-10-07T10:59,2.41
eta,2026-10-07T11:00,2.4
eta,2026-10-07T11:01,2.4
eta,2026-10-07T11:02,2.4
eta,2026-10-07T11:03,2.39
eta,2026-10-07T11:04,2.4
eta,2026-10-07T11:05,2.38
eta,2026-10-07T11:06,2.38
eta,2026-10-07T11:07,2.39
via_verde,2026-10-07T10:58,3.09
via_verde,2026-10-07T10:59,3.09
via_verde,2026-10-07T11:00,3.08
via_verde,2026-10-07T11:01,3.08
via_verde,2026-10-07T11:02,3.08
via_verde,2026-10-07T11:03,3.07
via_verde,2026-10-07T11:04,3.06
via_verde,2026-10-07T11:05,3.06
via_verde,2026-10-07T11:06,3.07
via_verde,2026-10-07T11:07,3.06
corupa,2026-10-07T11:08,1.7
corupa,2026-10-07T11:09,1.69
corupa,2026-10-07T11:10,1.69
corupa,2026-10-07T11:11,1.69
corupa,2026-10-07T11:12,1.7
corupa,2026-10-07T11:13,1.7
corupa,2026-10-07T11:14,1.7
corupa,2026-10-07T11:15,1.7
corupa,2026-10-07T11:16,1.71
nereu,2026-10-07T11:08,1.64
nereu,2026-10-07T11:09,1.64
nereu,2026-10-07T11:10,1.63
nereu,2026-10-07T11:11,1.63
nereu,2026-10-07T11:12,1.62
nereu,2026-10-07T11:13,1.63
nereu,2026-10-07T11:14,1.63
nereu,2026-10-07T11:15,1.63
nereu,2026-10-07T11:16,1.63
eta,2026-10-07T11:08,2.38
eta,2026-10-07T11:09,2.39
eta,2026-10-07T11:10,2.39
eta,2026-10-07T11:11,2.39
eta,2026-10-07T11:12,2.39
eta,2026-10-07T11:13,2.38
eta,2026-10-07T11:14,2.37
eta,2026-10-07T11:15,2.38
eta,2026-10-07T11:16,2.37
via_verde,2026-10-07T11:08,3.05
via_verde,2026-10-07T11:09,3.05
via_verde,2026-10-07T11:10,3.05
via_verde,2026-10-07T11:11,3.06
via_verde,2026-10-07T11:12,3.05
via_verde,2026-10-07T11:13,3.05
via_verde,2026-10-07T11:14,3.03
via_verde,2026-10-07T11:15,3.04
via_verde,2026-10-07T11:16,3.03
via_verde,2026-10-07T11:17,3.03
corupa,2026-10-07T11:17,1.71
corupa,2026-10-07T11:18,1.67
corupa,2026-10-07T11:19,1.67
corupa,2026-10-07T11:20,1.69
corupa,2026-10-07T11:21,1.69
corupa,2026-10-07T11:22,1.68
corupa,2026-10-07T11:23,1.69
corupa,2026-10-07T11:24,1.69
corupa,2026-10-07T11:25,1.71
corupa,2026-10-07T11:26,1.71
corupa,2026-10-07T11:27,1.67
corupa,2026-10-07T11:28,1.67
nereu,2026-10-07T11:17,1.62
nereu,2026-10-07T11:18,1.63
nereu,2026-10-07T11:19,1.63
nereu,2026-10-07T11:20,1.62
nereu,2026-10-07T11:21,1.62
nereu,2026-10-07T11:22,1.62
nereu,2026-10-07T11:23,1.62
nereu,2026-10-07T11:24,1.62
nereu,2026-10-07T11:25,1.61
nereu,2026-10-07T11:26,1.61
nereu,2026-10-07T11:27,1.6
nereu,2026-10-07T11:28,1.6
eta,2026-10-07T11:17,2.37
eta,2026-10-07T11:18,2.38
eta,2026-10-07T11:19,2.37
eta,2026-10-07T11:20,2.37
eta,2026-10-07T11:21,2.37
eta,2026-10-07T11:22,2.37
eta,2026-10-07T11:23,2.36
eta,2026-10-07T11:24,2.36
eta,2026-10-07T11:25,2.36
eta,2026-10-07T11:26,2.36
eta,2026-10-07T11:27,2.36
eta,2026-10-07T11:28,2.35
via_verde,2026-10-07T11:18,3.02
via_verde,2026-10-07T11:19,3.01
via_verde,2026-10-07T11:20,3.03
via_verde,2026-10-07T11:21,3.02
via_verde,2026-10-07T11:22,3.01
via_verde,2026-10-07T11:23,3
via_verde,2026-10-07T11:24,3.01
via_verde,2026-10-07T11:25,3.02
via_verde,2026-10-07T11:26,2.98
via_verde,2026-10-07T11:27,3
via_verde,2026-10-07T11:28,2.99
corupa,2026-10-07T11:29,1.65
corupa,2026-10-07T11:30,1.65
corupa,2026-10-07T11:31,1.7
corupa,2026-10-07T11:32,1.7
corupa,2026-10-07T11:33,1.69
nereu,2026-10-07T11:29,1.61
nereu,2026-10-07T11:30,1.61
nereu,2026-10-07T11:31,1.61
nereu,2026-10-07T11:32,1.61
nereu,2026-10-07T11:33,1.6
eta,2026-10-07T11:29,2.34
eta,2026-10-07T11:30,2.35
eta,2026-10-07T11:31,2.36
eta,2026-10-07T11:32,2.37
eta,2026-10-07T11:33,2.34
via_verde,2026-10-07T11:29,2.98
via_verde,2026-10-07T11:30,2.98
via_verde,2026-10-07T11:31,2.98
via_verde,2026-10-07T11:32,2.98
via_verde,2026-10-07T11:33,2.98
corupa,2026-10-07T11:34,1.69
corupa,2026-10-07T11:35,1.69
corupa,2026-10-07T11:36,1.68
corupa,2026-10-07T11:37,1.68
corupa,2026-10-07T11:38,1.69
corupa,2026-10-07T11:39,1.69
corupa,2026-10-07T11:40,1.67
corupa,2026-10-07T11:41,1.67
corupa,2026-10-07T11:42,1.66
corupa,2026-10-07T11:43,1.66
nereu,2026-10-07T11:34,1.6
nereu,2026-10-07T11:35,1.59
nereu,2026-10-07T11:36,1.6
nereu,2026-10-07T11:37,1.6
nereu,2026-10-07T11:38,1.59
nereu,2026-10-07T11:39,1.59
nereu,2026-10-07T11:40,1.6
nereu,2026-10-07T11:41,1.59
nereu,2026-10-07T11:42,1.59
nereu,2026-10-07T11:43,1.59
eta,2026-10-07T11:34,2.35
eta,2026-10-07T11:35,2.36
eta,2026-10-07T11:36,2.34
eta,2026-10-07T11:37,2.34
eta,2026-10-07T11:38,2.35
eta,2026-10-07T11:39,2.34
eta,2026-10-07T11:40,2.33
eta,2026-10-07T11:41,2.35
eta,2026-10-07T11:42,2.33
eta,2026-10-07T11:43,2.33
via_verde,2026-10-07T11:34,2.98
via_verde,2026-10-07T11:35,2.98
via_verde,2026-10-07T11:36,2.93
via_verde,2026-10-07T11:37,2.96
via_verde,2026-10-07T11:38,2.95
via_verde,2026-10-07T11:39,2.96
via_verde,2026-10-07T11:40,2.97
via_verde,2026-10-07T11:41,2.94
via_verde,2026-10-07T11:42,2.95
via_verde,2026-10-07T11:43,2.93
corupa,2026-10-07T11:44,1.68
corupa,2026-10-07T11:45,1.68
corupa,2026-10-07T11:46,1.66
corupa,2026-10-07T11:47,1.66
corupa,2026-10-07T11:48,1.65
corupa,2026-10-07T11:49,1.65
nereu,2026-10-07T11:44,1.59
nereu,2026-10-07T11:45,1.6
nereu,2026-10-07T11:46,1.59
nereu,2026-10-07T11:47,1.59
nereu,2026-10-07T11:48,1.59
nereu,2026-10-07T11:49,1.57
eta,2026-10-07T11:44,2.32
eta,2026-10-07T11:45,2.32
eta,2026-10-07T11:46,2.32
eta,2026-10-07T11:47,2.32
eta,2026-10-07T11:48,2.32
eta,2026-10-07T11:49,2.32
via_verde,2026-10-07T11:44,2.94
via_verde,2026-10-07T11:45,2.93
via_verde,2026-10-07T11:46,2.92
via_verde,2026-10-07T11:47,2.93
via_verde,2026-10-07T11:48,2.92
via_verde,2026-10-07T11:49,2.92
eta,2026-10-07T11:50,2.31
eta,2026-10-07T11:51,2.33
eta,2026-10-07T11:52,2.33
eta,2026-10-07T11:53,2.32
eta,2026-10-07T11:54,2.31
eta,2026-10-07T11:55,2.3
eta,2026-10-07T11:56,2.31
eta,2026-10-07T11:57,2.31
eta,2026-10-07T11:58,2.31
eta,2026-10-07T11:59,2.31
via_verde,2026-10-07T11:50,2.92
via_verde,2026-10-07T11:51,2.92
via_verde,2026-10-07T11:52,2.91
via_verde,2026-10-07T11:53,2.92
via_verde,2026-10-07T11:54,2.92
via_verde,2026-10-07T11:55,2.92
via_verde,2026-10-07T11:56,2.92
via_verde,2026-10-07T11:57,2.91
via_verde,2026-10-07T11:58,2.89
via_verde,2026-10-07T11:59,2.89
corupa,2026-10-07T11:50,1.65
corupa,2026-10-07T11:51,1.68
corupa,2026-10-07T11:52,1.68
corupa,2026-10-07T11:53,1.67
corupa,2026-10-07T11:54,1.67
corupa,2026-10-07T11:55,1.66
corupa,2026-10-07T11:56,1.66
corupa,2026-10-07T11:57,1.65
corupa,2026-10-07T11:58,1.65
corupa,2026-10-07T11:59,1.7
corupa,2026-10-07T12:00,1.7
corupa,2026-10-07T12:01,1.66
corupa,2026-10-07T12:02,1.66
corupa,2026-10-07T12:03,1.66
corupa,2026-10-07T12:04,1.66
corupa,2026-10-07T12:05,1.66
corupa,2026-10-07T12:06,1.65
corupa,2026-10-07T12:07,1.65
corupa,2026-10-07T12:08,1.63
corupa,2026-10-07T12:09,1.63
corupa,2026-10-07T12:10,1.64
corupa,2026-10-07T12:11,1.64
corupa,2026-10-07T12:12,1.66
corupa,2026-10-07T12:13,1.66
corupa,2026-10-07T12:14,1.64
corupa,2026-10-07T12:15,1.64
corupa,2026-10-07T12:16,1.65
corupa,2026-10-07T12:17,1.65
corupa,2026-10-07T12:18,1.64
corupa,2026-10-07T12:19,1.65
corupa,2026-10-07T12:20,1.65
corupa,2026-10-07T12:21,1.63
corupa,2026-10-07T12:22,1.63
nereu,2026-10-07T11:50,1.59
nereu,2026-10-07T11:51,1.59
nereu,2026-10-07T11:52,1.58
nereu,2026-10-07T11:53,1.58
nereu,2026-10-07T11:54,1.58
nereu,2026-10-07T11:55,1.58
nereu,2026-10-07T11:56,1.57
nereu,2026-10-07T11:57,1.57
nereu,2026-10-07T11:58,1.57
nereu,2026-10-07T11:59,1.57
nereu,2026-10-07T12:00,1.58
nereu,2026-10-07T12:01,1.58
nereu,2026-10-07T12:02,1.56
nereu,2026-10-07T12:03,1.57
nereu,2026-10-07T12:04,1.56
nereu,2026-10-07T12:05,1.56
nereu,2026-10-07T12:06,1.57
nereu,2026-10-07T12:07,1.56
nereu,2026-10-07T12:08,1.56
nereu,2026-10-07T12:09,1.56
nereu,2026-10-07T12:10,1.57
nereu,2026-10-07T12:11,1.55
nereu,2026-10-07T12:12,1.55
nereu,2026-10-07T12:13,1.55
nereu,2026-10-07T12:14,1.56
nereu,2026-10-07T12:15,1.54
nereu,2026-10-07T12:16,1.55
nereu,2026-10-07T12:17,1.55
nereu,2026-10-07T12:18,1.55
nereu,2026-10-07T12:19,1.55
nereu,2026-10-07T12:20,1.55
nereu,2026-10-07T12:21,1.54
nereu,2026-10-07T12:22,1.53
eta,2026-10-07T12:00,2.31
eta,2026-10-07T12:01,2.3
eta,2026-10-07T12:02,2.3
eta,2026-10-07T12:03,2.3
eta,2026-10-07T12:04,2.29
eta,2026-10-07T12:05,2.3
eta,2026-10-07T12:06,2.29
eta,2026-10-07T12:07,2.29
eta,2026-10-07T12:08,2.3
eta,2026-10-07T12:09,2.29
eta,2026-10-07T12:10,2.3
eta,2026-10-07T12:11,2.29
eta,2026-10-07T12:12,2.3
eta,2026-10-07T12:13,2.29
eta,2026-10-07T12:14,2.28
eta,2026-10-07T12:15,2.27
eta,2026-10-07T12:16,2.28
eta,2026-10-07T12:17,2.28
eta,2026-10-07T12:18,2.28
eta,2026-10-07T12:19,2.27
eta,2026-10-07T12:20,2.26
eta,2026-10-07T12:21,2.26
eta,2026-10-07T12:22,2.26
via_verde,2026-10-07T12:00,2.88
via_verde,2026-10-07T12:01,2.88
via_verde,2026-10-07T12:02,2.88
via_verde,2026-10-07T12:03,2.88
via_verde,2026-10-07T12:04,2.88
via_verde,2026-10-07T12:05,2.88
via_verde,2026-10-07T12:06,2.88
via_verde,2026-10-07T12:07,2.86
via_verde,2026-10-07T12:08,2.86
via_verde,2026-10-07T12:09,2.86
via_verde,2026-10-07T12:10,2.85
via_verde,2026-10-07T12:11,2.86
via_verde,2026-10-07T12:12,2.85
via_verde,2026-10-07T12:13,2.84
via_verde,2026-10-07T12:14,2.85
via_verde,2026-10-07T12:15,2.84
via_verde,2026-10-07T12:16,2.85
via_verde,2026-10-07T12:17,2.83
via_verde,2026-10-07T12:18,2.83
via_verde,2026-10-07T12:19,2.83
via_verde,2026-10-07T12:20,2.83
via_verde,2026-10-07T12:21,2.84
via_verde,2026-10-07T12:22,2.84
corupa,2026-10-07T12:23,1.62
corupa,2026-10-07T12:24,1.62
corupa,2026-10-07T12:25,1.64
corupa,2026-10-07T12:26,1.64
corupa,2026-10-07T12:27,1.65
corupa,2026-10-07T12:28,1.65
corupa,2026-10-07T12:29,1.67
nereu,2026-10-07T12:23,1.54
nereu,2026-10-07T12:24,1.54
nereu,2026-10-07T12:25,1.54
nereu,2026-10-07T12:26,1.54
nereu,2026-10-07T12:27,1.53
nereu,2026-10-07T12:28,1.54
nereu,2026-10-07T12:29,1.54
eta,2026-10-07T12:23,2.26
eta,2026-10-07T12:24,2.26
eta,2026-10-07T12:25,2.26
eta,2026-10-07T12:26,2.26
eta,2026-10-07T12:27,2.26
eta,2026-10-07T12:28,2.26
eta,2026-10-07T12:29,2.26
via_verde,2026-10-07T12:23,2.83
via_verde,2026-10-07T12:24,2.81
via_verde,2026-10-07T12:25,2.83
via_verde,2026-10-07T12:26,2.82
via_verde,2026-10-07T12:27,2.82
via_verde,2026-10-07T12:28,2.83
via_verde,2026-10-07T12:29,2.79
corupa,2026-10-07T12:30,1.67
corupa,2026-10-07T12:31,1.64
nereu,2026-10-07T12:30,1.53
nereu,2026-10-07T12:31,1.54
eta,2026-10-07T12:30,2.25
eta,2026-10-07T12:31,2.26
via_verde,2026-10-07T12:30,2.79
via_verde,2026-10-07T12:31,2.79
corupa,2026-10-07T12:32,1.64
corupa,2026-10-07T12:33,1.64
corupa,2026-10-07T12:34,1.63
corupa,2026-10-07T12:35,1.63
corupa,2026-10-07T12:36,1.63
corupa,2026-10-07T12:37,1.63
corupa,2026-10-07T12:38,1.63
corupa,2026-10-07T12:39,1.63
corupa,2026-10-07T12:40,1.65
corupa,2026-10-07T12:41,1.65
corupa,2026-10-07T12:42,1.61
corupa,2026-10-07T12:43,1.61
corupa,2026-10-07T12:44,1.62
corupa,2026-10-07T12:45,1.62
corupa,2026-10-07T12:46,1.62
corupa,2026-10-07T12:47,1.62
corupa,2026-10-07T12:48,1.61
corupa,2026-10-07T12:49,1.61
corupa,2026-10-07T12:50,1.61
corupa,2026-10-07T12:51,1.62
nereu,2026-10-07T12:32,1.54
nereu,2026-10-07T12:33,1.53
nereu,2026-10-07T12:34,1.53
nereu,2026-10-07T12:35,1.52
nereu,2026-10-07T12:36,1.52
nereu,2026-10-07T12:37,1.52
nereu,2026-10-07T12:38,1.52
nereu,2026-10-07T12:39,1.52
nereu,2026-10-07T12:40,1.53
nereu,2026-10-07T12:41,1.52
nereu,2026-10-07T12:42,1.52
nereu,2026-10-07T12:43,1.51
nereu,2026-10-07T12:44,1.51
nereu,2026-10-07T12:45,1.52
nereu,2026-10-07T12:46,1.52
nereu,2026-10-07T12:47,1.5
nereu,2026-10-07T12:48,1.51
nereu,2026-10-07T12:49,1.5
nereu,2026-10-07T12:50,1.51
nereu,2026-10-07T12:51,1.5
eta,2026-10-07T12:32,2.24
eta,2026-10-07T12:33,2.24
eta,2026-10-07T12:34,2.25
eta,2026-10-07T12:35,2.25
eta,2026-10-07T12:36,2.25
eta,2026-10-07T12:37,2.24
eta,2026-10-07T12:38,2.24
eta,2026-10-07T12:39,2.24
eta,2026-10-07T12:40,2.24
eta,2026-10-07T12:41,2.24
eta,2026-10-07T12:42,2.24
eta,2026-10-07T12:43,2.23
eta,2026-10-07T12:44,2.24
eta,2026-10-07T12:45,2.23
eta,2026-10-07T12:46,2.23
eta,2026-10-07T12:47,2.24
eta,2026-10-07T12:48,2.23
eta,2026-10-07T12:49,2.23
eta,2026-10-07T12:50,2.23
eta,2026-10-07T12:51,2.24
via_verde,2026-10-07T12:32,2.79
via_verde,2026-10-07T12:33,2.79
via_verde,2026-10-07T12:34,2.79
via_verde,2026-10-07T12:35,2.78
via_verde,2026-10-07T12:36,2.79
via_verde,2026-10-07T12:37,2.78
via_verde,2026-10-07T12:38,2.78
via_verde,2026-10-07T12:39,2.77
via_verde,2026-10-07T12:40,2.77
via_verde,2026-10-07T12:41,2.76
via_verde,2026-10-07T12:42,2.78
via_verde,2026-10-07T12:43,2.77
via_verde,2026-10-07T12:44,2.76
via_verde,2026-10-07T12:45,2.76
via_verde,2026-10-07T12:46,2.75
via_verde,2026-10-07T12:47,2.74
via_verde,2026-10-07T12:48,2.75
via_verde,2026-10-07T12:49,2.75
via_verde,2026-10-07T12:50,2.76
via_verde,2026-10-07T12:51,2.74
corupa,2026-10-07T12:52,1.62
corupa,2026-10-07T12:53,1.63
corupa,2026-10-07T12:54,1.63
corupa,2026-10-07T12:55,1.61
corupa,2026-10-07T12:56,1.61
corupa,2026-10-07T12:57,1.63
corupa,2026-10-07T12:58,1.63
corupa,2026-10-07T12:59,1.6
corupa,2026-10-07T13:00,1.6
corupa,2026-10-07T13:01,1.6
corupa,2026-10-07T13:02,1.57
nereu,2026-10-07T12:52,1.5
nereu,2026-10-07T12:53,1.5
nereu,2026-10-07T12:54,1.5
nereu,2026-10-07T12:55,1.5
nereu,2026-10-07T12:56,1.5
nereu,2026-10-07T12:57,1.5
nereu,2026-10-07T12:58,1.51
nereu,2026-10-07T12:59,1.49
nereu,2026-10-07T13:00,1.49
nereu,2026-10-07T13:01,1.5
nereu,2026-10-07T13:02,1.49
eta,2026-10-07T12:52,2.22
eta,2026-10-07T12:53,2.23
eta,2026-10-07T12:54,2.23
eta,2026-10-07T12:55,2.23
eta,2026-10-07T12:56,2.23
eta,2026-10-07T12:57,2.22
eta,2026-10-07T12:58,2.22
eta,2026-10-07T12:59,2.21
eta,2026-10-07T13:00,2.23
eta,2026-10-07T13:01,2.21
eta,2026-10-07T13:02,2.21
via_verde,2026-10-07T12:52,2.74
via_verde,2026-10-07T12:53,2.73
via_verde,2026-10-07T12:54,2.73
via_verde,2026-10-07T12:55,2.74
via_verde,2026-10-07T12:56,2.73
via_verde,2026-10-07T12:57,2.72
via_verde,2026-10-07T12:58,2.72
via_verde,2026-10-07T12:59,2.72
via_verde,2026-10-07T13:00,2.71
via_verde,2026-10-07T13:01,2.72
via_verde,2026-10-07T13:02,2.71
corupa,2026-10-07T13:03,1.57
corupa,2026-10-07T13:04,1.59
corupa,2026-10-07T13:05,1.59
corupa,2026-10-07T13:06,1.59
corupa,2026-10-07T13:07,1.59
corupa,2026-10-07T13:08,1.59
nereu,2026-10-07T13:03,1.48
nereu,2026-10-07T13:04,1.49
nereu,2026-10-07T13:05,1.48
nereu,2026-10-07T13:06,1.48
nereu,2026-10-07T13:07,1.49
nereu,2026-10-07T13:08,1.49
eta,2026-10-07T13:03,2.22
eta,2026-10-07T13:04,2.21
eta,2026-10-07T13:05,2.22
eta,2026-10-07T13:06,2.21
eta,2026-10-07T13:07,2.21
eta,2026-10-07T13:08,2.2
via_verde,2026-10-07T13:03,2.71
via_verde,2026-10-07T13:04,2.71
via_verde,2026-10-07T13:05,2.68
via_verde,2026-10-07T13:06,2.71
via_verde,2026-10-07T13:07,2.7
via_verde,2026-10-07T13:08,2.69
corupa,2026-10-07T13:09,1.59
corupa,2026-10-07T13:10,1.59
corupa,2026-10-07T13:11,1.59
corupa,2026-10-07T13:12,1.58
corupa,2026-10-07T13:13,1.58
corupa,2026-10-07T13:14,1.59
corupa,2026-10-07T13:15,1.59
corupa,2026-10-07T13:16,1.59
corupa,2026-10-07T13:17,1.6
nereu,2026-10-07T13:09,1.49
nereu,2026-10-07T13:10,1.48
nereu,2026-10-07T13:11,1.48
nereu,2026-10-07T13:12,1.48
nereu,2026-10-07T13:13,1.48
nereu,2026-10-07T13:14,1.48
nereu,2026-10-07T13:15,1.48
nereu,2026-10-07T13:16,1.48
nereu,2026-10-07T13:17,1.48
eta,2026-10-07T13:09,2.21
eta,2026-10-07T13:10,2.2
eta,2026-10-07T13:11,2.2
eta,2026-10-07T13:12,2.19
eta,2026-10-07T13:13,2.21
eta,2026-10-07T13:14,2.2
eta,2026-10-07T13:15,2.2
eta,2026-10-07T13:16,2.19
eta,2026-10-07T13:17,2.2
via_verde,2026-10-07T13:09,2.68
via_verde,2026-10-07T13:10,2.68
via_verde,2026-10-07T13:11,2.69
via_verde,2026-10-07T13:12,2.68
via_verde,2026-10-07T13:13,2.68
via_verde,2026-10-07T13:14,2.68
via_verde,2026-10-07T13:15,2.67
via_verde,2026-10-07T13:16,2.67
via_verde,2026-10-07T13:17,2.67
corupa,2026-10-07T13:18,1.6
corupa,2026-10-07T13:19,1.6
corupa,2026-10-07T13:20,1.6
corupa,2026-10-07T13:21,1.57
corupa,2026-10-07T13:22,1.57
corupa,2026-10-07T13:23,1.56
corupa,2026-10-07T13:24,1.56
corupa,2026-10-07T13:25,1.57
corupa,2026-10-07T13:26,1.58
nereu,2026-10-07T13:18,1.47
nereu,2026-10-07T13:19,1.47
nereu,2026-10-07T13:20,1.47
nereu,2026-10-07T13:21,1.48
nereu,2026-10-07T13:22,1.47
nereu,2026-10-07T13:23,1.47
nereu,2026-10-07T13:24,1.47
nereu,2026-10-07T13:25,1.47
nereu,2026-10-07T13:26,1.47
eta,2026-10-07T13:18,2.2
eta,2026-10-07T13:19,2.19
eta,2026-10-07T13:20,2.19
eta,2026-10-07T13:21,2.2
eta,2026-10-07T13:22,2.18
eta,2026-10-07T13:23,2.2
eta,2026-10-07T13:24,2.19
eta,2026-10-07T13:25,2.18
eta,2026-10-07T13:26,2.18
via_verde,2026-10-07T13:18,2.66
via_verde,2026-10-07T13:19,2.66
via_verde,2026-10-07T13:20,2.67
via_verde,2026-10-07T13:21,2.66
via_verde,2026-10-07T13:22,2.65
via_verde,2026-10-07T13:23,2.64
via_verde,2026-10-07T13:24,2.64
via_verde,2026-10-07T13:25,2.63
via_verde,2026-10-07T13:26,2.65
corupa,2026-10-07T13:27,1.58
corupa,2026-10-07T13:28,1.56
corupa,2026-10-07T13:29,1.56
corupa,2026-10-07T13:30,1.58
corupa,2026-10-07T13:31,1.58
corupa,2026-10-07T13:32,1.56
corupa,2026-10-07T13:33,1.56
corupa,2026-10-07T13:34,1.54
corupa,2026-10-07T13:35,1.54
corupa,2026-10-07T13:36,1.52
corupa,2026-10-07T13:37,1.56
corupa,2026-10-07T13:38,1.56
corupa,2026-10-07T13:39,1.55
corupa,2026-10-07T13:40,1.55
corupa,2026-10-07T13:41,1.58
corupa,2026-10-07T13:42,1.58
nereu,2026-10-07T13:27,1.47
nereu,2026-10-07T13:28,1.46
nereu,2026-10-07T13:29,1.46
nereu,2026-10-07T13:30,1.46
nereu,2026-10-07T13:31,1.46
nereu,2026-10-07T13:32,1.45
nereu,2026-10-07T13:33,1.46
nereu,2026-10-07T13:34,1.45
nereu,2026-10-07T13:35,1.46
nereu,2026-10-07T13:36,1.44
nereu,2026-10-07T13:37,1.46
nereu,2026-10-07T13:38,1.45
nereu,2026-10-07T13:39,1.45
nereu,2026-10-07T13:40,1.44
nereu,2026-10-07T13:41,1.44
nereu,2026-10-07T13:42,1.45
eta,2026-10-07T13:27,2.17
eta,2026-10-07T13:28,2.18
eta,2026-10-07T13:29,2.18
eta,2026-10-07T13:30,2.18
eta,2026-10-07T13:31,2.18
eta,2026-10-07T13:32,2.18
eta,2026-10-07T13:33,2.18
eta,2026-10-07T13:34,2.17
eta,2026-10-07T13:35,2.18
eta,2026-10-07T13:36,2.17
eta,2026-10-07T13:37,2.18
eta,2026-10-07T13:38,2.17
eta,2026-10-07T13:39,2.17
eta,2026-10-07T13:40,2.17
eta,2026-10-07T13:41,2.17
eta,2026-10-07T13:42,2.17
via_verde,2026-10-07T13:27,2.65
via_verde,2026-10-07T13:28,2.64
via_verde,2026-10-07T13:29,2.64
via_verde,2026-10-07T13:30,2.63
via_verde,2026-10-07T13:31,2.62
via_verde,2026-10-07T13:32,2.62
via_verde,2026-10-07T13:33,2.63
via_verde,2026-10-07T13:34,2.63
via_verde,2026-10-07T13:35,2.62
via_verde,2026-10-07T13:36,2.62
via_verde,2026-10-07T13:37,2.62
via_verde,2026-10-07T13:38,2.6
via_verde,2026-10-07T13:39,2.59
via_verde,2026-10-07T13:40,2.61
via_verde,2026-10-07T13:41,2.61
via_verde,2026-10-07T13:42,2.58
corupa,2026-10-07T13:43,1.56
corupa,2026-10-07T13:44,1.56
corupa,2026-10-07T13:45,1.56
corupa,2026-10-07T13:46,1.56
nereu,2026-10-07T13:43,1.44
nereu,2026-10-07T13:44,1.45
nereu,2026-10-07T13:45,1.43
nereu,2026-10-07T13:46,1.43
eta,2026-10-07T13:43,2.16
eta,2026-10-07T13:44,2.16
eta,2026-10-07T13:45,2.16
eta,2026-10-07T13:46,2.16
via_verde,2026-10-07T13:43,2.61
via_verde,2026-10-07T13:44,2.59
via_verde,2026-10-07T13:45,2.6
via_verde,2026-10-07T13:46,2.6
corupa,2026-10-07T13:47,1.56
corupa,2026-10-07T13:48,1.54
corupa,2026-10-07T13:49,1.54
corupa,2026-10-07T13:50,1.54
corupa,2026-10-07T13:51,1.54
nereu,2026-10-07T13:47,1.43
nereu,2026-10-07T13:48,1.44
nereu,2026-10-07T13:49,1.44
nereu,2026-10-07T13:50,1.44
nereu,2026-10-07T13:51,1.43
eta,2026-10-07T13:47,2.17
eta,2026-10-07T13:48,2.17
eta,2026-10-07T13:49,2.16
eta,2026-10-07T13:50,2.16
eta,2026-10-07T13:51,2.17
via_verde,2026-10-07T13:47,2.58
via_verde,2026-10-07T13:48,2.58
via_verde,2026-10-07T13:49,2.58
via_verde,2026-10-07T13:50,2.59
via_verde,2026-10-07T13:51,2.58
corupa,2026-10-07T13:52,1.56
corupa,2026-10-07T13:53,1.56
corupa,2026-10-07T13:54,1.55
corupa,2026-10-07T13:55,1.55
corupa,2026-10-07T13:56,1.55
corupa,2026-10-07T13:57,1.54
corupa,2026-10-07T13:58,1.54
corupa,2026-10-07T13:59,1.54
corupa,2026-10-07T14:00,1.54
corupa,2026-10-07T14:01,1.54
corupa,2026-10-07T14:02,1.54
corupa,2026-10-07T14:03,1.54
corupa,2026-10-07T14:04,1.54
corupa,2026-10-07T14:05,1.53
corupa,2026-10-07T14:06,1.53
nereu,2026-10-07T13:52,1.43
nereu,2026-10-07T13:53,1.44
nereu,2026-10-07T13:54,1.43
nereu,2026-10-07T13:55,1.43
nereu,2026-10-07T13:56,1.43
nereu,2026-10-07T13:57,1.43
nereu,2026-10-07T13:58,1.42
nereu,2026-10-07T13:59,1.42
nereu,2026-10-07T14:00,1.43
nereu,2026-10-07T14:01,1.42
nereu,2026-10-07T14:02,1.4
nereu,2026-10-07T14:03,1.42
nereu,2026-10-07T14:04,1.42
nereu,2026-10-07T14:05,1.41
nereu,2026-10-07T14:06,1.41
eta,2026-10-07T13:52,2.15
eta,2026-10-07T13:53,2.15
eta,2026-10-07T13:54,2.15
eta,2026-10-07T13:55,2.16
eta,2026-10-07T13:56,2.15
eta,2026-10-07T13:57,2.15
eta,2026-10-07T13:58,2.15
eta,2026-10-07T13:59,2.13
eta,2026-10-07T14:00,2.13
eta,2026-10-07T14:01,2.14
eta,2026-10-07T14:02,2.13
eta,2026-10-07T14:03,2.14
eta,2026-10-07T14:04,2.13
eta,2026-10-07T14:05,2.14
eta,2026-10-07T14:06,2.13
via_verde,2026-10-07T13:52,2.58
via_verde,2026-10-07T13:53,2.58
via_verde,2026-10-07T13:54,2.57
via_verde,2026-10-07T13:55,2.56
via_verde,2026-10-07T13:56,2.57
via_verde,2026-10-07T13:57,2.56
via_verde,2026-10-07T13:58,2.55
via_verde,2026-10-07T13:59,2.55
via_verde,2026-10-07T14:00,2.56
via_verde,2026-10-07T14:01,2.55
via_verde,2026-10-07T14:02,2.57
via_verde,2026-10-07T14:03,2.53
via_verde,2026-10-07T14:04,2.55
via_verde,2026-10-07T14:05,2.56
via_verde,2026-10-07T14:06,2.53
corupa,2026-10-07T14:07,1.53
corupa,2026-10-07T14:08,1.55
corupa,2026-10-07T14:09,1.55
corupa,2026-10-07T14:10,1.52
corupa,2026-10-07T14:11,1.52
corupa,2026-10-07T14:12,1.55
corupa,2026-10-07T14:13,1.55
corupa,2026-10-07T14:14,1.52
corupa,2026-10-07T14:15,1.52
corupa,2026-10-07T14:16,1.53
nereu,2026-10-07T14:07,1.42
nereu,2026-10-07T14:08,1.41
nereu,2026-10-07T14:09,1.41
nereu,2026-10-07T14:10,1.42
nereu,2026-10-07T14:11,1.4
nereu,2026-10-07T14:12,1.4
nereu,2026-10-07T14:13,1.4
nereu,2026-10-07T14:14,1.39
nereu,2026-10-07T14:15,1.4
nereu,2026-10-07T14:16,1.4
eta,2026-10-07T14:07,2.13
eta,2026-10-07T14:08,2.13
eta,2026-10-07T14:09,2.13
eta,2026-10-07T14:10,2.13
eta,2026-10-07T14:11,2.13
eta,2026-10-07T14:12,2.11
eta,2026-10-07T14:13,2.13
eta,2026-10-07T14:14,2.12
eta,2026-10-07T14:15,2.13
eta,2026-10-07T14:16,2.11
via_verde,2026-10-07T14:07,2.55
via_verde,2026-10-07T14:08,2.53
via_verde,2026-10-07T14:09,2.53
via_verde,2026-10-07T14:10,2.54
via_verde,2026-10-07T14:11,2.53
via_verde,2026-10-07T14:12,2.52
via_verde,2026-10-07T14:13,2.53
via_verde,2026-10-07T14:14,2.53
via_verde,2026-10-07T14:15,2.51
via_verde,2026-10-07T14:16,2.53
corupa,2026-10-07T14:17,1.53
corupa,2026-10-07T14:18,1.52
corupa,2026-10-07T14:19,1.52
corupa,2026-10-07T14:20,1.51
corupa,2026-10-07T14:21,1.54
corupa,2026-10-07T14:22,1.54
corupa,2026-10-07T14:23,1.51
corupa,2026-10-07T14:24,1.51
corupa,2026-10-07T14:25,1.51
corupa,2026-10-07T14:26,1.51
corupa,2026-10-07T14:27,1.53
nereu,2026-10-07T14:17,1.4
nereu,2026-10-07T14:18,1.4
nereu,2026-10-07T14:19,1.39
nereu,2026-10-07T14:20,1.4
nereu,2026-10-07T14:21,1.4
nereu,2026-10-07T14:22,1.39
nereu,2026-10-07T14:23,1.39
nereu,2026-10-07T14:24,1.39
nereu,2026-10-07T14:25,1.39
nereu,2026-10-07T14:26,1.38
nereu,2026-10-07T14:27,1.38
eta,2026-10-07T14:17,2.12
eta,2026-10-07T14:18,2.12
eta,2026-10-07T14:19,2.11
eta,2026-10-07T14:20,2.12
eta,2026-10-07T14:21,2.1
eta,2026-10-07T14:22,2.12
eta,2026-10-07T14:23,2.12
eta,2026-10-07T14:24,2.1
eta,2026-10-07T14:25,2.11
eta,2026-10-07T14:26,2.09
eta,2026-10-07T14:27,2.1
via_verde,2026-10-07T14:17,2.51
via_verde,2026-10-07T14:18,2.51
via_verde,2026-10-07T14:19,2.52
via_verde,2026-10-07T14:20,2.5
via_verde,2026-10-07T14:21,2.5
via_verde,2026-10-07T14:22,2.52
via_verde,2026-10-07T14:23,2.51
via_verde,2026-10-07T14:24,2.49
via_verde,2026-10-07T14:25,2.49
via_verde,2026-10-07T14:26,2.48
via_verde,2026-10-07T14:27,2.49
corupa,2026-10-07T14:28,1.53
corupa,2026-10-07T14:29,1.53
corupa,2026-10-07T14:30,1.54
corupa,2026-10-07T14:31,1.54
corupa,2026-10-07T14:32,1.53
corupa,2026-10-07T14:33,1.53
corupa,2026-10-07T14:34,1.51
corupa,2026-10-07T14:35,1.51
corupa,2026-10-07T14:36,1.52
corupa,2026-10-07T14:37,1.52
corupa,2026-10-07T14:38,1.53
corupa,2026-10-07T14:39,1.51
corupa,2026-10-07T14:40,1.51
corupa,2026-10-07T14:41,1.52
corupa,2026-10-07T14:42,1.52
corupa,2026-10-07T14:43,1.51
corupa,2026-10-07T14:44,1.51
corupa,2026-10-07T14:45,1.51
corupa,2026-10-07T14:46,1.51
corupa,2026-10-07T14:47,1.52
nereu,2026-10-07T14:28,1.38
nereu,2026-10-07T14:29,1.39
nereu,2026-10-07T14:30,1.37
nereu,2026-10-07T14:31,1.38
nereu,2026-10-07T14:32,1.38
nereu,2026-10-07T14:33,1.38
nereu,2026-10-07T14:34,1.38
nereu,2026-10-07T14:35,1.37
nereu,2026-10-07T14:36,1.38
nereu,2026-10-07T14:37,1.37
nereu,2026-10-07T14:38,1.37
nereu,2026-10-07T14:39,1.37
nereu,2026-10-07T14:40,1.37
nereu,2026-10-07T14:41,1.38
nereu,2026-10-07T14:42,1.37
nereu,2026-10-07T14:43,1.37
nereu,2026-10-07T14:44,1.36
nereu,2026-10-07T14:45,1.36
nereu,2026-10-07T14:46,1.37
nereu,2026-10-07T14:47,1.36
eta,2026-10-07T14:28,2.1
eta,2026-10-07T14:29,2.11
eta,2026-10-07T14:30,2.1
eta,2026-10-07T14:31,2.1
eta,2026-10-07T14:32,2.11
eta,2026-10-07T14:33,2.1
eta,2026-10-07T14:34,2.11
eta,2026-10-07T14:35,2.1
eta,2026-10-07T14:36,2.1
eta,2026-10-07T14:37,2.1
eta,2026-10-07T14:38,2.08
eta,2026-10-07T14:39,2.1
eta,2026-10-07T14:40,2.09
eta,2026-10-07T14:41,2.09
eta,2026-10-07T14:42,2.09
eta,2026-10-07T14:43,2.1
eta,2026-10-07T14:44,2.1
eta,2026-10-07T14:45,2.09
eta,2026-10-07T14:46,2.08
eta,2026-10-07T14:47,2.09
via_verde,2026-10-07T14:28,2.49
via_verde,2026-10-07T14:29,2.48
via_verde,2026-10-07T14:30,2.49
via_verde,2026-10-07T14:31,2.48
via_verde,2026-10-07T14:32,2.47
via_verde,2026-10-07T14:33,2.46
via_verde,2026-10-07T14:34,2.48
via_verde,2026-10-07T14:35,2.48
via_verde,2026-10-07T14:36,2.47
via_verde,2026-10-07T14:37,2.48
via_verde,2026-10-07T14:38,2.46
via_verde,2026-10-07T14:39,2.46
via_verde,2026-10-07T14:40,2.46
via_verde,2026-10-07T14:41,2.46
via_verde,2026-10-07T14:42,2.46
via_verde,2026-10-07T14:43,2.46
via_verde,2026-10-07T14:44,2.46
via_verde,2026-10-07T14:45,2.45
via_verde,2026-10-07T14:46,2.46
via_verde,2026-10-07T14:47,2.45
corupa,2026-10-07T14:48,1.52
corupa,2026-10-07T14:49,1.48
nereu,2026-10-07T14:48,1.36
nereu,2026-10-07T14:49,1.36
eta,2026-10-07T14:48,2.09
eta,2026-10-07T14:49,2.08
via_verde,2026-10-07T14:48,2.44
via_verde,2026-10-07T14:49,2.47
corupa,2026-10-07T14:50,1.48
corupa,2026-10-07T14:51,1.51
corupa,2026-10-07T14:52,1.51
corupa,2026-10-07T14:53,1.51
corupa,2026-10-07T14:54,1.51
corupa,2026-10-07T14:55,1.48
corupa,2026-10-07T14:56,1.48
corupa,2026-10-07T14:57,1.5
corupa,2026-10-07T14:58,1.49
corupa,2026-10-07T14:59,1.49
corupa,2026-10-07T15:00,1.48
corupa,2026-10-07T15:01,1.48
corupa,2026-10-07T15:02,1.48
corupa,2026-10-07T15:03,1.48
corupa,2026-10-07T15:04,1.48
corupa,2026-10-07T15:05,1.48
nereu,2026-10-07T14:50,1.37
nereu,2026-10-07T14:51,1.36
nereu,2026-10-07T14:52,1.36
nereu,2026-10-07T14:53,1.36
nereu,2026-10-07T14:54,1.36
nereu,2026-10-07T14:55,1.36
nereu,2026-10-07T14:56,1.35
nereu,2026-10-07T14:57,1.35
nereu,2026-10-07T14:58,1.35
nereu,2026-10-07T14:59,1.34
nereu,2026-10-07T15:00,1.34
nereu,2026-10-07T15:01,1.34
nereu,2026-10-07T15:02,1.35
nereu,2026-10-07T15:03,1.34
nereu,2026-10-07T15:04,1.35
nereu,2026-10-07T15:05,1.34
eta,2026-10-07T14:50,2.08
eta,2026-10-07T14:51,2.08
eta,2026-10-07T14:52,2.08
eta,2026-10-07T14:53,2.08
eta,2026-10-07T14:54,2.09
eta,2026-10-07T14:55,2.07
eta,2026-10-07T14:56,2.08
eta,2026-10-07T14:57,2.08
eta,2026-10-07T14:58,2.08
eta,2026-10-07T14:59,2.07
eta,2026-10-07T15:00,2.07
eta,2026-10-07T15:01,2.07
eta,2026-10-07T15:02,2.07
eta,2026-10-07T15:03,2.06
eta,2026-10-07T15:04,2.07
eta,2026-10-07T15:05,2.07
via_verde,2026-10-07T14:50,2.44
via_verde,2026-10-07T14:51,2.45
via_verde,2026-10-07T14:52,2.44
via_verde,2026-10-07T14:53,2.43
via_verde,2026-10-07T14:54,2.43
via_verde,2026-10-07T14:55,2.44
via_verde,2026-10-07T14:56,2.43
via_verde,2026-10-07T14:57,2.42
via_verde,2026-10-07T14:58,2.43
via_verde,2026-10-07T14:59,2.42
via_verde,2026-10-07T15:00,2.43
via_verde,2026-10-07T15:01,2.42
via_verde,2026-10-07T15:02,2.42
via_verde,2026-10-07T15:03,2.41
via_verde,2026-10-07T15:04,2.42
via_verde,2026-10-07T15:05,2.43
corupa,2026-10-07T15:06,1.49
corupa,2026-10-07T15:07,1.49
corupa,2026-10-07T15:08,1.5
corupa,2026-10-07T15:09,1.5
corupa,2026-10-07T15:10,1.5
corupa,2026-10-07T15:11,1.49
corupa,2026-10-07T15:12,1.49
corupa,2026-10-07T15:13,1.48
corupa,2026-10-07T15:14,1.48
corupa,2026-10-07T15:15,1.47
corupa,2026-10-07T15:16,1.47
nereu,2026-10-07T15:06,1.34
nereu,2026-10-07T15:07,1.34
nereu,2026-10-07T15:08,1.33
nereu,2026-10-07T15:09,1.33
nereu,2026-10-07T15:10,1.33
nereu,2026-10-07T15:11,1.34
nereu,2026-10-07T15:12,1.33
nereu,2026-10-07T15:13,1.33
nereu,2026-10-07T15:14,1.33
nereu,2026-10-07T15:15,1.34
nereu,2026-10-07T15:16,1.33
eta,2026-10-07T15:06,2.06
eta,2026-10-07T15:07,2.06
eta,2026-10-07T15:08,2.07
eta,2026-10-07T15:09,2.06
eta,2026-10-07T15:10,2.07
eta,2026-10-07T15:11,2.05
eta,2026-10-07T15:12,2.06
eta,2026-10-07T15:13,2.06
eta,2026-10-07T15:14,2.06
eta,2026-10-07T15:15,2.06
eta,2026-10-07T15:16,2.05
via_verde,2026-10-07T15:06,2.41
via_verde,2026-10-07T15:07,2.4
via_verde,2026-10-07T15:08,2.41
via_verde,2026-10-07T15:09,2.39
via_verde,2026-10-07T15:10,2.41
via_verde,2026-10-07T15:11,2.4
via_verde,2026-10-07T15:12,2.42
via_verde,2026-10-07T15:13,2.41
via_verde,2026-10-07T15:14,2.39
via_verde,2026-10-07T15:15,2.39
via_verde,2026-10-07T15:16,2.38
corupa,2026-10-07T15:17,1.5
corupa,2026-10-07T15:18,1.5
corupa,2026-10-07T15:19,1.48
corupa,2026-10-07T15:20,1.48
corupa,2026-10-07T15:21,1.49
corupa,2026-10-07T15:22,1.49
corupa,2026-10-07T15:23,1.49
corupa,2026-10-07T15:24,1.48
corupa,2026-10-07T15:25,1.48
corupa,2026-10-07T15:26,1.48
nereu,2026-10-07T15:17,1.34
nereu,2026-10-07T15:18,1.33
nereu,2026-10-07T15:19,1.33
nereu,2026-10-07T15:20,1.33
nereu,2026-10-07T15:21,1.33
nereu,2026-10-07T15:22,1.32
nereu,2026-10-07T15:23,1.32
nereu,2026-10-07T15:24,1.32
nereu,2026-10-07T15:25,1.32
nereu,2026-10-07T15:26,1.31
eta,2026-10-07T15:17,2.06
eta,2026-10-07T15:18,2.05
eta,2026-10-07T15:19,2.05
eta,2026-10-07T15:20,2.05
eta,2026-10-07T15:21,2.05
eta,2026-10-07T15:22,2.05
eta,2026-10-07T15:23,2.05
eta,2026-10-07T15:24,2.05
eta,2026-10-07T15:25,2.05
eta,2026-10-07T15:26,2.04
via_verde,2026-10-07T15:17,2.39
via_verde,2026-10-07T15:18,2.37
via_verde,2026-10-07T15:19,2.37
via_verde,2026-10-07T15:20,2.38
via_verde,2026-10-07T15:21,2.38
via_verde,2026-10-07T15:22,2.37
via_verde,2026-10-07T15:23,2.37
via_verde,2026-10-07T15:24,2.38
via_verde,2026-10-07T15:25,2.38
via_verde,2026-10-07T15:26,2.36
corupa,2026-10-07T15:27,1.48
corupa,2026-10-07T15:28,1.47
corupa,2026-10-07T15:29,1.47
corupa,2026-10-07T15:30,1.49
corupa,2026-10-07T15:31,1.49
corupa,2026-10-07T15:32,1.48
corupa,2026-10-07T15:33,1.48
corupa,2026-10-07T15:34,1.48
corupa,2026-10-07T15:35,1.49
corupa,2026-10-07T15:36,1.49
nereu,2026-10-07T15:27,1.31
nereu,2026-10-07T15:28,1.32
nereu,2026-10-07T15:29,1.32
nereu,2026-10-07T15:30,1.32
nereu,2026-10-07T15:31,1.32
nereu,2026-10-07T15:32,1.32
nereu,2026-10-07T15:33,1.32
nereu,2026-10-07T15:34,1.32
nereu,2026-10-07T15:35,1.32
nereu,2026-10-07T15:36,1.32
eta,2026-10-07T15:27,2.03
eta,2026-10-07T15:28,2.05
eta,2026-10-07T15:29,2.03
eta,2026-10-07T15:30,2.04
eta,2026-10-07T15:31,2.05
eta,2026-10-07T15:32,2.05
eta,2026-10-07T15:33,2.02
eta,2026-10-07T15:34,2.02
eta,2026-10-07T15:35,2.03
eta,2026-10-07T15:36,2.04
via_verde,2026-10-07T15:27,2.36
via_verde,2026-10-07T15:28,2.37
via_verde,2026-10-07T15:29,2.36
via_verde,2026-10-07T15:30,2.36
via_verde,2026-10-07T15:31,2.35
via_verde,2026-10-07T15:32,2.35
via_verde,2026-10-07T15:33,2.34
via_verde,2026-10-07T15:34,2.33
via_verde,2026-10-07T15:35,2.36
via_verde,2026-10-07T15:36,2.34
corupa,2026-10-07T15:37,1.47
corupa,2026-10-07T15:38,1.47
corupa,2026-10-07T15:39,1.47
corupa,2026-10-07T15:40,1.47
corupa,2026-10-07T15:41,1.48
corupa,2026-10-07T15:42,1.48
corupa,2026-10-07T15:43,1.48
corupa,2026-10-07T15:44,1.44
corupa,2026-10-07T15:45,1.44
corupa,2026-10-07T15:46,1.46
nereu,2026-10-07T15:37,1.31
nereu,2026-10-07T15:38,1.31
nereu,2026-10-07T15:39,1.32
nereu,2026-10-07T15:40,1.31
nereu,2026-10-07T15:41,1.31
nereu,2026-10-07T15:42,1.31
nereu,2026-10-07T15:43,1.31
nereu,2026-10-07T15:44,1.3
nereu,2026-10-07T15:45,1.3
nereu,2026-10-07T15:46,1.3
eta,2026-10-07T15:37,2.02
eta,2026-10-07T15:38,2.02
eta,2026-10-07T15:39,2.02
eta,2026-10-07T15:40,2.03
eta,2026-10-07T15:41,2.02
eta,2026-10-07T15:42,2
eta,2026-10-07T15:43,2.02
eta,2026-10-07T15:44,2.02
eta,2026-10-07T15:45,2.02
eta,2026-10-07T15:46,2.02
via_verde,2026-10-07T15:37,2.34
via_verde,2026-10-07T15:38,2.36
via_verde,2026-10-07T15:39,2.35
via_verde,2026-10-07T15:40,2.33
via_verde,2026-10-07T15:41,2.32
via_verde,2026-10-07T15:42,2.33
via_verde,2026-10-07T15:43,2.33
via_verde,2026-10-07T15:44,2.32
via_verde,2026-10-07T15:45,2.34
via_verde,2026-10-07T15:46,2.33
corupa,2026-10-07T15:47,1.46
corupa,2026-10-07T15:48,1.47
corupa,2026-10-07T15:49,1.47
corupa,2026-10-07T15:50,1.46
corupa,2026-10-07T15:51,1.46
corupa,2026-10-07T15:52,1.44
corupa,2026-10-07T15:53,1.44
corupa,2026-10-07T15:54,1.45
corupa,2026-10-07T15:55,1.45
corupa,2026-10-07T15:56,1.46
nereu,2026-10-07T15:47,1.3
nereu,2026-10-07T15:48,1.3
nereu,2026-10-07T15:49,1.31
nereu,2026-10-07T15:50,1.3
nereu,2026-10-07T15:51,1.31
nereu,2026-10-07T15:52,1.31
nereu,2026-10-07T15:53,1.3
nereu,2026-10-07T15:54,1.29
nereu,2026-10-07T15:55,1.3
nereu,2026-10-07T15:56,1.3
eta,2026-10-07T15:47,2.01
eta,2026-10-07T15:48,2.02
eta,2026-10-07T15:49,2.02
eta,2026-10-07T15:50,2.01
eta,2026-10-07T15:51,2.01
eta,2026-10-07T15:52,2.01
eta,2026-10-07T15:53,2.01
eta,2026-10-07T15:54,2.01
eta,2026-10-07T15:55,2.01
eta,2026-10-07T15:56,2.01
via_verde,2026-10-07T15:47,2.34
via_verde,2026-10-07T15:48,2.33
via_verde,2026-10-07T15:49,2.32
via_verde,2026-10-07T15:50,2.33
via_verde,2026-10-07T15:51,2.34
via_verde,2026-10-07T15:52,2.32
via_verde,2026-10-07T15:53,2.33
via_verde,2026-10-07T15:54,2.32
via_verde,2026-10-07T15:55,2.33
via_verde,2026-10-07T15:56,2.32
corupa,2026-10-07T15:57,1.45
corupa,2026-10-07T15:58,1.45
corupa,2026-10-07T15:59,1.45
corupa,2026-10-07T16:00,1.45
corupa,2026-10-07T16:01,1.45
corupa,2026-10-07T16:02,1.45
corupa,2026-10-07T16:03,1.44
corupa,2026-10-07T16:04,1.44
corupa,2026-10-07T16:05,1.44
corupa,2026-10-07T16:06,1.44
nereu,2026-10-07T15:57,1.3
nereu,2026-10-07T15:58,1.29
nereu,2026-10-07T15:59,1.29
nereu,2026-10-07T16:00,1.29
nereu,2026-10-07T16:01,1.29
nereu,2026-10-07T16:02,1.29
nereu,2026-10-07T16:03,1.29
nereu,2026-10-07T16:04,1.29
nereu,2026-10-07T16:05,1.29
nereu,2026-10-07T16:06,1.29
eta,2026-10-07T15:57,2.01
eta,2026-10-07T15:58,2
eta,2026-10-07T15:59,2.01
eta,2026-10-07T16:00,2
eta,2026-10-07T16:01,2.01
eta,2026-10-07T16:02,2
eta,2026-10-07T16:03,2.01
eta,2026-10-07T16:04,2
eta,2026-10-07T16:05,2
eta,2026-10-07T16:06,2.01
via_verde,2026-10-07T15:57,2.31
via_verde,2026-10-07T15:58,2.31
via_verde,2026-10-07T15:59,2.32
via_verde,2026-10-07T16:00,2.29
via_verde,2026-10-07T16:01,2.32
via_verde,2026-10-07T16:02,2.3
via_verde,2026-10-07T16:03,2.31
via_verde,2026-10-07T16:04,2.3
via_verde,2026-10-07T16:05,2.31
via_verde,2026-10-07T16:06,2.29
corupa,2026-10-07T16:07,1.44
nereu,2026-10-07T16:07,1.3
eta,2026-10-07T16:07,1.99
via_verde,2026-10-07T16:07,2.29
corupa,2026-10-07T16:08,1.45
corupa,2026-10-07T16:09,1.45
corupa,2026-10-07T16:10,1.45
corupa,2026-10-07T16:11,1.45
corupa,2026-10-07T16:12,1.43
corupa,2026-10-07T16:13,1.43
corupa,2026-10-07T16:14,1.43
corupa,2026-10-07T16:15,1.43
corupa,2026-10-07T16:16,1.43
nereu,2026-10-07T16:08,1.29
nereu,2026-10-07T16:09,1.29
nereu,2026-10-07T16:10,1.29
nereu,2026-10-07T16:11,1.28
nereu,2026-10-07T16:12,1.28
nereu,2026-10-07T16:13,1.28
nereu,2026-10-07T16:14,1.28
nereu,2026-10-07T16:15,1.27
nereu,2026-10-07T16:16,1.29
eta,2026-10-07T16:08,1.99
eta,2026-10-07T16:09,1.99
eta,2026-10-07T16:10,1.99
eta,2026-10-07T16:11,1.99
eta,2026-10-07T16:12,1.99
eta,2026-10-07T16:13,2
eta,2026-10-07T16:14,1.99
eta,2026-10-07T16:15,1.98
eta,2026-10-07T16:16,1.99
via_verde,2026-10-07T16:08,2.28
via_verde,2026-10-07T16:09,2.3
via_verde,2026-10-07T16:10,2.29
via_verde,2026-10-07T16:11,2.29
via_verde,2026-10-07T16:12,2.29
via_verde,2026-10-07T16:13,2.28
via_verde,2026-10-07T16:14,2.29
via_verde,2026-10-07T16:15,2.26
via_verde,2026-10-07T16:16,2.28
corupa,2026-10-07T16:17,1.43
corupa,2026-10-07T16:18,1.43
corupa,2026-10-07T16:19,1.43
corupa,2026-10-07T16:20,1.43
corupa,2026-10-07T16:21,1.42
corupa,2026-10-07T16:22,1.42
corupa,2026-10-07T16:23,1.42
corupa,2026-10-07T16:24,1.43
corupa,2026-10-07T16:25,1.43
corupa,2026-10-07T16:26,1.42
nereu,2026-10-07T16:17,1.28
nereu,2026-10-07T16:18,1.28
nereu,2026-10-07T16:19,1.28
nereu,2026-10-07T16:20,1.28
nereu,2026-10-07T16:21,1.26
nereu,2026-10-07T16:22,1.28
nereu,2026-10-07T16:23,1.27
nereu,2026-10-07T16:24,1.27
nereu,2026-10-07T16:25,1.26
nereu,2026-10-07T16:26,1.28
eta,2026-10-07T16:17,1.99
eta,2026-10-07T16:18,1.99
eta,2026-10-07T16:19,1.98
eta,2026-10-07T16:20,1.97
eta,2026-10-07T16:21,1.97
eta,2026-10-07T16:22,1.99
eta,2026-10-07T16:23,1.98
eta,2026-10-07T16:24,1.97
eta,2026-10-07T16:25,1.98
eta,2026-10-07T16:26,1.96
via_verde,2026-10-07T16:17,2.28
via_verde,2026-10-07T16:18,2.28
via_verde,2026-10-07T16:19,2.27
via_verde,2026-10-07T16:20,2.24
via_verde,2026-10-07T16:21,2.28
via_verde,2026-10-07T16:22,2.27
via_verde,2026-10-07T16:23,2.27
via_verde,2026-10-07T16:24,2.25
via_verde,2026-10-07T16:25,2.26
via_verde,2026-10-07T16:26,2.25
corupa,2026-10-07T16:27,1.42
corupa,2026-10-07T16:28,1.43
corupa,2026-10-07T16:29,1.43
corupa,2026-10-07T16:30,1.4
corupa,2026-10-07T16:31,1.4
corupa,2026-10-07T16:32,1.4
corupa,2026-10-07T16:33,1.4
corupa,2026-10-07T16:34,1.43
corupa,2026-10-07T16:35,1.43
corupa,2026-10-07T16:36,1.43
nereu,2026-10-07T16:27,1.27
nereu,2026-10-07T16:28,1.26
nereu,2026-10-07T16:29,1.27
nereu,2026-10-07T16:30,1.27
nereu,2026-10-07T16:31,1.26
nereu,2026-10-07T16:32,1.26
nereu,2026-10-07T16:33,1.27
nereu,2026-10-07T16:34,1.26
nereu,2026-10-07T16:35,1.27
nereu,2026-10-07T16:36,1.26
eta,2026-10-07T16:27,1.96
eta,2026-10-07T16:28,1.97
eta,2026-10-07T16:29,1.97
eta,2026-10-07T16:30,1.97
eta,2026-10-07T16:31,1.97
eta,2026-10-07T16:32,1.97
eta,2026-10-07T16:33,1.99
eta,2026-10-07T16:34,1.96
eta,2026-10-07T16:35,1.96
eta,2026-10-07T16:36,1.96
via_verde,2026-10-07T16:27,2.25
via_verde,2026-10-07T16:28,2.24
via_verde,2026-10-07T16:29,2.25
via_verde,2026-10-07T16:30,2.24
via_verde,2026-10-07T16:31,2.25
via_verde,2026-10-07T16:32,2.24
via_verde,2026-10-07T16:33,2.23
via_verde,2026-10-07T16:34,2.26
via_verde,2026-10-07T16:35,2.25
via_verde,2026-10-07T16:36,2.24
corupa,2026-10-07T16:37,1.43
corupa,2026-10-07T16:38,1.43
corupa,2026-10-07T16:39,1.42
corupa,2026-10-07T16:40,1.42
corupa,2026-10-07T16:41,1.41
corupa,2026-10-07T16:42,1.41
corupa,2026-10-07T16:43,1.4
corupa,2026-10-07T16:44,1.4
corupa,2026-10-07T16:45,1.43
corupa,2026-10-07T16:46,1.43
nereu,2026-10-07T16:37,1.26
nereu,2026-10-07T16:38,1.26
nereu,2026-10-07T16:39,1.26
nereu,2026-10-07T16:40,1.26
nereu,2026-10-07T16:41,1.26
nereu,2026-10-07T16:42,1.25
nereu,2026-10-07T16:43,1.25
nereu,2026-10-07T16:44,1.26
nereu,2026-10-07T16:45,1.26
nereu,2026-10-07T16:46,1.25
eta,2026-10-07T16:37,1.97
eta,2026-10-07T16:38,1.96
eta,2026-10-07T16:39,1.96
eta,2026-10-07T16:40,1.96
eta,2026-10-07T16:41,1.97
eta,2026-10-07T16:42,1.97
eta,2026-10-07T16:43,1.97
eta,2026-10-07T16:44,1.96
eta,2026-10-07T16:45,1.95
eta,2026-10-07T16:46,1.96
via_verde,2026-10-07T16:37,2.23
via_verde,2026-10-07T16:38,2.23
via_verde,2026-10-07T16:39,2.23
via_verde,2026-10-07T16:40,2.23
via_verde,2026-10-07T16:41,2.22
via_verde,2026-10-07T16:42,2.23
via_verde,2026-10-07T16:43,2.22
via_verde,2026-10-07T16:44,2.23
via_verde,2026-10-07T16:45,2.23
via_verde,2026-10-07T16:46,2.23
corupa,2026-10-07T16:47,1.41
corupa,2026-10-07T16:48,1.41
corupa,2026-10-07T16:49,1.43
corupa,2026-10-07T16:50,1.42
corupa,2026-10-07T16:51,1.42
corupa,2026-10-07T16:52,1.42
corupa,2026-10-07T16:53,1.41
corupa,2026-10-07T16:54,1.43
corupa,2026-10-07T16:55,1.43
corupa,2026-10-07T16:56,1.44
nereu,2026-10-07T16:47,1.26
nereu,2026-10-07T16:48,1.25
nereu,2026-10-07T16:49,1.25
nereu,2026-10-07T16:50,1.25
nereu,2026-10-07T16:51,1.24
nereu,2026-10-07T16:52,1.25
nereu,2026-10-07T16:53,1.25
nereu,2026-10-07T16:54,1.25
nereu,2026-10-07T16:55,1.25
nereu,2026-10-07T16:56,1.25
eta,2026-10-07T16:47,1.95
eta,2026-10-07T16:48,1.95
eta,2026-10-07T16:49,1.95
eta,2026-10-07T16:50,1.95
eta,2026-10-07T16:51,1.96
eta,2026-10-07T16:52,1.96
eta,2026-10-07T16:53,1.95
eta,2026-10-07T16:54,1.94
eta,2026-10-07T16:55,1.94
eta,2026-10-07T16:56,1.95
via_verde,2026-10-07T16:47,2.21
via_verde,2026-10-07T16:48,2.22
via_verde,2026-10-07T16:49,2.2
via_verde,2026-10-07T16:50,2.21
via_verde,2026-10-07T16:51,2.22
via_verde,2026-10-07T16:52,2.21
via_verde,2026-10-07T16:53,2.22
via_verde,2026-10-07T16:54,2.19
via_verde,2026-10-07T16:55,2.19
via_verde,2026-10-07T16:56,2.22
corupa,2026-10-07T16:57,1.44
corupa,2026-10-07T16:58,1.42
corupa,2026-10-07T16:59,1.42
corupa,2026-10-07T17:00,1.4
corupa,2026-10-07T17:01,1.4
corupa,2026-10-07T17:02,1.41
corupa,2026-10-07T17:03,1.41
corupa,2026-10-07T17:04,1.4
corupa,2026-10-07T17:05,1.4
corupa,2026-10-07T17:06,1.38
nereu,2026-10-07T16:57,1.25
nereu,2026-10-07T16:58,1.24
nereu,2026-10-07T16:59,1.24
nereu,2026-10-07T17:00,1.24
nereu,2026-10-07T17:01,1.24
nereu,2026-10-07T17:02,1.24
nereu,2026-10-07T17:03,1.23
nereu,2026-10-07T17:04,1.23
nereu,2026-10-07T17:05,1.23
nereu,2026-10-07T17:06,1.23
eta,2026-10-07T16:57,1.94
eta,2026-10-07T16:58,1.95
eta,2026-10-07T16:59,1.95
eta,2026-10-07T17:00,1.94
eta,2026-10-07T17:01,1.94
eta,2026-10-07T17:02,1.94
eta,2026-10-07T17:03,1.94
eta,2026-10-07T17:04,1.94
eta,2026-10-07T17:05,1.94
eta,2026-10-07T17:06,1.93
via_verde,2026-10-07T16:57,2.22
via_verde,2026-10-07T16:58,2.18
via_verde,2026-10-07T16:59,2.21
via_verde,2026-10-07T17:00,2.21
via_verde,2026-10-07T17:01,2.2
via_verde,2026-10-07T17:02,2.19
via_verde,2026-10-07T17:03,2.19
via_verde,2026-10-07T17:04,2.19
via_verde,2026-10-07T17:05,2.19
via_verde,2026-10-07T17:06,2.18
corupa,2026-10-07T17:07,1.38
corupa,2026-10-07T17:08,1.42
corupa,2026-10-07T17:09,1.4
corupa,2026-10-07T17:10,1.4
corupa,2026-10-07T17:11,1.4
corupa,2026-10-07T17:12,1.4
corupa,2026-10-07T17:13,1.39
nereu,2026-10-07T17:07,1.23
nereu,2026-10-07T17:08,1.23
nereu,2026-10-07T17:09,1.23
nereu,2026-10-07T17:10,1.23
nereu,2026-10-07T17:11,1.23
nereu,2026-10-07T17:12,1.23
nereu,2026-10-07T17:13,1.23
eta,2026-10-07T17:07,1.94
eta,2026-10-07T17:08,1.93
eta,2026-10-07T17:09,1.94
eta,2026-10-07T17:10,1.93
eta,2026-10-07T17:11,1.94
eta,2026-10-07T17:12,1.94
eta,2026-10-07T17:13,1.93
via_verde,2026-10-07T17:07,2.18
via_verde,2026-10-07T17:08,2.17
via_verde,2026-10-07T17:09,2.18
via_verde,2026-10-07T17:10,2.17
via_verde,2026-10-07T17:11,2.17
via_verde,2026-10-07T17:12,2.18
via_verde,2026-10-07T17:13,2.18
corupa,2026-10-07T17:14,1.39
corupa,2026-10-07T17:15,1.4
corupa,2026-10-07T17:16,1.4
corupa,2026-10-07T17:17,1.42
corupa,2026-10-07T17:18,1.42
corupa,2026-10-07T17:19,1.41
corupa,2026-10-07T17:20,1.41
corupa,2026-10-07T17:21,1.41
corupa,2026-10-07T17:22,1.41
corupa,2026-10-07T17:23,1.4
corupa,2026-10-07T17:24,1.39
corupa,2026-10-07T17:25,1.39
corupa,2026-10-07T17:26,1.41
nereu,2026-10-07T17:14,1.24
nereu,2026-10-07T17:15,1.23
nereu,2026-10-07T17:16,1.23
nereu,2026-10-07T17:17,1.23
nereu,2026-10-07T17:18,1.23
nereu,2026-10-07T17:19,1.23
nereu,2026-10-07T17:20,1.23
nereu,2026-10-07T17:21,1.23
nereu,2026-10-07T17:22,1.22
nereu,2026-10-07T17:23,1.22
nereu,2026-10-07T17:24,1.23
nereu,2026-10-07T17:25,1.22
nereu,2026-10-07T17:26,1.21
eta,2026-10-07T17:14,1.93
eta,2026-10-07T17:15,1.93
eta,2026-10-07T17:16,1.92
eta,2026-10-07T17:17,1.93
eta,2026-10-07T17:18,1.93
eta,2026-10-07T17:19,1.93
eta,2026-10-07T17:20,1.92
eta,2026-10-07T17:21,1.92
eta,2026-10-07T17:22,1.91
eta,2026-10-07T17:23,1.93
eta,2026-10-07T17:24,1.92
eta,2026-10-07T17:25,1.91
eta,2026-10-07T17:26,1.91
via_verde,2026-10-07T17:14,2.17
via_verde,2026-10-07T17:15,2.17
via_verde,2026-10-07T17:16,2.17
via_verde,2026-10-07T17:17,2.16
via_verde,2026-10-07T17:18,2.16
via_verde,2026-10-07T17:19,2.16
via_verde,2026-10-07T17:20,2.16
via_verde,2026-10-07T17:21,2.15
via_verde,2026-10-07T17:22,2.17
via_verde,2026-10-07T17:23,2.18
via_verde,2026-10-07T17:24,2.17
via_verde,2026-10-07T17:25,2.16
via_verde,2026-10-07T17:26,2.15
corupa,2026-10-07T17:27,1.41
corupa,2026-10-07T17:28,1.4
corupa,2026-10-07T17:29,1.4
corupa,2026-10-07T17:30,1.4
corupa,2026-10-07T17:31,1.4
corupa,2026-10-07T17:32,1.4
corupa,2026-10-07T17:33,1.39
corupa,2026-10-07T17:34,1.39
corupa,2026-10-07T17:35,1.4
nereu,2026-10-07T17:27,1.23
nereu,2026-10-07T17:28,1.22
nereu,2026-10-07T17:29,1.21
nereu,2026-10-07T17:30,1.22
nereu,2026-10-07T17:31,1.22
nereu,2026-10-07T17:32,1.21
nereu,2026-10-07T17:33,1.22
nereu,2026-10-07T17:34,1.21
nereu,2026-10-07T17:35,1.22
eta,2026-10-07T17:27,1.91
eta,2026-10-07T17:28,1.92
eta,2026-10-07T17:29,1.91
eta,2026-10-07T17:30,1.91
eta,2026-10-07T17:31,1.91
eta,2026-10-07T17:32,1.9
eta,2026-10-07T17:33,1.91
eta,2026-10-07T17:34,1.91
eta,2026-10-07T17:35,1.9
via_verde,2026-10-07T17:27,2.16
via_verde,2026-10-07T17:28,2.15
via_verde,2026-10-07T17:29,2.14
via_verde,2026-10-07T17:30,2.15
via_verde,2026-10-07T17:31,2.16
via_verde,2026-10-07T17:32,2.14
via_verde,2026-10-07T17:33,2.14
via_verde,2026-10-07T17:34,2.15
via_verde,2026-10-07T17:35,2.15
corupa,2026-10-07T17:36,1.4
corupa,2026-10-07T17:37,1.39
corupa,2026-10-07T17:38,1.4
corupa,2026-10-07T17:39,1.4
corupa,2026-10-07T17:40,1.4
corupa,2026-10-07T17:41,1.4
corupa,2026-10-07T17:42,1.38
corupa,2026-10-07T17:43,1.38
corupa,2026-10-07T17:44,1.39
corupa,2026-10-07T17:45,1.39
corupa,2026-10-07T17:46,1.39
nereu,2026-10-07T17:36,1.21
nereu,2026-10-07T17:37,1.21
nereu,2026-10-07T17:38,1.21
nereu,2026-10-07T17:39,1.21
nereu,2026-10-07T17:40,1.21
nereu,2026-10-07T17:41,1.22
nereu,2026-10-07T17:42,1.21
nereu,2026-10-07T17:43,1.21
nereu,2026-10-07T17:44,1.2
nereu,2026-10-07T17:45,1.21
nereu,2026-10-07T17:46,1.21
eta,2026-10-07T17:36,1.9
eta,2026-10-07T17:37,1.91
eta,2026-10-07T17:38,1.9
eta,2026-10-07T17:39,1.9
eta,2026-10-07T17:40,1.91
eta,2026-10-07T17:41,1.9
eta,2026-10-07T17:42,1.91
eta,2026-10-07T17:43,1.9
eta,2026-10-07T17:44,1.89
eta,2026-10-07T17:45,1.89
eta,2026-10-07T17:46,1.89
via_verde,2026-10-07T17:36,2.12
via_verde,2026-10-07T17:37,2.12
via_verde,2026-10-07T17:38,2.15
via_verde,2026-10-07T17:39,2.13
via_verde,2026-10-07T17:40,2.14
via_verde,2026-10-07T17:41,2.13
via_verde,2026-10-07T17:42,2.14
via_verde,2026-10-07T17:43,2.12
via_verde,2026-10-07T17:44,2.12
via_verde,2026-10-07T17:45,2.14
via_verde,2026-10-07T17:46,2.13
corupa,2026-10-07T17:47,1.39
corupa,2026-10-07T17:48,1.36
corupa,2026-10-07T17:49,1.36
corupa,2026-10-07T17:50,1.35
corupa,2026-10-07T17:51,1.39
corupa,2026-10-07T17:52,1.39
corupa,2026-10-07T17:53,1.39
corupa,2026-10-07T17:54,1.39
corupa,2026-10-07T17:55,1.37
corupa,2026-10-07T17:56,1.37
corupa,2026-10-07T17:57,1.36
nereu,2026-10-07T17:47,1.2
nereu,2026-10-07T17:48,1.21
nereu,2026-10-07T17:49,1.21
nereu,2026-10-07T17:50,1.21
nereu,2026-10-07T17:51,1.2
nereu,2026-10-07T17:52,1.2
nereu,2026-10-07T17:53,1.21
nereu,2026-10-07T17:54,1.21
nereu,2026-10-07T17:55,1.21
nereu,2026-10-07T17:56,1.21
nereu,2026-10-07T17:57,1.2
eta,2026-10-07T17:47,1.89
eta,2026-10-07T17:48,1.89
eta,2026-10-07T17:49,1.89
eta,2026-10-07T17:50,1.89
eta,2026-10-07T17:51,1.88
eta,2026-10-07T17:52,1.89
eta,2026-10-07T17:53,1.89
eta,2026-10-07T17:54,1.89
eta,2026-10-07T17:55,1.89
eta,2026-10-07T17:56,1.89
eta,2026-10-07T17:57,1.87
via_verde,2026-10-07T17:47,2.12
via_verde,2026-10-07T17:48,2.13
via_verde,2026-10-07T17:49,2.13
via_verde,2026-10-07T17:50,2.13
via_verde,2026-10-07T17:51,2.11
via_verde,2026-10-07T17:52,2.11
via_verde,2026-10-07T17:53,2.12
via_verde,2026-10-07T17:54,2.11
via_verde,2026-10-07T17:55,2.13
via_verde,2026-10-07T17:56,2.11
via_verde,2026-10-07T17:57,2.12
corupa,2026-10-07T17:58,1.36
corupa,2026-10-07T17:59,1.38
corupa,2026-10-07T18:00,1.38
corupa,2026-10-07T18:01,1.37
corupa,2026-10-07T18:02,1.37
corupa,2026-10-07T18:03,1.37
corupa,2026-10-07T18:04,1.39
corupa,2026-10-07T18:05,1.39
corupa,2026-10-07T18:06,1.35
nereu,2026-10-07T17:58,1.2
nereu,2026-10-07T17:59,1.21
nereu,2026-10-07T18:00,1.2
nereu,2026-10-07T18:01,1.2
nereu,2026-10-07T18:02,1.2
nereu,2026-10-07T18:03,1.21
nereu,2026-10-07T18:04,1.2
nereu,2026-10-07T18:05,1.2
nereu,2026-10-07T18:06,1.2
eta,2026-10-07T17:58,1.89
eta,2026-10-07T17:59,1.88
eta,2026-10-07T18:00,1.88
eta,2026-10-07T18:01,1.88
eta,2026-10-07T18:02,1.89
eta,2026-10-07T18:03,1.88
eta,2026-10-07T18:04,1.88
eta,2026-10-07T18:05,1.88
eta,2026-10-07T18:06,1.87
via_verde,2026-10-07T17:58,2.11
via_verde,2026-10-07T17:59,2.11
via_verde,2026-10-07T18:00,2.1
via_verde,2026-10-07T18:01,2.1
via_verde,2026-10-07T18:02,2.1
via_verde,2026-10-07T18:03,2.1
via_verde,2026-10-07T18:04,2.08
via_verde,2026-10-07T18:05,2.1
via_verde,2026-10-07T18:06,2.1
corupa,2026-10-07T18:07,1.35
corupa,2026-10-07T18:08,1.36
corupa,2026-10-07T18:09,1.36
corupa,2026-10-07T18:10,1.36
corupa,2026-10-07T18:11,1.36
corupa,2026-10-07T18:12,1.35
corupa,2026-10-07T18:13,1.35
corupa,2026-10-07T18:14,1.38
corupa,2026-10-07T18:15,1.38
corupa,2026-10-07T18:16,1.36
nereu,2026-10-07T18:07,1.2
nereu,2026-10-07T18:08,1.2
nereu,2026-10-07T18:09,1.2
nereu,2026-10-07T18:10,1.2
nereu,2026-10-07T18:11,1.19
nereu,2026-10-07T18:12,1.2
nereu,2026-10-07T18:13,1.2
nereu,2026-10-07T18:14,1.19
nereu,2026-10-07T18:15,1.2
nereu,2026-10-07T18:16,1.19
eta,2026-10-07T18:07,1.87
eta,2026-10-07T18:08,1.88
eta,2026-10-07T18:09,1.87
eta,2026-10-07T18:10,1.88
eta,2026-10-07T18:11,1.85
eta,2026-10-07T18:12,1.87
eta,2026-10-07T18:13,1.88
eta,2026-10-07T18:14,1.86
eta,2026-10-07T18:15,1.86
eta,2026-10-07T18:16,1.87
via_verde,2026-10-07T18:07,2.1
via_verde,2026-10-07T18:08,2.09
via_verde,2026-10-07T18:09,2.08
via_verde,2026-10-07T18:10,2.09
via_verde,2026-10-07T18:11,2.09
via_verde,2026-10-07T18:12,2.09
via_verde,2026-10-07T18:13,2.09
via_verde,2026-10-07T18:14,2.07
via_verde,2026-10-07T18:15,2.07
via_verde,2026-10-07T18:16,2.07
corupa,2026-10-07T18:17,1.36
corupa,2026-10-07T18:18,1.37
corupa,2026-10-07T18:19,1.37
corupa,2026-10-07T18:20,1.36
corupa,2026-10-07T18:21,1.36
corupa,2026-10-07T18:22,1.34
corupa,2026-10-07T18:23,1.35
corupa,2026-10-07T18:24,1.35
corupa,2026-10-07T18:25,1.37
corupa,2026-10-07T18:26,1.37
nereu,2026-10-07T18:17,1.19
nereu,2026-10-07T18:18,1.2
nereu,2026-10-07T18:19,1.19
nereu,2026-10-07T18:20,1.19
nereu,2026-10-07T18:21,1.19
nereu,2026-10-07T18:22,1.18
nereu,2026-10-07T18:23,1.19
nereu,2026-10-07T18:24,1.19
nereu,2026-10-07T18:25,1.19
nereu,2026-10-07T18:26,1.18
eta,2026-10-07T18:17,1.86
eta,2026-10-07T18:18,1.87
eta,2026-10-07T18:19,1.86
eta,2026-10-07T18:20,1.86
eta,2026-10-07T18:21,1.85
eta,2026-10-07T18:22,1.86
eta,2026-10-07T18:23,1.86
eta,2026-10-07T18:24,1.87
eta,2026-10-07T18:25,1.85
eta,2026-10-07T18:26,1.85
via_verde,2026-10-07T18:17,2.08
via_verde,2026-10-07T18:18,2.08
via_verde,2026-10-07T18:19,2.06
via_verde,2026-10-07T18:20,2.08
via_verde,2026-10-07T18:21,2.08
via_verde,2026-10-07T18:22,2.08
via_verde,2026-10-07T18:23,2.08
via_verde,2026-10-07T18:24,2.07
via_verde,2026-10-07T18:25,2.08
via_verde,2026-10-07T18:26,2.06
corupa,2026-10-07T18:27,1.37
corupa,2026-10-07T18:28,1.37
corupa,2026-10-07T18:29,1.36
corupa,2026-10-07T18:30,1.36
corupa,2026-10-07T18:31,1.37
corupa,2026-10-07T18:32,1.37
corupa,2026-10-07T18:33,1.35
corupa,2026-10-07T18:34,1.35
corupa,2026-10-07T18:35,1.34
corupa,2026-10-07T18:36,1.35
corupa,2026-10-07T18:37,1.35
corupa,2026-10-07T18:38,1.36
corupa,2026-10-07T18:39,1.36
corupa,2026-10-07T18:40,1.35
corupa,2026-10-07T18:41,1.35
corupa,2026-10-07T18:42,1.36
corupa,2026-10-07T18:43,1.36
corupa,2026-10-07T18:44,1.34
corupa,2026-10-07T18:45,1.34
corupa,2026-10-07T18:46,1.32
corupa,2026-10-07T18:47,1.32
corupa,2026-10-07T18:48,1.35
corupa,2026-10-07T18:49,1.35
corupa,2026-10-07T18:50,1.35
corupa,2026-10-07T18:51,1.35
corupa,2026-10-07T18:52,1.35
corupa,2026-10-07T18:53,1.31
corupa,2026-10-07T18:54,1.31
corupa,2026-10-07T18:55,1.34
corupa,2026-10-07T18:56,1.34
corupa,2026-10-07T18:57,1.33
corupa,2026-10-07T18:58,1.34
corupa,2026-10-07T18:59,1.34
corupa,2026-10-07T19:00,1.35
corupa,2026-10-07T19:01,1.35
corupa,2026-10-07T19:02,1.34
corupa,2026-10-07T19:03,1.34
corupa,2026-10-07T19:04,1.34
corupa,2026-10-07T19:05,1.35
corupa,2026-10-07T19:06,1.35
corupa,2026-10-07T19:07,1.35
corupa,2026-10-07T19:08,1.35
corupa,2026-10-07T19:09,1.34
corupa,2026-10-07T19:10,1.34
corupa,2026-10-07T19:11,1.32
corupa,2026-10-07T19:12,1.32
corupa,2026-10-07T19:13,1.31
corupa,2026-10-07T19:14,1.31
corupa,2026-10-07T19:15,1.31
corupa,2026-10-07T19:16,1.34
corupa,2026-10-07T19:17,1.34
corupa,2026-10-07T19:18,1.32
corupa,2026-10-07T19:19,1.32
corupa,2026-10-07T19:20,1.3
corupa,2026-10-07T19:21,1.3
corupa,2026-10-07T19:22,1.3
corupa,2026-10-07T19:23,1.32
corupa,2026-10-07T19:24,1.32
corupa,2026-10-07T19:25,1.31
corupa,2026-10-07T19:26,1.31
corupa,2026-10-07T19:27,1.34
corupa,2026-10-07T19:28,1.34
corupa,2026-10-07T19:29,1.32
corupa,2026-10-07T19:30,1.32
corupa,2026-10-07T19:31,1.32
corupa,2026-10-07T19:32,1.34
corupa,2026-10-07T19:33,1.34
corupa,2026-10-07T19:34,1.32
corupa,2026-10-07T19:35,1.32
corupa,2026-10-07T19:36,1.32
corupa,2026-10-07T19:37,1.32
corupa,2026-10-07T19:38,1.32
corupa,2026-10-07T19:39,1.31
corupa,2026-10-07T19:40,1.31
corupa,2026-10-07T19:41,1.29
corupa,2026-10-07T19:42,1.29
corupa,2026-10-07T19:43,1.31
corupa,2026-10-07T19:44,1.34
corupa,2026-10-07T19:45,1.34
corupa,2026-10-07T19:46,1.31
corupa,2026-10-07T19:47,1.31
corupa,2026-10-07T19:48,1.3
corupa,2026-10-07T19:49,1.31
corupa,2026-10-07T19:50,1.31
corupa,2026-10-07T19:51,1.28
corupa,2026-10-07T19:52,1.28
corupa,2026-10-07T19:53,1.31
corupa,2026-10-07T19:54,1.32
corupa,2026-10-07T19:55,1.32
corupa,2026-10-07T19:56,1.32
corupa,2026-10-07T19:57,1.32
corupa,2026-10-07T19:58,1.31
corupa,2026-10-07T19:59,1.31
nereu,2026-10-07T18:27,1.19
nereu,2026-10-07T18:28,1.18
nereu,2026-10-07T18:29,1.19
nereu,2026-10-07T18:30,1.18
nereu,2026-10-07T18:31,1.18
nereu,2026-10-07T18:32,1.18
nereu,2026-10-07T18:33,1.18
nereu,2026-10-07T18:34,1.18
nereu,2026-10-07T18:35,1.18
nereu,2026-10-07T18:36,1.18
nereu,2026-10-07T18:37,1.18
nereu,2026-10-07T18:38,1.19
nereu,2026-10-07T18:39,1.18
nereu,2026-10-07T18:40,1.19
nereu,2026-10-07T18:41,1.18
nereu,2026-10-07T18:42,1.17
nereu,2026-10-07T18:43,1.18
nereu,2026-10-07T18:44,1.18
nereu,2026-10-07T18:45,1.18
nereu,2026-10-07T18:46,1.18
nereu,2026-10-07T18:47,1.17
nereu,2026-10-07T18:48,1.17
nereu,2026-10-07T18:49,1.18
nereu,2026-10-07T18:50,1.17
nereu,2026-10-07T18:51,1.17
nereu,2026-10-07T18:52,1.18
nereu,2026-10-07T18:53,1.17
nereu,2026-10-07T18:54,1.17
nereu,2026-10-07T18:55,1.17
nereu,2026-10-07T18:56,1.17
nereu,2026-10-07T18:57,1.16
nereu,2026-10-07T18:58,1.17
nereu,2026-10-07T18:59,1.16
nereu,2026-10-07T19:00,1.16
nereu,2026-10-07T19:01,1.17
nereu,2026-10-07T19:02,1.16
nereu,2026-10-07T19:03,1.17
nereu,2026-10-07T19:04,1.16
nereu,2026-10-07T19:05,1.16
nereu,2026-10-07T19:06,1.17
nereu,2026-10-07T19:07,1.17
nereu,2026-10-07T19:08,1.17
nereu,2026-10-07T19:09,1.16
nereu,2026-10-07T19:10,1.16
nereu,2026-10-07T19:11,1.16
nereu,2026-10-07T19:12,1.16
nereu,2026-10-07T19:13,1.16
nereu,2026-10-07T19:14,1.16
nereu,2026-10-07T19:15,1.16
nereu,2026-10-07T19:16,1.15
nereu,2026-10-07T19:17,1.15
nereu,2026-10-07T19:18,1.16
nereu,2026-10-07T19:19,1.15
nereu,2026-10-07T19:20,1.16
nereu,2026-10-07T19:21,1.15
nereu,2026-10-07T19:22,1.16
nereu,2026-10-07T19:23,1.16
nereu,2026-10-07T19:24,1.15
nereu,2026-10-07T19:25,1.15
nereu,2026-10-07T19:26,1.16
nereu,2026-10-07T19:27,1.15
nereu,2026-10-07T19:28,1.16
nereu,2026-10-07T19:29,1.15
nereu,2026-10-07T19:30,1.15
nereu,2026-10-07T19:31,1.14
nereu,2026-10-07T19:32,1.15
nereu,2026-10-07T19:33,1.14
nereu,2026-10-07T19:34,1.15
nereu,2026-10-07T19:35,1.15
nereu,2026-10-07T19:36,1.15
nereu,2026-10-07T19:37,1.15
nereu,2026-10-07T19:38,1.15
nereu,2026-10-07T19:39,1.14
nereu,2026-10-07T19:40,1.14
nereu,2026-10-07T19:41,1.14
nereu,2026-10-07T19:42,1.14
nereu,2026-10-07T19:43,1.14
nereu,2026-10-07T19:44,1.14
nereu,2026-10-07T19:45,1.14
nereu,2026-10-07T19:46,1.14
nereu,2026-10-07T19:47,1.14
nereu,2026-10-07T19:48,1.14
nereu,2026-10-07T19:49,1.14
nereu,2026-10-07T19:50,1.14
nereu,2026-10-07T19:51,1.14
nereu,2026-10-07T19:52,1.14
nereu,2026-10-07T19:53,1.14
nereu,2026-10-07T19:54,1.14
nereu,2026-10-07T19:55,1.14
nereu,2026-10-07T19:56,1.14
nereu,2026-10-07T19:57,1.14
nereu,2026-10-07T19:58,1.13
nereu,2026-10-07T19:59,1.14
eta,2026-10-07T18:27,1.85
eta,2026-10-07T18:28,1.85
eta,2026-10-07T18:29,1.85
eta,2026-10-07T18:30,1.85
eta,2026-10-07T18:31,1.86
eta,2026-10-07T18:32,1.85
eta,2026-10-07T18:33,1.85
eta,2026-10-07T18:34,1.86
eta,2026-10-07T18:35,1.85
eta,2026-10-07T18:36,1.85
eta,2026-10-07T18:37,1.84
eta,2026-10-07T18:38,1.84
eta,2026-10-07T18:39,1.84
eta,2026-10-07T18:40,1.85
eta,2026-10-07T18:41,1.84
eta,2026-10-07T18:42,1.84
eta,2026-10-07T18:43,1.84
eta,2026-10-07T18:44,1.85
eta,2026-10-07T18:45,1.84
eta,2026-10-07T18:46,1.83
eta,2026-10-07T18:47,1.84
eta,2026-10-07T18:48,1.83
eta,2026-10-07T18:49,1.83
eta,2026-10-07T18:50,1.84
eta,2026-10-07T18:51,1.83
eta,2026-10-07T18:52,1.83
eta,2026-10-07T18:53,1.83
eta,2026-10-07T18:54,1.83
eta,2026-10-07T18:55,1.84
eta,2026-10-07T18:56,1.84
eta,2026-10-07T18:57,1.83
eta,2026-10-07T18:58,1.83
eta,2026-10-07T18:59,1.83
eta,2026-10-07T19:00,1.83
eta,2026-10-07T19:01,1.83
eta,2026-10-07T19:02,1.83
eta,2026-10-07T19:03,1.82
eta,2026-10-07T19:04,1.82
eta,2026-10-07T19:05,1.82
eta,2026-10-07T19:06,1.81
eta,2026-10-07T19:07,1.82
eta,2026-10-07T19:08,1.82
eta,2026-10-07T19:09,1.83
eta,2026-10-07T19:10,1.82
eta,2026-10-07T19:11,1.81
eta,2026-10-07T19:12,1.82
eta,2026-10-07T19:13,1.82
eta,2026-10-07T19:14,1.81
eta,2026-10-07T19:15,1.82
eta,2026-10-07T19:16,1.81
eta,2026-10-07T19:17,1.81
eta,2026-10-07T19:18,1.82
eta,2026-10-07T19:19,1.81
eta,2026-10-07T19:20,1.81
eta,2026-10-07T19:21,1.81
eta,2026-10-07T19:22,1.81
eta,2026-10-07T19:23,1.81
eta,2026-10-07T19:24,1.79
eta,2026-10-07T19:25,1.81
eta,2026-10-07T19:26,1.81
eta,2026-10-07T19:27,1.8
eta,2026-10-07T19:28,1.8
eta,2026-10-07T19:29,1.81
eta,2026-10-07T19:30,1.81
eta,2026-10-07T19:31,1.81
eta,2026-10-07T19:32,1.8
eta,2026-10-07T19:33,1.81
eta,2026-10-07T19:34,1.8
eta,2026-10-07T19:35,1.8
eta,2026-10-07T19:36,1.79
eta,2026-10-07T19:37,1.79
eta,2026-10-07T19:38,1.8
eta,2026-10-07T19:39,1.8
eta,2026-10-07T19:40,1.79
eta,2026-10-07T19:41,1.78
eta,2026-10-07T19:42,1.8
eta,2026-10-07T19:43,1.79
eta,2026-10-07T19:44,1.78
eta,2026-10-07T19:45,1.79
eta,2026-10-07T19:46,1.79
eta,2026-10-07T19:47,1.79
eta,2026-10-07T19:48,1.78
eta,2026-10-07T19:49,1.78
eta,2026-10-07T19:50,1.79
eta,2026-10-07T19:51,1.79
eta,2026-10-07T19:52,1.78
eta,2026-10-07T19:53,1.78
eta,2026-10-07T19:54,1.78
eta,2026-10-07T19:55,1.78
eta,2026-10-07T19:56,1.78
eta,2026-10-07T19:57,1.78
eta,2026-10-07T19:58,1.78
eta,2026-10-07T19:59,1.78
via_verde,2026-10-07T18:27,2.08
via_verde,2026-10-07T18:28,2.07
via_verde,2026-10-07T18:29,2.05
via_verde,2026-10-07T18:30,2.06
via_verde,2026-10-07T18:31,2.04
via_verde,2026-10-07T18:32,2.04
via_verde,2026-10-07T18:33,2.06
via_verde,2026-10-07T18:34,2.06
via_verde,2026-10-07T18:35,2.05
via_verde,2026-10-07T18:36,2.06
via_verde,2026-10-07T18:37,2.05
via_verde,2026-10-07T18:38,2.04
via_verde,2026-10-07T18:39,2.05
via_verde,2026-10-07T18:40,2.06
via_verde,2026-10-07T18:41,2.05
via_verde,2026-10-07T18:42,2.03
via_verde,2026-10-07T18:43,2.05
via_verde,2026-10-07T18:44,2.03
via_verde,2026-10-07T18:45,2.04
via_verde,2026-10-07T18:46,2.05
via_verde,2026-10-07T18:47,2.04
via_verde,2026-10-07T18:48,2.04
via_verde,2026-10-07T18:49,2.03
via_verde,2026-10-07T18:50,2.03
via_verde,2026-10-07T18:51,2.04
via_verde,2026-10-07T18:52,2.03
via_verde,2026-10-07T18:53,2.03
via_verde,2026-10-07T18:54,2.03
via_verde,2026-10-07T18:55,2.01
via_verde,2026-10-07T18:56,2.03
via_verde,2026-10-07T18:57,2.02
via_verde,2026-10-07T18:58,2.03
via_verde,2026-10-07T18:59,2.04
via_verde,2026-10-07T19:00,2.01
via_verde,2026-10-07T19:01,2.02
via_verde,2026-10-07T19:02,2.02
via_verde,2026-10-07T19:03,2.02
via_verde,2026-10-07T19:04,2.02
via_verde,2026-10-07T19:05,2.01
via_verde,2026-10-07T19:06,2.01
via_verde,2026-10-07T19:07,2
via_verde,2026-10-07T19:08,2
via_verde,2026-10-07T19:09,1.99
via_verde,2026-10-07T19:10,2.01
via_verde,2026-10-07T19:11,2.01
via_verde,2026-10-07T19:12,2.01
via_verde,2026-10-07T19:13,2.01
via_verde,2026-10-07T19:14,2.01
via_verde,2026-10-07T19:15,2.01
via_verde,2026-10-07T19:16,2
via_verde,2026-10-07T19:17,1.99
via_verde,2026-10-07T19:18,2
via_verde,2026-10-07T19:19,2
via_verde,2026-10-07T19:20,1.98
via_verde,2026-10-07T19:21,1.99
via_verde,2026-10-07T19:22,1.99
via_verde,2026-10-07T19:23,1.98
via_verde,2026-10-07T19:24,1.99
via_verde,2026-10-07T19:25,1.98
via_verde,2026-10-07T19:26,1.98
via_verde,2026-10-07T19:27,1.99
via_verde,2026-10-07T19:28,1.97
via_verde,2026-10-07T19:29,1.98
via_verde,2026-10-07T19:30,1.98
via_verde,2026-10-07T19:31,1.99
via_verde,2026-10-07T19:32,1.97
via_verde,2026-10-07T19:33,1.96
via_verde,2026-10-07T19:34,1.97
via_verde,2026-10-07T19:35,1.98
via_verde,2026-10-07T19:36,1.98
via_verde,2026-10-07T19:37,1.97
via_verde,2026-10-07T19:38,1.97
via_verde,2026-10-07T19:39,1.98
via_verde,2026-10-07T19:40,1.97
via_verde,2026-10-07T19:41,1.96
via_verde,2026-10-07T19:42,1.95
via_verde,2026-10-07T19:43,1.96
via_verde,2026-10-07T19:44,1.96
via_verde,2026-10-07T19:45,1.96
via_verde,2026-10-07T19:46,1.94
via_verde,2026-10-07T19:47,1.97
via_verde,2026-10-07T19:48,1.96
via_verde,2026-10-07T19:49,1.96
via_verde,2026-10-07T19:50,1.96
via_verde,2026-10-07T19:51,1.96
via_verde,2026-10-07T19:52,1.96
via_verde,2026-10-07T19:53,1.96
via_verde,2026-10-07T19:54,1.97
via_verde,2026-10-07T19:55,1.95
via_verde,2026-10-07T19:56,1.95
via_verde,2026-10-07T19:57,1.95
via_verde,2026-10-07T19:58,1.95
via_verde,2026-10-07T19:59,1.95
corupa,2026-10-07T20:00,1.31
corupa,2026-10-07T20:01,1.31
corupa,2026-10-07T20:02,1.31
corupa,2026-10-07T20:03,1.31
corupa,2026-10-07T20:04,1.31
corupa,2026-10-07T20:05,1.3
corupa,2026-10-07T20:06,1.35
corupa,2026-10-07T20:07,1.35
corupa,2026-10-07T20:08,1.33
corupa,2026-10-07T20:09,1.33
corupa,2026-10-07T20:10,1.3
corupa,2026-10-07T20:11,1.28
corupa,2026-10-07T20:12,1.28
corupa,2026-10-07T20:13,1.27
corupa,2026-10-07T20:14,1.27
corupa,2026-10-07T20:15,1.27
corupa,2026-10-07T20:16,1.3
corupa,2026-10-07T20:17,1.3
corupa,2026-10-07T20:18,1.31
corupa,2026-10-07T20:19,1.31
corupa,2026-10-07T20:20,1.3
corupa,2026-10-07T20:21,1.29
corupa,2026-10-07T20:22,1.29
corupa,2026-10-07T20:23,1.28
corupa,2026-10-07T20:24,1.28
corupa,2026-10-07T20:25,1.27
corupa,2026-10-07T20:26,1.27
corupa,2026-10-07T20:27,1.27
corupa,2026-10-07T20:28,1.26
corupa,2026-10-07T20:29,1.31
corupa,2026-10-07T20:30,1.31
corupa,2026-10-07T20:31,1.31
corupa,2026-10-07T20:32,1.31
corupa,2026-10-07T20:33,1.3
corupa,2026-10-07T20:34,1.29
corupa,2026-10-07T20:35,1.29
corupa,2026-10-07T20:36,1.26
corupa,2026-10-07T20:37,1.3
corupa,2026-10-07T20:38,1.3
corupa,2026-10-07T20:39,1.23
corupa,2026-10-07T20:40,1.23
corupa,2026-10-07T20:41,1.28
corupa,2026-10-07T20:42,1.26
corupa,2026-10-07T20:43,1.26
corupa,2026-10-07T20:44,1.27
corupa,2026-10-07T20:45,1.27
corupa,2026-10-07T20:46,1.29
corupa,2026-10-07T20:47,1.26
corupa,2026-10-07T20:48,1.26
corupa,2026-10-07T20:49,1.27
corupa,2026-10-07T20:50,1.27
corupa,2026-10-07T20:51,1.26
corupa,2026-10-07T20:52,1.25
corupa,2026-10-07T20:53,1.25
corupa,2026-10-07T20:54,1.26
corupa,2026-10-07T20:55,1.26
corupa,2026-10-07T20:56,1.26
corupa,2026-10-07T20:57,1.29
corupa,2026-10-07T20:58,1.29
corupa,2026-10-07T20:59,1.29
corupa,2026-10-07T21:00,1.28
corupa,2026-10-07T21:01,1.28
corupa,2026-10-07T21:02,1.25
corupa,2026-10-07T21:03,1.26
corupa,2026-10-07T21:04,1.26
corupa,2026-10-07T21:05,1.28
corupa,2026-10-07T21:06,1.28
corupa,2026-10-07T21:07,1.26
corupa,2026-10-07T21:08,1.26
corupa,2026-10-07T21:09,1.26
corupa,2026-10-07T21:10,1.26
corupa,2026-10-07T21:11,1.26
corupa,2026-10-07T21:12,1.26
corupa,2026-10-07T21:13,1.29
corupa,2026-10-07T21:14,1.29
corupa,2026-10-07T21:15,1.27
corupa,2026-10-07T21:16,1.27
corupa,2026-10-07T21:17,1.25
nereu,2026-10-07T20:00,1.13
nereu,2026-10-07T20:01,1.13
nereu,2026-10-07T20:02,1.13
nereu,2026-10-07T20:03,1.14
nereu,2026-10-07T20:04,1.14
nereu,2026-10-07T20:05,1.12
nereu,2026-10-07T20:06,1.13
nereu,2026-10-07T20:07,1.13
nereu,2026-10-07T20:08,1.13
nereu,2026-10-07T20:09,1.13
nereu,2026-10-07T20:10,1.13
nereu,2026-10-07T20:11,1.12
nereu,2026-10-07T20:12,1.13
nereu,2026-10-07T20:13,1.12
nereu,2026-10-07T20:14,1.13
nereu,2026-10-07T20:15,1.13
nereu,2026-10-07T20:16,1.12
nereu,2026-10-07T20:17,1.12
nereu,2026-10-07T20:18,1.13
nereu,2026-10-07T20:19,1.13
nereu,2026-10-07T20:20,1.12
nereu,2026-10-07T20:21,1.12
nereu,2026-10-07T20:22,1.12
nereu,2026-10-07T20:23,1.12
nereu,2026-10-07T20:24,1.13
nereu,2026-10-07T20:25,1.13
nereu,2026-10-07T20:26,1.13
nereu,2026-10-07T20:27,1.13
nereu,2026-10-07T20:28,1.12
nereu,2026-10-07T20:29,1.12
nereu,2026-10-07T20:30,1.13
nereu,2026-10-07T20:31,1.12
nereu,2026-10-07T20:32,1.11
nereu,2026-10-07T20:33,1.12
nereu,2026-10-07T20:34,1.12
nereu,2026-10-07T20:35,1.12
nereu,2026-10-07T20:36,1.12
nereu,2026-10-07T20:37,1.11
nereu,2026-10-07T20:38,1.12
nereu,2026-10-07T20:39,1.11
nereu,2026-10-07T20:40,1.11
nereu,2026-10-07T20:41,1.12
nereu,2026-10-07T20:42,1.12
nereu,2026-10-07T20:43,1.12
nereu,2026-10-07T20:44,1.12
nereu,2026-10-07T20:45,1.11
nereu,2026-10-07T20:46,1.12
nereu,2026-10-07T20:47,1.12
nereu,2026-10-07T20:48,1.11
nereu,2026-10-07T20:49,1.11
nereu,2026-10-07T20:50,1.11
nereu,2026-10-07T20:51,1.11
nereu,2026-10-07T20:52,1.11
nereu,2026-10-07T20:53,1.11
nereu,2026-10-07T20:54,1.11
nereu,2026-10-07T20:55,1.11
nereu,2026-10-07T20:56,1.11
nereu,2026-10-07T20:57,1.11
nereu,2026-10-07T20:58,1.11
nereu,2026-10-07T20:59,1.11
nereu,2026-10-07T21:00,1.1
nereu,2026-10-07T21:01,1.11
nereu,2026-10-07T21:02,1.11
nereu,2026-10-07T21:03,1.11
nereu,2026-10-07T21:04,1.11
nereu,2026-10-07T21:05,1.1
nereu,2026-10-07T21:06,1.11
nereu,2026-10-07T21:07,1.11
nereu,2026-10-07T21:08,1.11
nereu,2026-10-07T21:09,1.11
nereu,2026-10-07T21:10,1.1
nereu,2026-10-07T21:11,1.1
nereu,2026-10-07T21:12,1.1
nereu,2026-10-07T21:13,1.11
nereu,2026-10-07T21:14,1.1
nereu,2026-10-07T21:15,1.1
nereu,2026-10-07T21:16,1.1
nereu,2026-10-07T21:17,1.1
eta,2026-10-07T20:00,1.78
eta,2026-10-07T20:01,1.78
eta,2026-10-07T20:02,1.77
eta,2026-10-07T20:03,1.78
eta,2026-10-07T20:04,1.78
eta,2026-10-07T20:05,1.76
eta,2026-10-07T20:06,1.77
eta,2026-10-07T20:07,1.77
eta,2026-10-07T20:08,1.77
eta,2026-10-07T20:09,1.77
eta,2026-10-07T20:10,1.77
eta,2026-10-07T20:11,1.77
eta,2026-10-07T20:12,1.77
eta,2026-10-07T20:13,1.77
eta,2026-10-07T20:14,1.76
eta,2026-10-07T20:15,1.77
eta,2026-10-07T20:16,1.76
eta,2026-10-07T20:17,1.77
eta,2026-10-07T20:18,1.76
eta,2026-10-07T20:19,1.75
eta,2026-10-07T20:20,1.76
eta,2026-10-07T20:21,1.75
eta,2026-10-07T20:22,1.76
eta,2026-10-07T20:23,1.75
eta,2026-10-07T20:24,1.76
eta,2026-10-07T20:25,1.74
eta,2026-10-07T20:26,1.76
eta,2026-10-07T20:27,1.75
eta,2026-10-07T20:28,1.75
eta,2026-10-07T20:29,1.76
eta,2026-10-07T20:30,1.75
eta,2026-10-07T20:31,1.75
eta,2026-10-07T20:32,1.75
eta,2026-10-07T20:33,1.74
eta,2026-10-07T20:34,1.75
eta,2026-10-07T20:35,1.74
eta,2026-10-07T20:36,1.75
eta,2026-10-07T20:37,1.75
eta,2026-10-07T20:38,1.75
eta,2026-10-07T20:39,1.74
eta,2026-10-07T20:40,1.74
eta,2026-10-07T20:41,1.74
eta,2026-10-07T20:42,1.74
eta,2026-10-07T20:43,1.74
eta,2026-10-07T20:44,1.74
eta,2026-10-07T20:45,1.74
eta,2026-10-07T20:46,1.74
eta,2026-10-07T20:47,1.74
eta,2026-10-07T20:48,1.73
eta,2026-10-07T20:49,1.74
eta,2026-10-07T20:50,1.74
eta,2026-10-07T20:51,1.73
eta,2026-10-07T20:52,1.74
eta,2026-10-07T20:53,1.73
eta,2026-10-07T20:54,1.74
eta,2026-10-07T20:55,1.73
eta,2026-10-07T20:56,1.73
eta,2026-10-07T20:57,1.73
eta,2026-10-07T20:58,1.73
eta,2026-10-07T20:59,1.72
eta,2026-10-07T21:00,1.72
eta,2026-10-07T21:01,1.72
eta,2026-10-07T21:02,1.73
eta,2026-10-07T21:03,1.72
eta,2026-10-07T21:04,1.72
eta,2026-10-07T21:05,1.72
eta,2026-10-07T21:06,1.72
eta,2026-10-07T21:07,1.71
eta,2026-10-07T21:08,1.73
eta,2026-10-07T21:09,1.73
eta,2026-10-07T21:10,1.73
eta,2026-10-07T21:11,1.72
eta,2026-10-07T21:12,1.72
eta,2026-10-07T21:13,1.72
eta,2026-10-07T21:14,1.72
eta,2026-10-07T21:15,1.71
eta,2026-10-07T21:16,1.71
eta,2026-10-07T21:17,1.72
via_verde,2026-10-07T20:00,1.94
via_verde,2026-10-07T20:01,1.94
via_verde,2026-10-07T20:02,1.93
via_verde,2026-10-07T20:03,1.95
via_verde,2026-10-07T20:04,1.95
via_verde,2026-10-07T20:05,1.94
via_verde,2026-10-07T20:06,1.94
via_verde,2026-10-07T20:07,1.93
via_verde,2026-10-07T20:08,1.94
via_verde,2026-10-07T20:09,1.93
via_verde,2026-10-07T20:10,1.92
via_verde,2026-10-07T20:11,1.93
via_verde,2026-10-07T20:12,1.93
via_verde,2026-10-07T20:13,1.93
via_verde,2026-10-07T20:14,1.93
via_verde,2026-10-07T20:15,1.94
via_verde,2026-10-07T20:16,1.93
via_verde,2026-10-07T20:17,1.93
via_verde,2026-10-07T20:18,1.93
via_verde,2026-10-07T20:19,1.91
via_verde,2026-10-07T20:20,1.93
via_verde,2026-10-07T20:21,1.92
via_verde,2026-10-07T20:22,1.92
via_verde,2026-10-07T20:23,1.91
via_verde,2026-10-07T20:24,1.92
via_verde,2026-10-07T20:25,1.92
via_verde,2026-10-07T20:26,1.93
via_verde,2026-10-07T20:27,1.92
via_verde,2026-10-07T20:28,1.92
via_verde,2026-10-07T20:29,1.91
via_verde,2026-10-07T20:30,1.91
via_verde,2026-10-07T20:31,1.91
via_verde,2026-10-07T20:32,1.92
via_verde,2026-10-07T20:33,1.91
via_verde,2026-10-07T20:34,1.91
via_verde,2026-10-07T20:35,1.92
via_verde,2026-10-07T20:36,1.91
via_verde,2026-10-07T20:37,1.9
via_verde,2026-10-07T20:38,1.91
via_verde,2026-10-07T20:39,1.91
via_verde,2026-10-07T20:40,1.9
via_verde,2026-10-07T20:41,1.9
via_verde,2026-10-07T20:42,1.91
via_verde,2026-10-07T20:43,1.92
via_verde,2026-10-07T20:44,1.9
via_verde,2026-10-07T20:45,1.91
via_verde,2026-10-07T20:46,1.89
via_verde,2026-10-07T20:47,1.89
via_verde,2026-10-07T20:48,1.89
via_verde,2026-10-07T20:49,1.91
via_verde,2026-10-07T20:50,1.88
via_verde,2026-10-07T20:51,1.89
via_verde,2026-10-07T20:52,1.9
via_verde,2026-10-07T20:53,1.89
via_verde,2026-10-07T20:54,1.89
via_verde,2026-10-07T20:55,1.88
via_verde,2026-10-07T20:56,1.88
via_verde,2026-10-07T20:57,1.87
via_verde,2026-10-07T20:58,1.88
via_verde,2026-10-07T20:59,1.88
via_verde,2026-10-07T21:00,1.88
via_verde,2026-10-07T21:01,1.88
via_verde,2026-10-07T21:02,1.88
via_verde,2026-10-07T21:03,1.88
via_verde,2026-10-07T21:04,1.88
via_verde,2026-10-07T21:05,1.88
via_verde,2026-10-07T21:06,1.88
via_verde,2026-10-07T21:07,1.87
via_verde,2026-10-07T21:08,1.88
via_verde,2026-10-07T21:09,1.88
via_verde,2026-10-07T21:10,1.88
via_verde,2026-10-07T21:11,1.88
via_verde,2026-10-07T21:12,1.88
via_verde,2026-10-07T21:13,1.88
via_verde,2026-10-07T21:14,1.87
via_verde,2026-10-07T21:15,1.87
via_verde,2026-10-07T21:16,1.86
via_verde,2026-10-07T21:17,1.87
corupa,2026-10-07T21:18,1.25
corupa,2026-10-07T21:19,1.26
corupa,2026-10-07T21:20,1.26
corupa,2026-10-07T21:21,1.27
corupa,2026-10-07T21:22,1.24
corupa,2026-10-07T21:23,1.24
corupa,2026-10-07T21:24,1.26
corupa,2026-10-07T21:25,1.26
corupa,2026-10-07T21:26,1.25
corupa,2026-10-07T21:27,1.24
corupa,2026-10-07T21:28,1.24
corupa,2026-10-07T21:29,1.25
corupa,2026-10-07T21:30,1.25
corupa,2026-10-07T21:31,1.25
corupa,2026-10-07T21:32,1.23
corupa,2026-10-07T21:33,1.26
corupa,2026-10-07T21:34,1.26
corupa,2026-10-07T21:35,1.25
corupa,2026-10-07T21:36,1.25
corupa,2026-10-07T21:37,1.25
corupa,2026-10-07T21:38,1.25
corupa,2026-10-07T21:39,1.24
corupa,2026-10-07T21:40,1.24
corupa,2026-10-07T21:41,1.24
corupa,2026-10-07T21:42,1.26
corupa,2026-10-07T21:43,1.26
corupa,2026-10-07T21:44,1.24
corupa,2026-10-07T21:45,1.24
corupa,2026-10-07T21:46,1.23
corupa,2026-10-07T21:47,1.23
corupa,2026-10-07T21:48,1.24
corupa,2026-10-07T21:49,1.23
corupa,2026-10-07T21:50,1.23
corupa,2026-10-07T21:51,1.25
corupa,2026-10-07T21:52,1.25
corupa,2026-10-07T21:53,1.25
corupa,2026-10-07T21:54,1.24
corupa,2026-10-07T21:55,1.24
corupa,2026-10-07T21:56,1.23
corupa,2026-10-07T21:57,1.25
corupa,2026-10-07T21:58,1.25
corupa,2026-10-07T21:59,1.24
corupa,2026-10-07T22:00,1.22
corupa,2026-10-07T22:01,1.22
corupa,2026-10-07T22:02,1.22
corupa,2026-10-07T22:03,1.22
corupa,2026-10-07T22:04,1.24
corupa,2026-10-07T22:05,1.22
corupa,2026-10-07T22:06,1.22
corupa,2026-10-07T22:07,1.22
corupa,2026-10-07T22:08,1.22
corupa,2026-10-07T22:09,1.22
corupa,2026-10-07T22:10,1.22
corupa,2026-10-07T22:11,1.22
corupa,2026-10-07T22:12,1.22
corupa,2026-10-07T22:13,1.22
corupa,2026-10-07T22:14,1.22
corupa,2026-10-07T22:15,1.22
corupa,2026-10-07T22:16,1.22
corupa,2026-10-07T22:17,1.21
corupa,2026-10-07T22:18,1.19
corupa,2026-10-07T22:19,1.19
corupa,2026-10-07T22:20,1.23
corupa,2026-10-07T22:21,1.23
corupa,2026-10-07T22:22,1.23
corupa,2026-10-07T22:23,1.22
corupa,2026-10-07T22:24,1.22
corupa,2026-10-07T22:25,1.22
corupa,2026-10-07T22:26,1.17
corupa,2026-10-07T22:27,1.17
corupa,2026-10-07T22:28,1.22
corupa,2026-10-07T22:29,1.21
corupa,2026-10-07T22:30,1.21
corupa,2026-10-07T22:31,1.21
corupa,2026-10-07T22:32,1.21
corupa,2026-10-07T22:33,1.23
corupa,2026-10-07T22:34,1.2
corupa,2026-10-07T22:35,1.2
corupa,2026-10-07T22:36,1.2
corupa,2026-10-07T22:37,1.21
corupa,2026-10-07T22:38,1.21
corupa,2026-10-07T22:39,1.18
corupa,2026-10-07T22:40,1.2
corupa,2026-10-07T22:41,1.2
corupa,2026-10-07T22:42,1.21
corupa,2026-10-07T22:43,1.21
corupa,2026-10-07T22:44,1.21
corupa,2026-10-07T22:45,1.18
corupa,2026-10-07T22:46,1.18
corupa,2026-10-07T22:47,1.21
corupa,2026-10-07T22:48,1.21
corupa,2026-10-07T22:49,1.21
corupa,2026-10-07T22:50,1.19
corupa,2026-10-07T22:51,1.19
corupa,2026-10-07T22:52,1.2
corupa,2026-10-07T22:53,1.21
corupa,2026-10-07T22:54,1.21
corupa,2026-10-07T22:55,1.18
corupa,2026-10-07T22:56,1.22
corupa,2026-10-07T22:57,1.22
corupa,2026-10-07T22:58,1.2
corupa,2026-10-07T22:59,1.2
corupa,2026-10-07T23:00,1.23
corupa,2026-10-07T23:01,1.19
corupa,2026-10-07T23:02,1.19
corupa,2026-10-07T23:03,1.18
corupa,2026-10-07T23:04,1.18
corupa,2026-10-07T23:05,1.18
corupa,2026-10-07T23:06,1.2
corupa,2026-10-07T23:07,1.2
corupa,2026-10-07T23:08,1.19
corupa,2026-10-07T23:09,1.19
corupa,2026-10-07T23:10,1.19
corupa,2026-10-07T23:11,1.2
corupa,2026-10-07T23:12,1.2
corupa,2026-10-07T23:13,1.2
corupa,2026-10-07T23:14,1.2
corupa,2026-10-07T23:15,1.2
corupa,2026-10-07T23:16,1.2
corupa,2026-10-07T23:17,1.18
corupa,2026-10-07T23:18,1.18
corupa,2026-10-07T23:19,1.18
corupa,2026-10-07T23:20,1.19
corupa,2026-10-07T23:21,1.19
corupa,2026-10-07T23:22,1.19
corupa,2026-10-07T23:23,1.17
corupa,2026-10-07T23:24,1.17
corupa,2026-10-07T23:25,1.2
corupa,2026-10-07T23:26,1.2
corupa,2026-10-07T23:27,1.2
corupa,2026-10-07T23:28,1.2
corupa,2026-10-07T23:29,1.19
corupa,2026-10-07T23:30,1.19
corupa,2026-10-07T23:31,1.19
corupa,2026-10-07T23:32,1.19
corupa,2026-10-07T23:33,1.19
corupa,2026-10-07T23:34,1.18
corupa,2026-10-07T23:35,1.18
corupa,2026-10-07T23:36,1.18
corupa,2026-10-07T23:37,1.19
corupa,2026-10-07T23:38,1.21
corupa,2026-10-07T23:39,1.21
corupa,2026-10-07T23:40,1.16
corupa,2026-10-07T23:41,1.16
corupa,2026-10-07T23:42,1.19
corupa,2026-10-07T23:43,1.18
corupa,2026-10-07T23:44,1.18
corupa,2026-10-07T23:45,1.16
corupa,2026-10-07T23:46,1.18
corupa,2026-10-07T23:47,1.18
corupa,2026-10-07T23:48,1.16
corupa,2026-10-07T23:49,1.17
corupa,2026-10-07T23:50,1.17
corupa,2026-10-07T23:51,1.17
corupa,2026-10-07T23:52,1.17
corupa,2026-10-07T23:53,1.17
corupa,2026-10-07T23:54,1.17
corupa,2026-10-07T23:55,1.14
corupa,2026-10-07T23:56,1.14
corupa,2026-10-07T23:57,1.16
corupa,2026-10-07T23:58,1.18
corupa,2026-10-07T23:59,1.18
corupa,2026-10-08T00:00,1.16
corupa,2026-10-08T00:01,1.16
corupa,2026-10-08T00:02,1.18
corupa,2026-10-08T00:03,1.16
corupa,2026-10-08T00:04,1.16
corupa,2026-10-08T00:05,1.16
corupa,2026-10-08T00:06,1.17
corupa,2026-10-08T00:07,1.17
corupa,2026-10-08T00:08,1.17
corupa,2026-10-08T00:09,1.17
corupa,2026-10-08T00:10,1.17
corupa,2026-10-08T00:11,1.16
corupa,2026-10-08T00:12,1.16
corupa,2026-10-08T00:13,1.18
corupa,2026-10-08T00:14,1.17
corupa,2026-10-08T00:15,1.17
corupa,2026-10-08T00:16,1.17
corupa,2026-10-08T00:17,1.17
corupa,2026-10-08T00:18,1.17
corupa,2026-10-08T00:19,1.16
corupa,2026-10-08T00:20,1.12
corupa,2026-10-08T00:21,1.12
corupa,2026-10-08T00:22,1.17
corupa,2026-10-08T00:23,1.17
corupa,2026-10-08T00:24,1.15
corupa,2026-10-08T00:25,1.17
corupa,2026-10-08T00:26,1.17
corupa,2026-10-08T00:27,1.16
corupa,2026-10-08T00:28,1.17
corupa,2026-10-08T00:29,1.17
corupa,2026-10-08T00:30,1.17
corupa,2026-10-08T00:31,1.17
corupa,2026-10-08T00:32,1.13
corupa,2026-10-08T00:33,1.16
corupa,2026-10-08T00:34,1.16
corupa,2026-10-08T00:35,1.14
corupa,2026-10-08T00:36,1.15
corupa,2026-10-08T00:37,1.15
corupa,2026-10-08T00:38,1.14
corupa,2026-10-08T00:39,1.14
corupa,2026-10-08T00:40,1.14
corupa,2026-10-08T00:41,1.14
corupa,2026-10-08T00:42,1.15
corupa,2026-10-08T00:43,1.15
corupa,2026-10-08T00:44,1.14
corupa,2026-10-08T00:45,1.13
corupa,2026-10-08T00:46,1.13
corupa,2026-10-08T00:47,1.15
corupa,2026-10-08T00:48,1.15
corupa,2026-10-08T00:49,1.15
corupa,2026-10-08T00:50,1.17
corupa,2026-10-08T00:51,1.17
corupa,2026-10-08T00:52,1.16
corupa,2026-10-08T00:53,1.15
corupa,2026-10-08T00:54,1.15
corupa,2026-10-08T00:55,1.14
corupa,2026-10-08T00:56,1.14
corupa,2026-10-08T00:57,1.13
corupa,2026-10-08T00:58,1.14
corupa,2026-10-08T00:59,1.14
corupa,2026-10-08T01:00,1.13
corupa,2026-10-08T01:01,1.13
corupa,2026-10-08T01:02,1.15
corupa,2026-10-08T01:03,1.14
corupa,2026-10-08T01:04,1.14
corupa,2026-10-08T01:05,1.14
corupa,2026-10-08T01:06,1.13
corupa,2026-10-08T01:07,1.13
corupa,2026-10-08T01:08,1.14
corupa,2026-10-08T01:09,1.14
corupa,2026-10-08T01:10,1.14
corupa,2026-10-08T01:11,1.14
corupa,2026-10-08T01:12,1.15
corupa,2026-10-08T01:13,1.15
corupa,2026-10-08T01:14,1.13
corupa,2026-10-08T01:15,1.13
corupa,2026-10-08T01:16,1.13
corupa,2026-10-08T01:17,1.14
corupa,2026-10-08T01:18,1.14
corupa,2026-10-08T01:19,1.14
corupa,2026-10-08T01:20,1.14
corupa,2026-10-08T01:21,1.14
corupa,2026-10-08T01:22,1.14
corupa,2026-10-08T01:23,1.14
corupa,2026-10-08T01:24,1.14
corupa,2026-10-08T01:25,1.11
corupa,2026-10-08T01:26,1.12
corupa,2026-10-08T01:27,1.12
corupa,2026-10-08T01:28,1.13
corupa,2026-10-08T01:29,1.13
corupa,2026-10-08T01:30,1.12
corupa,2026-10-08T01:31,1.12
corupa,2026-10-08T01:32,1.12
corupa,2026-10-08T01:33,1.13
corupa,2026-10-08T01:34,1.09
corupa,2026-10-08T01:35,1.09
corupa,2026-10-08T01:36,1.12
corupa,2026-10-08T01:37,1.12
corupa,2026-10-08T01:38,1.13
corupa,2026-10-08T01:39,1.13
corupa,2026-10-08T01:40,1.13
corupa,2026-10-08T01:41,1.1
corupa,2026-10-08T01:42,1.1
corupa,2026-10-08T01:43,1.13
corupa,2026-10-08T01:44,1.12
corupa,2026-10-08T01:45,1.12
corupa,2026-10-08T01:46,1.11
corupa,2026-10-08T01:47,1.11
corupa,2026-10-08T01:48,1.12
corupa,2026-10-08T01:49,1.12
corupa,2026-10-08T01:50,1.12
corupa,2026-10-08T01:51,1.11
corupa,2026-10-08T01:52,1.11
corupa,2026-10-08T01:53,1.12
corupa,2026-10-08T01:54,1.13
corupa,2026-10-08T01:55,1.13
corupa,2026-10-08T01:56,1.13
corupa,2026-10-08T01:57,1.12
corupa,2026-10-08T01:58,1.12
corupa,2026-10-08T01:59,1.12
corupa,2026-10-08T02:00,1.12
corupa,2026-10-08T02:01,1.12
corupa,2026-10-08T02:02,1.12
corupa,2026-10-08T02:03,1.12
corupa,2026-10-08T02:04,1.12
corupa,2026-10-08T02:05,1.12
corupa,2026-10-08T02:06,1.12
corupa,2026-10-08T02:07,1.12
corupa,2026-10-08T02:08,1.09
corupa,2026-10-08T02:09,1.09
corupa,2026-10-08T02:10,1.11
corupa,2026-10-08T02:11,1.12
corupa,2026-10-08T02:12,1.12
corupa,2026-10-08T02:13,1.12
corupa,2026-10-08T02:14,1.13
corupa,2026-10-08T02:15,1.13
corupa,2026-10-08T02:16,1.13
corupa,2026-10-08T02:17,1.1
corupa,2026-10-08T02:18,1.1
corupa,2026-10-08T02:19,1.11
corupa,2026-10-08T02:20,1.11
corupa,2026-10-08T02:21,1.09
corupa,2026-10-08T02:22,1.09
corupa,2026-10-08T02:23,1.09
corupa,2026-10-08T02:24,1.08
corupa,2026-10-08T02:25,1.08
corupa,2026-10-08T02:26,1.11
corupa,2026-10-08T02:27,1.12
corupa,2026-10-08T02:28,1.12
corupa,2026-10-08T02:29,1.12
corupa,2026-10-08T02:30,1.12
corupa,2026-10-08T02:31,1.12
corupa,2026-10-08T02:32,1.12
corupa,2026-10-08T02:33,1.12
corupa,2026-10-08T02:34,1.08
corupa,2026-10-08T02:35,1.1
corupa,2026-10-08T02:36,1.1
corupa,2026-10-08T02:37,1.09
corupa,2026-10-08T02:38,1.09
corupa,2026-10-08T02:39,1.09
corupa,2026-10-08T02:40,1.09
corupa,2026-10-08T02:41,1.09
corupa,2026-10-08T02:42,1.09
nereu,2026-10-07T21:18,1.1
nereu,2026-10-07T21:19,1.1
nereu,2026-10-07T21:20,1.11
nereu,2026-10-07T21:21,1.1
nereu,2026-10-07T21:22,1.1
nereu,2026-10-07T21:23,1.11
nereu,2026-10-07T21:24,1.1
nereu,2026-10-07T21:25,1.1
nereu,2026-10-07T21:26,1.1
nereu,2026-10-07T21:27,1.1
nereu,2026-10-07T21:28,1.1
nereu,2026-10-07T21:29,1.1
nereu,2026-10-07T21:30,1.1
nereu,2026-10-07T21:31,1.1
nereu,2026-10-07T21:32,1.09
nereu,2026-10-07T21:33,1.1
nereu,2026-10-07T21:34,1.09
nereu,2026-10-07T21:35,1.09
nereu,2026-10-07T21:36,1.09
nereu,2026-10-07T21:37,1.09
nereu,2026-10-07T21:38,1.1
nereu,2026-10-07T21:39,1.09
nereu,2026-10-07T21:40,1.09
nereu,2026-10-07T21:41,1.09
nereu,2026-10-07T21:42,1.09
nereu,2026-10-07T21:43,1.09
nereu,2026-10-07T21:44,1.09
nereu,2026-10-07T21:45,1.1
nereu,2026-10-07T21:46,1.1
nereu,2026-10-07T21:47,1.09
nereu,2026-10-07T21:48,1.09
nereu,2026-10-07T21:49,1.09
nereu,2026-10-07T21:50,1.09
nereu,2026-10-07T21:51,1.09
nereu,2026-10-07T21:52,1.09
nereu,2026-10-07T21:53,1.08
nereu,2026-10-07T21:54,1.09
nereu,2026-10-07T21:55,1.09
nereu,2026-10-07T21:56,1.08
nereu,2026-10-07T21:57,1.08
nereu,2026-10-07T21:58,1.09
nereu,2026-10-07T21:59,1.08
nereu,2026-10-07T22:00,1.09
nereu,2026-10-07T22:01,1.09
nereu,2026-10-07T22:02,1.08
nereu,2026-10-07T22:03,1.09
nereu,2026-10-07T22:04,1.08
nereu,2026-10-07T22:05,1.08
nereu,2026-10-07T22:06,1.09
nereu,2026-10-07T22:07,1.08
nereu,2026-10-07T22:08,1.08
nereu,2026-10-07T22:09,1.08
nereu,2026-10-07T22:10,1.08
nereu,2026-10-07T22:11,1.09
nereu,2026-10-07T22:12,1.08
nereu,2026-10-07T22:13,1.08
nereu,2026-10-07T22:14,1.08
nereu,2026-10-07T22:15,1.07
nereu,2026-10-07T22:16,1.08
nereu,2026-10-07T22:17,1.08
nereu,2026-10-07T22:18,1.08
nereu,2026-10-07T22:19,1.08
nereu,2026-10-07T22:20,1.08
nereu,2026-10-07T22:21,1.08
nereu,2026-10-07T22:22,1.08
nereu,2026-10-07T22:23,1.08
nereu,2026-10-07T22:24,1.07
nereu,2026-10-07T22:25,1.08
nereu,2026-10-07T22:26,1.08
nereu,2026-10-07T22:27,1.08
nereu,2026-10-07T22:28,1.07
nereu,2026-10-07T22:29,1.07
nereu,2026-10-07T22:30,1.08
nereu,2026-10-07T22:31,1.07
nereu,2026-10-07T22:32,1.07
nereu,2026-10-07T22:33,1.07
nereu,2026-10-07T22:34,1.07
nereu,2026-10-07T22:35,1.07
nereu,2026-10-07T22:36,1.07
nereu,2026-10-07T22:37,1.08
nereu,2026-10-07T22:38,1.07
nereu,2026-10-07T22:39,1.07
nereu,2026-10-07T22:40,1.06
nereu,2026-10-07T22:41,1.07
nereu,2026-10-07T22:42,1.07
nereu,2026-10-07T22:43,1.07
nereu,2026-10-07T22:44,1.07
nereu,2026-10-07T22:45,1.08
nereu,2026-10-07T22:46,1.07
nereu,2026-10-07T22:47,1.07
nereu,2026-10-07T22:48,1.06
nereu,2026-10-07T22:49,1.07
nereu,2026-10-07T22:50,1.06
nereu,2026-10-07T22:51,1.07
nereu,2026-10-07T22:52,1.06
nereu,2026-10-07T22:53,1.07
nereu,2026-10-07T22:54,1.07
nereu,2026-10-07T22:55,1.07
nereu,2026-10-07T22:56,1.07
nereu,2026-10-07T22:57,1.06
nereu,2026-10-07T22:58,1.06
nereu,2026-10-07T22:59,1.06
nereu,2026-10-07T23:00,1.05
nereu,2026-10-07T23:01,1.06
nereu,2026-10-07T23:02,1.06
nereu,2026-10-07T23:03,1.06
nereu,2026-10-07T23:04,1.07
nereu,2026-10-07T23:05,1.06
nereu,2026-10-07T23:06,1.06
nereu,2026-10-07T23:07,1.07
nereu,2026-10-07T23:08,1.06
nereu,2026-10-07T23:09,1.06
nereu,2026-10-07T23:10,1.06
nereu,2026-10-07T23:11,1.06
nereu,2026-10-07T23:12,1.06
nereu,2026-10-07T23:13,1.07
nereu,2026-10-07T23:14,1.06
nereu,2026-10-07T23:15,1.06
nereu,2026-10-07T23:16,1.05
nereu,2026-10-07T23:17,1.06
nereu,2026-10-07T23:18,1.06
nereu,2026-10-07T23:19,1.06
nereu,2026-10-07T23:20,1.05
nereu,2026-10-07T23:21,1.05
nereu,2026-10-07T23:22,1.05
nereu,2026-10-07T23:23,1.06
nereu,2026-10-07T23:24,1.06
nereu,2026-10-07T23:25,1.06
nereu,2026-10-07T23:26,1.05
nereu,2026-10-07T23:27,1.06
nereu,2026-10-07T23:28,1.05
nereu,2026-10-07T23:29,1.05
nereu,2026-10-07T23:30,1.05
nereu,2026-10-07T23:31,1.06
nereu,2026-10-07T23:32,1.05
nereu,2026-10-07T23:33,1.05
nereu,2026-10-07T23:34,1.05
nereu,2026-10-07T23:35,1.05
nereu,2026-10-07T23:36,1.05
nereu,2026-10-07T23:37,1.05
nereu,2026-10-07T23:38,1.05
nereu,2026-10-07T23:39,1.05
nereu,2026-10-07T23:40,1.05
nereu,2026-10-07T23:41,1.05
nereu,2026-10-07T23:42,1.05
nereu,2026-10-07T23:43,1.05
nereu,2026-10-07T23:44,1.05
nereu,2026-10-07T23:45,1.05
nereu,2026-10-07T23:46,1.05
nereu,2026-10-07T23:47,1.05
nereu,2026-10-07T23:48,1.05
nereu,2026-10-07T23:49,1.05
nereu,2026-10-07T23:50,1.04
nereu,2026-10-07T23:51,1.05
nereu,2026-10-07T23:52,1.04
nereu,2026-10-07T23:53,1.04
nereu,2026-10-07T23:54,1.05
nereu,2026-10-07T23:55,1.04
nereu,2026-10-07T23:56,1.04
nereu,2026-10-07T23:57,1.04
nereu,2026-10-07T23:58,1.05
nereu,2026-10-07T23:59,1.05
nereu,2026-10-08T00:00,1.05
nereu,2026-10-08T00:01,1.05
nereu,2026-10-08T00:02,1.05
nereu,2026-10-08T00:03,1.04
nereu,2026-10-08T00:04,1.04
nereu,2026-10-08T00:05,1.05
nereu,2026-10-08T00:06,1.05
nereu,2026-10-08T00:07,1.04
nereu,2026-10-08T00:08,1.05
nereu,2026-10-08T00:09,1.04
nereu,2026-10-08T00:10,1.04
nereu,2026-10-08T00:11,1.04
nereu,2026-10-08T00:12,1.05
nereu,2026-10-08T00:13,1.05
nereu,2026-10-08T00:14,1.05
nereu,2026-10-08T00:15,1.04
nereu,2026-10-08T00:16,1.05
nereu,2026-10-08T00:17,1.04
nereu,2026-10-08T00:18,1.04
nereu,2026-10-08T00:19,1.05
nereu,2026-10-08T00:20,1.05
nereu,2026-10-08T00:21,1.05
nereu,2026-10-08T00:22,1.04
nereu,2026-10-08T00:23,1.04
nereu,2026-10-08T00:24,1.04
nereu,2026-10-08T00:25,1.04
nereu,2026-10-08T00:26,1.04
nereu,2026-10-08T00:27,1.03
nereu,2026-10-08T00:28,1.04
nereu,2026-10-08T00:29,1.04
nereu,2026-10-08T00:30,1.04
nereu,2026-10-08T00:31,1.04
nereu,2026-10-08T00:32,1.04
nereu,2026-10-08T00:33,1.04
nereu,2026-10-08T00:34,1.03
nereu,2026-10-08T00:35,1.03
nereu,2026-10-08T00:36,1.03
nereu,2026-10-08T00:37,1.03
nereu,2026-10-08T00:38,1.03
nereu,2026-10-08T00:39,1.03
nereu,2026-10-08T00:40,1.03
nereu,2026-10-08T00:41,1.04
nereu,2026-10-08T00:42,1.03
nereu,2026-10-08T00:43,1.02
nereu,2026-10-08T00:44,1.03
nereu,2026-10-08T00:45,1.04
nereu,2026-10-08T00:46,1.03
nereu,2026-10-08T00:47,1.03
nereu,2026-10-08T00:48,1.03
nereu,2026-10-08T00:49,1.02
nereu,2026-10-08T00:50,1.03
nereu,2026-10-08T00:51,1.02
nereu,2026-10-08T00:52,1.03
nereu,2026-10-08T00:53,1.03
nereu,2026-10-08T00:54,1.04
nereu,2026-10-08T00:55,1.03
nereu,2026-10-08T00:56,1.03
nereu,2026-10-08T00:57,1.04
nereu,2026-10-08T00:58,1.02
nereu,2026-10-08T00:59,1.03
nereu,2026-10-08T01:00,1.03
nereu,2026-10-08T01:01,1.03
nereu,2026-10-08T01:02,1.03
nereu,2026-10-08T01:03,1.02
nereu,2026-10-08T01:04,1.02
nereu,2026-10-08T01:05,1.03
nereu,2026-10-08T01:06,1.02
nereu,2026-10-08T01:07,1.03
nereu,2026-10-08T01:08,1.02
nereu,2026-10-08T01:09,1.03
nereu,2026-10-08T01:10,1.03
nereu,2026-10-08T01:11,1.03
nereu,2026-10-08T01:12,1.03
nereu,2026-10-08T01:13,1.02
nereu,2026-10-08T01:14,1.03
nereu,2026-10-08T01:15,1.02
nereu,2026-10-08T01:16,1.02
nereu,2026-10-08T01:17,1.03
nereu,2026-10-08T01:18,1.02
nereu,2026-10-08T01:19,1.03
nereu,2026-10-08T01:20,1.02
nereu,2026-10-08T01:21,1.02
nereu,2026-10-08T01:22,1.01
nereu,2026-10-08T01:23,1.02
nereu,2026-10-08T01:24,1.01
nereu,2026-10-08T01:25,1.02
nereu,2026-10-08T01:26,1.01
nereu,2026-10-08T01:27,1.01
nereu,2026-10-08T01:28,1.02
nereu,2026-10-08T01:29,1.01
nereu,2026-10-08T01:30,1.01
nereu,2026-10-08T01:31,1.01
nereu,2026-10-08T01:32,1.02
nereu,2026-10-08T01:33,1.01
nereu,2026-10-08T01:34,1.01
nereu,2026-10-08T01:35,1.01
nereu,2026-10-08T01:36,1.01
nereu,2026-10-08T01:37,1.02
nereu,2026-10-08T01:38,1.02
nereu,2026-10-08T01:39,1.01
nereu,2026-10-08T01:40,1.01
nereu,2026-10-08T01:41,1.01
nereu,2026-10-08T01:42,1.01
nereu,2026-10-08T01:43,1.01
nereu,2026-10-08T01:44,1.01
nereu,2026-10-08T01:45,1.01
nereu,2026-10-08T01:46,1.01
nereu,2026-10-08T01:47,1.02
nereu,2026-10-08T01:48,1.01
nereu,2026-10-08T01:49,1.01
nereu,2026-10-08T01:50,1.01
nereu,2026-10-08T01:51,1.01
nereu,2026-10-08T01:52,1.01
nereu,2026-10-08T01:53,1.01
nereu,2026-10-08T01:54,1.01
nereu,2026-10-08T01:55,1.01
nereu,2026-10-08T01:56,1.01
nereu,2026-10-08T01:57,1.01
nereu,2026-10-08T01:58,1
nereu,2026-10-08T01:59,1.01
nereu,2026-10-08T02:00,1.01
nereu,2026-10-08T02:01,1
nereu,2026-10-08T02:02,1.01
nereu,2026-10-08T02:03,1
nereu,2026-10-08T02:04,1.01
nereu,2026-10-08T02:05,1.01
nereu,2026-10-08T02:06,1
nereu,2026-10-08T02:07,1.01
nereu,2026-10-08T02:08,1.01
nereu,2026-10-08T02:09,1.01
nereu,2026-10-08T02:10,1.01
nereu,2026-10-08T02:11,1.01
nereu,2026-10-08T02:12,1
nereu,2026-10-08T02:13,1.01
nereu,2026-10-08T02:14,1
nereu,2026-10-08T02:15,1
nereu,2026-10-08T02:16,1
nereu,2026-10-08T02:17,1
nereu,2026-10-08T02:18,1
nereu,2026-10-08T02:19,1
nereu,2026-10-08T02:20,0.99
nereu,2026-10-08T02:21,1
nereu,2026-10-08T02:22,1
nereu,2026-10-08T02:23,1
nereu,2026-10-08T02:24,1
nereu,2026-10-08T02:25,0.99
nereu,2026-10-08T02:26,1
nereu,2026-10-08T02:27,0.99
nereu,2026-10-08T02:28,1.01
nereu,2026-10-08T02:29,1.01
nereu,2026-10-08T02:30,1
nereu,2026-10-08T02:31,0.99
nereu,2026-10-08T02:32,1
nereu,2026-10-08T02:33,1
nereu,2026-10-08T02:34,1
nereu,2026-10-08T02:35,1
nereu,2026-10-08T02:36,0.99
nereu,2026-10-08T02:37,1
nereu,2026-10-08T02:38,1
nereu,2026-10-08T02:39,1
nereu,2026-10-08T02:40,0.99
nereu,2026-10-08T02:41,0.99
nereu,2026-10-08T02:42,1
eta,2026-10-07T21:18,1.76
eta,2026-10-07T21:19,1.71
eta,2026-10-07T21:20,1.71
eta,2026-10-07T21:21,1.72
eta,2026-10-07T21:22,1.71
eta,2026-10-07T21:23,1.71
eta,2026-10-07T21:24,1.71
eta,2026-10-07T21:25,1.72
eta,2026-10-07T21:26,1.7
eta,2026-10-07T21:27,1.7
eta,2026-10-07T21:28,1.71
eta,2026-10-07T21:29,1.71
eta,2026-10-07T21:30,1.71
eta,2026-10-07T21:31,1.71
eta,2026-10-07T21:32,1.71
eta,2026-10-07T21:33,1.7
eta,2026-10-07T21:34,1.7
eta,2026-10-07T21:35,1.69
eta,2026-10-07T21:36,1.69
eta,2026-10-07T21:37,1.71
eta,2026-10-07T21:38,1.71
eta,2026-10-07T21:39,1.7
eta,2026-10-07T21:40,1.7
eta,2026-10-07T21:41,1.69
eta,2026-10-07T21:42,1.71
eta,2026-10-07T21:43,1.7
eta,2026-10-07T21:44,1.7
eta,2026-10-07T21:45,1.7
eta,2026-10-07T21:46,1.7
eta,2026-10-07T21:47,1.69
eta,2026-10-07T21:48,1.69
eta,2026-10-07T21:49,1.69
eta,2026-10-07T21:50,1.69
eta,2026-10-07T21:51,1.7
eta,2026-10-07T21:52,1.7
eta,2026-10-07T21:53,1.69
eta,2026-10-07T21:54,1.69
eta,2026-10-07T21:55,1.69
eta,2026-10-07T21:56,1.69
eta,2026-10-07T21:57,1.69
eta,2026-10-07T21:58,1.68
eta,2026-10-07T21:59,1.69
eta,2026-10-07T22:00,1.68
eta,2026-10-07T22:01,1.69
eta,2026-10-07T22:02,1.68
eta,2026-10-07T22:03,1.68
eta,2026-10-07T22:04,1.69
eta,2026-10-07T22:05,1.68
eta,2026-10-07T22:06,1.69
eta,2026-10-07T22:07,1.69
eta,2026-10-07T22:08,1.69
eta,2026-10-07T22:09,1.68
eta,2026-10-07T22:10,1.67
eta,2026-10-07T22:11,1.67
eta,2026-10-07T22:12,1.68
eta,2026-10-07T22:13,1.69
eta,2026-10-07T22:14,1.68
eta,2026-10-07T22:15,1.67
eta,2026-10-07T22:16,1.68
eta,2026-10-07T22:17,1.68
eta,2026-10-07T22:18,1.67
eta,2026-10-07T22:19,1.67
eta,2026-10-07T22:20,1.68
eta,2026-10-07T22:21,1.67
eta,2026-10-07T22:22,1.67
eta,2026-10-07T22:23,1.67
eta,2026-10-07T22:24,1.67
eta,2026-10-07T22:25,1.67
eta,2026-10-07T22:26,1.67
eta,2026-10-07T22:27,1.67
eta,2026-10-07T22:28,1.67
eta,2026-10-07T22:29,1.67
eta,2026-10-07T22:30,1.66
eta,2026-10-07T22:31,1.67
eta,2026-10-07T22:32,1.67
eta,2026-10-07T22:33,1.67
eta,2026-10-07T22:34,1.67
eta,2026-10-07T22:35,1.66
eta,2026-10-07T22:36,1.67
eta,2026-10-07T22:37,1.66
eta,2026-10-07T22:38,1.66
eta,2026-10-07T22:39,1.66
eta,2026-10-07T22:40,1.66
eta,2026-10-07T22:41,1.66
eta,2026-10-07T22:42,1.66
eta,2026-10-07T22:43,1.66
eta,2026-10-07T22:44,1.65
eta,2026-10-07T22:45,1.66
eta,2026-10-07T22:46,1.66
eta,2026-10-07T22:47,1.66
eta,2026-10-07T22:48,1.66
eta,2026-10-07T22:49,1.66
eta,2026-10-07T22:50,1.65
eta,2026-10-07T22:51,1.65
eta,2026-10-07T22:52,1.66
eta,2026-10-07T22:53,1.66
eta,2026-10-07T22:54,1.65
eta,2026-10-07T22:55,1.65
eta,2026-10-07T22:56,1.65
eta,2026-10-07T22:57,1.65
eta,2026-10-07T22:58,1.66
eta,2026-10-07T22:59,1.65
eta,2026-10-07T23:00,1.65
eta,2026-10-07T23:01,1.65
eta,2026-10-07T23:02,1.65
eta,2026-10-07T23:03,1.65
eta,2026-10-07T23:04,1.64
eta,2026-10-07T23:05,1.65
eta,2026-10-07T23:06,1.65
eta,2026-10-07T23:07,1.65
eta,2026-10-07T23:08,1.63
eta,2026-10-07T23:09,1.64
eta,2026-10-07T23:10,1.64
eta,2026-10-07T23:11,1.64
eta,2026-10-07T23:12,1.64
eta,2026-10-07T23:13,1.63
eta,2026-10-07T23:14,1.64
eta,2026-10-07T23:15,1.64
eta,2026-10-07T23:16,1.64
eta,2026-10-07T23:17,1.63
eta,2026-10-07T23:18,1.63
eta,2026-10-07T23:19,1.65
eta,2026-10-07T23:20,1.64
eta,2026-10-07T23:21,1.63
eta,2026-10-07T23:22,1.64
eta,2026-10-07T23:23,1.64
eta,2026-10-07T23:24,1.64
eta,2026-10-07T23:25,1.63
eta,2026-10-07T23:26,1.64
eta,2026-10-07T23:27,1.64
eta,2026-10-07T23:28,1.63
eta,2026-10-07T23:29,1.63
eta,2026-10-07T23:30,1.62
eta,2026-10-07T23:31,1.62
eta,2026-10-07T23:32,1.62
eta,2026-10-07T23:33,1.63
eta,2026-10-07T23:34,1.62
eta,2026-10-07T23:35,1.62
eta,2026-10-07T23:36,1.62
eta,2026-10-07T23:37,1.62
eta,2026-10-07T23:38,1.63
eta,2026-10-07T23:39,1.62
eta,2026-10-07T23:40,1.62
eta,2026-10-07T23:41,1.63
eta,2026-10-07T23:42,1.61
eta,2026-10-07T23:43,1.62
eta,2026-10-07T23:44,1.62
eta,2026-10-07T23:45,1.61
eta,2026-10-07T23:46,1.61
eta,2026-10-07T23:47,1.62
eta,2026-10-07T23:48,1.62
eta,2026-10-07T23:49,1.62
eta,2026-10-07T23:50,1.62
eta,2026-10-07T23:51,1.62
eta,2026-10-07T23:52,1.61
eta,2026-10-07T23:53,1.6
eta,2026-10-07T23:54,1.62
eta,2026-10-07T23:55,1.61
eta,2026-10-07T23:56,1.62
eta,2026-10-07T23:57,1.61
eta,2026-10-07T23:58,1.61
eta,2026-10-07T23:59,1.61
eta,2026-10-08T00:00,1.6
eta,2026-10-08T00:01,1.61
eta,2026-10-08T00:02,1.6
eta,2026-10-08T00:03,1.6
eta,2026-10-08T00:04,1.61
eta,2026-10-08T00:05,1.61
eta,2026-10-08T00:06,1.61
eta,2026-10-08T00:07,1.6
eta,2026-10-08T00:08,1.61
eta,2026-10-08T00:09,1.6
eta,2026-10-08T00:10,1.61
eta,2026-10-08T00:11,1.6
eta,2026-10-08T00:12,1.6
eta,2026-10-08T00:13,1.59
eta,2026-10-08T00:14,1.59
eta,2026-10-08T00:15,1.6
eta,2026-10-08T00:16,1.6
eta,2026-10-08T00:17,1.57
eta,2026-10-08T00:18,1.59
eta,2026-10-08T00:19,1.59
eta,2026-10-08T00:20,1.59
eta,2026-10-08T00:21,1.6
eta,2026-10-08T00:22,1.59
eta,2026-10-08T00:23,1.59
eta,2026-10-08T00:24,1.58
eta,2026-10-08T00:25,1.59
eta,2026-10-08T00:26,1.59
eta,2026-10-08T00:27,1.59
eta,2026-10-08T00:28,1.59
eta,2026-10-08T00:29,1.59
eta,2026-10-08T00:30,1.59
eta,2026-10-08T00:31,1.59
eta,2026-10-08T00:32,1.58
eta,2026-10-08T00:33,1.57
eta,2026-10-08T00:34,1.59
eta,2026-10-08T00:35,1.58
eta,2026-10-08T00:36,1.57
eta,2026-10-08T00:37,1.58
eta,2026-10-08T00:38,1.59
eta,2026-10-08T00:39,1.58
eta,2026-10-08T00:40,1.58
eta,2026-10-08T00:41,1.58
eta,2026-10-08T00:42,1.58
eta,2026-10-08T00:43,1.58
eta,2026-10-08T00:44,1.58
eta,2026-10-08T00:45,1.57
eta,2026-10-08T00:46,1.58
eta,2026-10-08T00:47,1.58
eta,2026-10-08T00:48,1.58
eta,2026-10-08T00:49,1.58
eta,2026-10-08T00:50,1.58
eta,2026-10-08T00:51,1.58
eta,2026-10-08T00:52,1.58
eta,2026-10-08T00:53,1.58
eta,2026-10-08T00:54,1.58
eta,2026-10-08T00:55,1.58
eta,2026-10-08T00:56,1.57
eta,2026-10-08T00:57,1.56
eta,2026-10-08T00:58,1.58
eta,2026-10-08T00:59,1.58
eta,2026-10-08T01:00,1.57
eta,2026-10-08T01:01,1.57
eta,2026-10-08T01:02,1.57
eta,2026-10-08T01:03,1.57
eta,2026-10-08T01:04,1.56
eta,2026-10-08T01:05,1.57
eta,2026-10-08T01:06,1.54
eta,2026-10-08T01:07,1.57
eta,2026-10-08T01:08,1.56
eta,2026-10-08T01:09,1.56
eta,2026-10-08T01:10,1.56
eta,2026-10-08T01:11,1.57
eta,2026-10-08T01:12,1.56
eta,2026-10-08T01:13,1.58
eta,2026-10-08T01:14,1.56
eta,2026-10-08T01:15,1.57
eta,2026-10-08T01:16,1.56
eta,2026-10-08T01:17,1.56
eta,2026-10-08T01:18,1.57
eta,2026-10-08T01:19,1.56
eta,2026-10-08T01:20,1.56
eta,2026-10-08T01:21,1.56
eta,2026-10-08T01:22,1.56
eta,2026-10-08T01:23,1.56
eta,2026-10-08T01:24,1.55
eta,2026-10-08T01:25,1.56
eta,2026-10-08T01:26,1.56
eta,2026-10-08T01:27,1.55
eta,2026-10-08T01:28,1.56
eta,2026-10-08T01:29,1.56
eta,2026-10-08T01:30,1.55
eta,2026-10-08T01:31,1.55
eta,2026-10-08T01:32,1.55
eta,2026-10-08T01:33,1.55
eta,2026-10-08T01:34,1.55
eta,2026-10-08T01:35,1.56
eta,2026-10-08T01:36,1.55
eta,2026-10-08T01:37,1.55
eta,2026-10-08T01:38,1.56
eta,2026-10-08T01:39,1.54
eta,2026-10-08T01:40,1.56
eta,2026-10-08T01:41,1.54
eta,2026-10-08T01:42,1.54
eta,2026-10-08T01:43,1.54
eta,2026-10-08T01:44,1.55
eta,2026-10-08T01:45,1.55
eta,2026-10-08T01:46,1.54
eta,2026-10-08T01:47,1.55
eta,2026-10-08T01:48,1.54
eta,2026-10-08T01:49,1.55
eta,2026-10-08T01:50,1.55
eta,2026-10-08T01:51,1.54
eta,2026-10-08T01:52,1.54
eta,2026-10-08T01:53,1.54
eta,2026-10-08T01:54,1.54
eta,2026-10-08T01:55,1.53
eta,2026-10-08T01:56,1.54
eta,2026-10-08T01:57,1.56
eta,2026-10-08T01:58,1.54
eta,2026-10-08T01:59,1.54
eta,2026-10-08T02:00,1.54
eta,2026-10-08T02:01,1.54
eta,2026-10-08T02:02,1.54
eta,2026-10-08T02:03,1.54
eta,2026-10-08T02:04,1.54
eta,2026-10-08T02:05,1.54
eta,2026-10-08T02:06,1.55
eta,2026-10-08T02:07,1.52
eta,2026-10-08T02:08,1.53
eta,2026-10-08T02:09,1.53
eta,2026-10-08T02:10,1.53
eta,2026-10-08T02:11,1.53
eta,2026-10-08T02:12,1.53
eta,2026-10-08T02:13,1.53
eta,2026-10-08T02:14,1.53
eta,2026-10-08T02:15,1.53
eta,2026-10-08T02:16,1.54
eta,2026-10-08T02:17,1.53
eta,2026-10-08T02:18,1.53
eta,2026-10-08T02:19,1.53
eta,2026-10-08T02:20,1.53
eta,2026-10-08T02:21,1.53
eta,2026-10-08T02:22,1.53
eta,2026-10-08T02:23,1.52
eta,2026-10-08T02:24,1.52
eta,2026-10-08T02:25,1.52
eta,2026-10-08T02:26,1.52
eta,2026-10-08T02:27,1.53
eta,2026-10-08T02:28,1.52
eta,2026-10-08T02:29,1.52
eta,2026-10-08T02:30,1.51
eta,2026-10-08T02:31,1.52
eta,2026-10-08T02:32,1.53
eta,2026-10-08T02:33,1.53
eta,2026-10-08T02:34,1.52
eta,2026-10-08T02:35,1.52
eta,2026-10-08T02:36,1.51
eta,2026-10-08T02:37,1.52
eta,2026-10-08T02:38,1.52
eta,2026-10-08T02:39,1.52
eta,2026-10-08T02:40,1.52
eta,2026-10-08T02:41,1.51
eta,2026-10-08T02:42,1.52
via_verde,2026-10-07T21:18,1.87
via_verde,2026-10-07T21:19,1.86
via_verde,2026-10-07T21:20,1.86
via_verde,2026-10-07T21:21,1.87
via_verde,2026-10-07T21:22,1.85
via_verde,2026-10-07T21:23,1.86
via_verde,2026-10-07T21:24,1.86
via_verde,2026-10-07T21:25,1.85
via_verde,2026-10-07T21:26,1.85
via_verde,2026-10-07T21:27,1.86
via_verde,2026-10-07T21:28,1.85
via_verde,2026-10-07T21:29,1.85
via_verde,2026-10-07T21:30,1.86
via_verde,2026-10-07T21:31,1.84
via_verde,2026-10-07T21:32,1.85
via_verde,2026-10-07T21:33,1.84
via_verde,2026-10-07T21:34,1.85
via_verde,2026-10-07T21:35,1.85
via_verde,2026-10-07T21:36,1.85
via_verde,2026-10-07T21:37,1.84
via_verde,2026-10-07T21:38,1.83
via_verde,2026-10-07T21:39,1.82
via_verde,2026-10-07T21:40,1.84
via_verde,2026-10-07T21:41,1.84
via_verde,2026-10-07T21:42,1.83
via_verde,2026-10-07T21:43,1.84
via_verde,2026-10-07T21:44,1.84
via_verde,2026-10-07T21:45,1.83
via_verde,2026-10-07T21:46,1.84
via_verde,2026-10-07T21:47,1.83
via_verde,2026-10-07T21:48,1.83
via_verde,2026-10-07T21:49,1.84
via_verde,2026-10-07T21:50,1.84
via_verde,2026-10-07T21:51,1.83
via_verde,2026-10-07T21:52,1.82
via_verde,2026-10-07T21:53,1.83
via_verde,2026-10-07T21:54,1.83
via_verde,2026-10-07T21:55,1.83
via_verde,2026-10-07T21:56,1.83
via_verde,2026-10-07T21:57,1.82
via_verde,2026-10-07T21:58,1.83
via_verde,2026-10-07T21:59,1.83
via_verde,2026-10-07T22:00,1.81
via_verde,2026-10-07T22:01,1.81
via_verde,2026-10-07T22:02,1.81
via_verde,2026-10-07T22:03,1.8
via_verde,2026-10-07T22:04,1.8
via_verde,2026-10-07T22:05,1.82
via_verde,2026-10-07T22:06,1.81
via_verde,2026-10-07T22:07,1.81
via_verde,2026-10-07T22:08,1.82
via_verde,2026-10-07T22:09,1.8
via_verde,2026-10-07T22:10,1.8
via_verde,2026-10-07T22:11,1.79
via_verde,2026-10-07T22:12,1.81
via_verde,2026-10-07T22:13,1.81
via_verde,2026-10-07T22:14,1.81
via_verde,2026-10-07T22:15,1.79
via_verde,2026-10-07T22:16,1.78
via_verde,2026-10-07T22:17,1.81
via_verde,2026-10-07T22:18,1.79
via_verde,2026-10-07T22:19,1.8
via_verde,2026-10-07T22:20,1.79
via_verde,2026-10-07T22:21,1.81
via_verde,2026-10-07T22:22,1.79
via_verde,2026-10-07T22:23,1.79
via_verde,2026-10-07T22:24,1.82
via_verde,2026-10-07T22:25,1.79
via_verde,2026-10-07T22:26,1.79
via_verde,2026-10-07T22:27,1.79
via_verde,2026-10-07T22:28,1.79
via_verde,2026-10-07T22:29,1.79
via_verde,2026-10-07T22:30,1.78
via_verde,2026-10-07T22:31,1.78
via_verde,2026-10-07T22:32,1.79
via_verde,2026-10-07T22:33,1.78
via_verde,2026-10-07T22:34,1.78
via_verde,2026-10-07T22:35,1.78
via_verde,2026-10-07T22:36,1.79
via_verde,2026-10-07T22:37,1.79
via_verde,2026-10-07T22:38,1.79
via_verde,2026-10-07T22:39,1.78
via_verde,2026-10-07T22:40,1.77
via_verde,2026-10-07T22:41,1.78
via_verde,2026-10-07T22:42,1.78
via_verde,2026-10-07T22:43,1.77
via_verde,2026-10-07T22:44,1.79
via_verde,2026-10-07T22:45,1.79
via_verde,2026-10-07T22:46,1.77
via_verde,2026-10-07T22:47,1.78
via_verde,2026-10-07T22:48,1.77
via_verde,2026-10-07T22:49,1.78
via_verde,2026-10-07T22:50,1.76
via_verde,2026-10-07T22:51,1.76
via_verde,2026-10-07T22:52,1.78
via_verde,2026-10-07T22:53,1.76
via_verde,2026-10-07T22:54,1.77
via_verde,2026-10-07T22:55,1.77
via_verde,2026-10-07T22:56,1.76
via_verde,2026-10-07T22:57,1.76
via_verde,2026-10-07T22:58,1.76
via_verde,2026-10-07T22:59,1.76
via_verde,2026-10-07T23:00,1.77
via_verde,2026-10-07T23:01,1.77
via_verde,2026-10-07T23:02,1.74
via_verde,2026-10-07T23:03,1.74
via_verde,2026-10-07T23:04,1.77
via_verde,2026-10-07T23:05,1.74
via_verde,2026-10-07T23:06,1.76
via_verde,2026-10-07T23:07,1.76
via_verde,2026-10-07T23:08,1.75
via_verde,2026-10-07T23:09,1.76
via_verde,2026-10-07T23:10,1.74
via_verde,2026-10-07T23:11,1.74
via_verde,2026-10-07T23:12,1.74
via_verde,2026-10-07T23:13,1.74
via_verde,2026-10-07T23:14,1.74
via_verde,2026-10-07T23:15,1.75
via_verde,2026-10-07T23:16,1.74
via_verde,2026-10-07T23:17,1.77
via_verde,2026-10-07T23:18,1.75
via_verde,2026-10-07T23:19,1.74
via_verde,2026-10-07T23:20,1.75
via_verde,2026-10-07T23:21,1.74
via_verde,2026-10-07T23:22,1.76
via_verde,2026-10-07T23:23,1.75
via_verde,2026-10-07T23:24,1.74
via_verde,2026-10-07T23:25,1.75
via_verde,2026-10-07T23:26,1.74
via_verde,2026-10-07T23:27,1.74
via_verde,2026-10-07T23:28,1.74
via_verde,2026-10-07T23:29,1.74
via_verde,2026-10-07T23:30,1.73
via_verde,2026-10-07T23:31,1.73
via_verde,2026-10-07T23:32,1.74
via_verde,2026-10-07T23:33,1.72
via_verde,2026-10-07T23:34,1.73
via_verde,2026-10-07T23:35,1.73
via_verde,2026-10-07T23:36,1.74
via_verde,2026-10-07T23:37,1.73
via_verde,2026-10-07T23:38,1.73
via_verde,2026-10-07T23:39,1.74
via_verde,2026-10-07T23:40,1.74
via_verde,2026-10-07T23:41,1.73
via_verde,2026-10-07T23:42,1.73
via_verde,2026-10-07T23:43,1.73
via_verde,2026-10-07T23:44,1.73
via_verde,2026-10-07T23:45,1.73
via_verde,2026-10-07T23:46,1.72
via_verde,2026-10-07T23:47,1.73
via_verde,2026-10-07T23:48,1.73
via_verde,2026-10-07T23:49,1.73
via_verde,2026-10-07T23:50,1.73
via_verde,2026-10-07T23:51,1.73
via_verde,2026-10-07T23:52,1.71
via_verde,2026-10-07T23:53,1.72
via_verde,2026-10-07T23:54,1.72
via_verde,2026-10-07T23:55,1.73
via_verde,2026-10-07T23:56,1.71
via_verde,2026-10-07T23:57,1.72
via_verde,2026-10-07T23:58,1.72
via_verde,2026-10-07T23:59,1.73
via_verde,2026-10-08T00:00,1.71
via_verde,2026-10-08T00:01,1.71
via_verde,2026-10-08T00:02,1.72
via_verde,2026-10-08T00:03,1.7
via_verde,2026-10-08T00:04,1.71
via_verde,2026-10-08T00:05,1.72
via_verde,2026-10-08T00:06,1.72
via_verde,2026-10-08T00:07,1.71
via_verde,2026-10-08T00:08,1.71
via_verde,2026-10-08T00:09,1.7
via_verde,2026-10-08T00:10,1.7
via_verde,2026-10-08T00:11,1.72
via_verde,2026-10-08T00:12,1.71
via_verde,2026-10-08T00:13,1.71
via_verde,2026-10-08T00:14,1.69
via_verde,2026-10-08T00:15,1.71
via_verde,2026-10-08T00:16,1.69
via_verde,2026-10-08T00:17,1.69
via_verde,2026-10-08T00:18,1.7
via_verde,2026-10-08T00:19,1.68
via_verde,2026-10-08T00:20,1.7
via_verde,2026-10-08T00:21,1.7
via_verde,2026-10-08T00:22,1.7
via_verde,2026-10-08T00:23,1.7
via_verde,2026-10-08T00:24,1.7
via_verde,2026-10-08T00:25,1.7
via_verde,2026-10-08T00:26,1.7
via_verde,2026-10-08T00:27,1.69
via_verde,2026-10-08T00:28,1.69
via_verde,2026-10-08T00:29,1.69
via_verde,2026-10-08T00:30,1.69
via_verde,2026-10-08T00:31,1.68
via_verde,2026-10-08T00:32,1.68
via_verde,2026-10-08T00:33,1.68
via_verde,2026-10-08T00:34,1.69
via_verde,2026-10-08T00:35,1.69
via_verde,2026-10-08T00:36,1.69
via_verde,2026-10-08T00:37,1.68
via_verde,2026-10-08T00:38,1.67
via_verde,2026-10-08T00:39,1.68
via_verde,2026-10-08T00:40,1.67
via_verde,2026-10-08T00:41,1.68
via_verde,2026-10-08T00:42,1.68
via_verde,2026-10-08T00:43,1.68
via_verde,2026-10-08T00:44,1.68
via_verde,2026-10-08T00:45,1.66
via_verde,2026-10-08T00:46,1.68
via_verde,2026-10-08T00:47,1.68
via_verde,2026-10-08T00:48,1.67
via_verde,2026-10-08T00:49,1.67
via_verde,2026-10-08T00:50,1.67
via_verde,2026-10-08T00:51,1.68
via_verde,2026-10-08T00:52,1.67
via_verde,2026-10-08T00:53,1.67
via_verde,2026-10-08T00:54,1.67
via_verde,2026-10-08T00:55,1.65
via_verde,2026-10-08T00:56,1.67
via_verde,2026-10-08T00:57,1.68
via_verde,2026-10-08T00:58,1.65
via_verde,2026-10-08T00:59,1.65
via_verde,2026-10-08T01:00,1.67
via_verde,2026-10-08T01:01,1.66
via_verde,2026-10-08T01:02,1.65
via_verde,2026-10-08T01:03,1.66
via_verde,2026-10-08T01:04,1.65
via_verde,2026-10-08T01:05,1.66
via_verde,2026-10-08T01:06,1.65
via_verde,2026-10-08T01:07,1.66
via_verde,2026-10-08T01:08,1.66
via_verde,2026-10-08T01:09,1.66
via_verde,2026-10-08T01:10,1.66
via_verde,2026-10-08T01:11,1.65
via_verde,2026-10-08T01:12,1.66
via_verde,2026-10-08T01:13,1.65
via_verde,2026-10-08T01:14,1.66
via_verde,2026-10-08T01:15,1.65
via_verde,2026-10-08T01:16,1.64
via_verde,2026-10-08T01:17,1.64
via_verde,2026-10-08T01:18,1.66
via_verde,2026-10-08T01:19,1.64
via_verde,2026-10-08T01:20,1.63
via_verde,2026-10-08T01:21,1.63
via_verde,2026-10-08T01:22,1.64
via_verde,2026-10-08T01:23,1.66
via_verde,2026-10-08T01:24,1.65
via_verde,2026-10-08T01:25,1.63
via_verde,2026-10-08T01:26,1.64
via_verde,2026-10-08T01:27,1.65
via_verde,2026-10-08T01:28,1.65
via_verde,2026-10-08T01:29,1.63
via_verde,2026-10-08T01:30,1.64
via_verde,2026-10-08T01:31,1.64
via_verde,2026-10-08T01:32,1.65
via_verde,2026-10-08T01:33,1.63
via_verde,2026-10-08T01:34,1.63
via_verde,2026-10-08T01:35,1.62
via_verde,2026-10-08T01:36,1.63
via_verde,2026-10-08T01:37,1.63
via_verde,2026-10-08T01:38,1.63
via_verde,2026-10-08T01:39,1.64
via_verde,2026-10-08T01:40,1.63
via_verde,2026-10-08T01:41,1.63
via_verde,2026-10-08T01:42,1.62
via_verde,2026-10-08T01:43,1.63
via_verde,2026-10-08T01:44,1.63
via_verde,2026-10-08T01:45,1.63
via_verde,2026-10-08T01:46,1.62
via_verde,2026-10-08T01:47,1.63
via_verde,2026-10-08T01:48,1.63
via_verde,2026-10-08T01:49,1.63
via_verde,2026-10-08T01:50,1.63
via_verde,2026-10-08T01:51,1.63
via_verde,2026-10-08T01:52,1.63
via_verde,2026-10-08T01:53,1.62
via_verde,2026-10-08T01:54,1.63
via_verde,2026-10-08T01:55,1.63
via_verde,2026-10-08T01:56,1.63
via_verde,2026-10-08T01:57,1.62
via_verde,2026-10-08T01:58,1.63
via_verde,2026-10-08T01:59,1.62
via_verde,2026-10-08T02:00,1.62
via_verde,2026-10-08T02:01,1.61
via_verde,2026-10-08T02:02,1.59
via_verde,2026-10-08T02:03,1.62
via_verde,2026-10-08T02:04,1.61
via_verde,2026-10-08T02:05,1.62
via_verde,2026-10-08T02:06,1.62
via_verde,2026-10-08T02:07,1.61
via_verde,2026-10-08T02:08,1.62
via_verde,2026-10-08T02:09,1.6
via_verde,2026-10-08T02:10,1.61
via_verde,2026-10-08T02:11,1.62
via_verde,2026-10-08T02:12,1.61
via_verde,2026-10-08T02:13,1.61
via_verde,2026-10-08T02:14,1.59
via_verde,2026-10-08T02:15,1.61
via_verde,2026-10-08T02:16,1.6
via_verde,2026-10-08T02:17,1.61
via_verde,2026-10-08T02:18,1.59
via_verde,2026-10-08T02:19,1.61
via_verde,2026-10-08T02:20,1.6
via_verde,2026-10-08T02:21,1.6
via_verde,2026-10-08T02:22,1.6
via_verde,2026-10-08T02:23,1.59
via_verde,2026-10-08T02:24,1.6
via_verde,2026-10-08T02:25,1.59
via_verde,2026-10-08T02:26,1.61
via_verde,2026-10-08T02:27,1.6
via_verde,2026-10-08T02:28,1.6
via_verde,2026-10-08T02:29,1.6
via_verde,2026-10-08T02:30,1.61
via_verde,2026-10-08T02:31,1.6
via_verde,2026-10-08T02:32,1.59
via_verde,2026-10-08T02:33,1.6
via_verde,2026-10-08T02:34,1.6
via_verde,2026-10-08T02:35,1.58
via_verde,2026-10-08T02:36,1.59
via_verde,2026-10-08T02:37,1.59
via_verde,2026-10-08T02:38,1.6
via_verde,2026-10-08T02:39,1.58
via_verde,2026-10-08T02:40,1.59
via_verde,2026-10-08T02:41,1.58
via_verde,2026-10-08T02:42,1.59
corupa,2026-10-08T02:43,1.09
nereu,2026-10-08T02:43,1
eta,2026-10-08T02:43,1.51
via_verde,2026-10-08T02:43,1.58
corupa,2026-10-08T02:44,1.1
corupa,2026-10-08T02:45,1.1
corupa,2026-10-08T02:46,1.09
corupa,2026-10-08T02:47,1.09
corupa,2026-10-08T02:48,1.11
corupa,2026-10-08T02:49,1.07
corupa,2026-10-08T02:50,1.07
corupa,2026-10-08T02:51,1.08
corupa,2026-10-08T02:52,1.08
corupa,2026-10-08T02:53,1.07
corupa,2026-10-08T02:54,1.11
corupa,2026-10-08T02:55,1.09
corupa,2026-10-08T02:56,1.09
corupa,2026-10-08T02:57,1.1
corupa,2026-10-08T02:58,1.1
corupa,2026-10-08T02:59,1.09
corupa,2026-10-08T03:00,1.09
corupa,2026-10-08T03:01,1.09
corupa,2026-10-08T03:02,1.09
corupa,2026-10-08T03:03,1.08
corupa,2026-10-08T03:04,1.09
corupa,2026-10-08T03:05,1.09
corupa,2026-10-08T03:06,1.08
corupa,2026-10-08T03:07,1.08
corupa,2026-10-08T03:08,1.08
corupa,2026-10-08T03:09,1.08
corupa,2026-10-08T03:10,1.08
corupa,2026-10-08T03:11,1.07
corupa,2026-10-08T03:12,1.07
corupa,2026-10-08T03:13,1.07
corupa,2026-10-08T03:14,1.07
corupa,2026-10-08T03:15,1.07
corupa,2026-10-08T03:16,1.06
corupa,2026-10-08T03:17,1.06
nereu,2026-10-08T02:44,1
nereu,2026-10-08T02:45,1
nereu,2026-10-08T02:46,1
nereu,2026-10-08T02:47,1
nereu,2026-10-08T02:48,0.99
nereu,2026-10-08T02:49,0.99
nereu,2026-10-08T02:50,0.98
nereu,2026-10-08T02:51,0.98
nereu,2026-10-08T02:52,0.99
nereu,2026-10-08T02:53,0.99
nereu,2026-10-08T02:54,0.99
nereu,2026-10-08T02:55,0.98
nereu,2026-10-08T02:56,0.99
nereu,2026-10-08T02:57,0.99
nereu,2026-10-08T02:58,0.99
nereu,2026-10-08T02:59,0.99
nereu,2026-10-08T03:00,0.99
nereu,2026-10-08T03:01,0.99
nereu,2026-10-08T03:02,1
nereu,2026-10-08T03:03,0.99
nereu,2026-10-08T03:04,0.99
nereu,2026-10-08T03:05,0.99
nereu,2026-10-08T03:06,0.99
nereu,2026-10-08T03:07,1
nereu,2026-10-08T03:08,0.99
nereu,2026-10-08T03:09,0.99
nereu,2026-10-08T03:10,0.99
nereu,2026-10-08T03:11,0.99
nereu,2026-10-08T03:12,0.99
nereu,2026-10-08T03:13,0.99
nereu,2026-10-08T03:14,0.99
nereu,2026-10-08T03:15,0.99
nereu,2026-10-08T03:16,0.99
nereu,2026-10-08T03:17,0.99
eta,2026-10-08T02:44,1.51
eta,2026-10-08T02:45,1.51
eta,2026-10-08T02:46,1.52
eta,2026-10-08T02:47,1.51
eta,2026-10-08T02:48,1.51
eta,2026-10-08T02:49,1.51
eta,2026-10-08T02:50,1.51
eta,2026-10-08T02:51,1.51
eta,2026-10-08T02:52,1.52
eta,2026-10-08T02:53,1.51
eta,2026-10-08T02:54,1.51
eta,2026-10-08T02:55,1.51
eta,2026-10-08T02:56,1.51
eta,2026-10-08T02:57,1.51
eta,2026-10-08T02:58,1.52
eta,2026-10-08T02:59,1.51
eta,2026-10-08T03:00,1.51
eta,2026-10-08T03:01,1.51
eta,2026-10-08T03:02,1.51
eta,2026-10-08T03:03,1.51
eta,2026-10-08T03:04,1.51
eta,2026-10-08T03:05,1.51
eta,2026-10-08T03:06,1.51
eta,2026-10-08T03:07,1.51
eta,2026-10-08T03:08,1.5
eta,2026-10-08T03:09,1.51
eta,2026-10-08T03:10,1.5
eta,2026-10-08T03:11,1.52
eta,2026-10-08T03:12,1.5
eta,2026-10-08T03:13,1.5
eta,2026-10-08T03:14,1.5
eta,2026-10-08T03:15,1.47
eta,2026-10-08T03:16,1.5
eta,2026-10-08T03:17,1.51
via_verde,2026-10-08T02:44,1.58
via_verde,2026-10-08T02:45,1.59
via_verde,2026-10-08T02:46,1.59
via_verde,2026-10-08T02:47,1.58
via_verde,2026-10-08T02:48,1.59
via_verde,2026-10-08T02:49,1.58
via_verde,2026-10-08T02:50,1.58
via_verde,2026-10-08T02:51,1.59
via_verde,2026-10-08T02:52,1.58
via_verde,2026-10-08T02:53,1.58
via_verde,2026-10-08T02:54,1.58
via_verde,2026-10-08T02:55,1.57
via_verde,2026-10-08T02:56,1.58
via_verde,2026-10-08T02:57,1.58
via_verde,2026-10-08T02:58,1.58
via_verde,2026-10-08T02:59,1.58
via_verde,2026-10-08T03:00,1.58
via_verde,2026-10-08T03:01,1.57
via_verde,2026-10-08T03:02,1.57
via_verde,2026-10-08T03:03,1.57
via_verde,2026-10-08T03:04,1.58
via_verde,2026-10-08T03:05,1.58
via_verde,2026-10-08T03:06,1.57
via_verde,2026-10-08T03:07,1.57
via_verde,2026-10-08T03:08,1.57
via_verde,2026-10-08T03:09,1.57
via_verde,2026-10-08T03:10,1.58
via_verde,2026-10-08T03:11,1.57
via_verde,2026-10-08T03:12,1.57
via_verde,2026-10-08T03:13,1.57
via_verde,2026-10-08T03:14,1.56
via_verde,2026-10-08T03:15,1.56
via_verde,2026-10-08T03:16,1.57
via_verde,2026-10-08T03:17,1.57
corupa,2026-10-08T03:18,1.06
corupa,2026-10-08T03:19,1.08
corupa,2026-10-08T03:20,1.06
corupa,2026-10-08T03:21,1.06
corupa,2026-10-08T03:22,1.06
corupa,2026-10-08T03:23,1.06
corupa,2026-10-08T03:24,1.06
corupa,2026-10-08T03:25,1.05
corupa,2026-10-08T03:26,1.05
corupa,2026-10-08T03:27,1.05
corupa,2026-10-08T03:28,1.06
corupa,2026-10-08T03:29,1.06
corupa,2026-10-08T03:30,1.08
corupa,2026-10-08T03:31,1.07
corupa,2026-10-08T03:32,1.07
corupa,2026-10-08T03:33,1.06
corupa,2026-10-08T03:34,1.07
corupa,2026-10-08T03:35,1.07
corupa,2026-10-08T03:36,1.07
corupa,2026-10-08T03:37,1.08
corupa,2026-10-08T03:38,1.08
corupa,2026-10-08T03:39,1.05
corupa,2026-10-08T03:40,1.05
corupa,2026-10-08T03:41,1.05
corupa,2026-10-08T03:42,1.07
corupa,2026-10-08T03:43,1.07
corupa,2026-10-08T03:44,1.04
corupa,2026-10-08T03:45,1.06
corupa,2026-10-08T03:46,1.06
corupa,2026-10-08T03:47,1.07
corupa,2026-10-08T03:48,1.07
corupa,2026-10-08T03:49,1.08
corupa,2026-10-08T03:50,1.07
corupa,2026-10-08T03:51,1.07
corupa,2026-10-08T03:52,1.08
corupa,2026-10-08T03:53,1.08
corupa,2026-10-08T03:54,1.05
corupa,2026-10-08T03:55,1.07
corupa,2026-10-08T03:56,1.07
corupa,2026-10-08T03:57,1.06
corupa,2026-10-08T03:58,1.06
corupa,2026-10-08T03:59,1.06
corupa,2026-10-08T04:00,1.06
corupa,2026-10-08T04:01,1.07
corupa,2026-10-08T04:02,1.07
corupa,2026-10-08T04:03,1.02
corupa,2026-10-08T04:04,1.07
corupa,2026-10-08T04:05,1.07
corupa,2026-10-08T04:06,1.06
corupa,2026-10-08T04:07,1.06
corupa,2026-10-08T04:08,1.07
corupa,2026-10-08T04:09,1.08
corupa,2026-10-08T04:10,1.08
corupa,2026-10-08T04:11,1.06
corupa,2026-10-08T04:12,1.06
corupa,2026-10-08T04:13,1.07
corupa,2026-10-08T04:14,1.07
corupa,2026-10-08T04:15,1.04
corupa,2026-10-08T04:16,1.04
corupa,2026-10-08T04:17,1.07
corupa,2026-10-08T04:18,1.04
corupa,2026-10-08T04:19,1.04
corupa,2026-10-08T04:20,1.05
corupa,2026-10-08T04:21,1.05
corupa,2026-10-08T04:22,1.04
corupa,2026-10-08T04:23,1.06
corupa,2026-10-08T04:24,1.06
corupa,2026-10-08T04:25,1.04
corupa,2026-10-08T04:26,1.04
corupa,2026-10-08T04:27,1.04
corupa,2026-10-08T04:28,1.05
corupa,2026-10-08T04:29,1.06
corupa,2026-10-08T04:30,1.06
corupa,2026-10-08T04:31,1.05
corupa,2026-10-08T04:32,1.04
corupa,2026-10-08T04:33,1.04
corupa,2026-10-08T04:34,1.04
corupa,2026-10-08T04:35,1.04
corupa,2026-10-08T04:36,1.04
corupa,2026-10-08T04:37,1.04
corupa,2026-10-08T04:38,1.04
corupa,2026-10-08T04:39,1.04
corupa,2026-10-08T04:40,1.03
corupa,2026-10-08T04:41,1.03
corupa,2026-10-08T04:42,1.02
corupa,2026-10-08T04:43,1.03
corupa,2026-10-08T04:44,1.04
corupa,2026-10-08T04:45,1.04
corupa,2026-10-08T04:46,1.02
corupa,2026-10-08T04:47,1.02
corupa,2026-10-08T04:48,1.04
corupa,2026-10-08T04:49,1.03
corupa,2026-10-08T04:50,1.03
corupa,2026-10-08T04:51,1.02
corupa,2026-10-08T04:52,1.02
corupa,2026-10-08T04:53,1
corupa,2026-10-08T04:54,1.02
corupa,2026-10-08T04:55,1.02
corupa,2026-10-08T04:56,1.03
corupa,2026-10-08T04:57,1.03
corupa,2026-10-08T04:58,1.02
corupa,2026-10-08T04:59,1.02
corupa,2026-10-08T05:00,1.02
corupa,2026-10-08T05:01,1.02
corupa,2026-10-08T05:02,1.02
corupa,2026-10-08T05:03,1.03
corupa,2026-10-08T05:05,0
corupa,2026-10-08T05:06,0
corupa,2026-10-08T05:07,1.04
corupa,2026-10-08T05:08,1.03
corupa,2026-10-08T05:09,1.03
corupa,2026-10-08T05:10,1.02
corupa,2026-10-08T05:11,1.03
corupa,2026-10-08T05:12,1.03
corupa,2026-10-08T05:13,1.03
corupa,2026-10-08T05:14,1.03
corupa,2026-10-08T05:15,1.05
corupa,2026-10-08T05:16,1.05
corupa,2026-10-08T05:17,1.05
corupa,2026-10-08T05:18,1.03
corupa,2026-10-08T05:19,1.03
corupa,2026-10-08T05:20,1.04
corupa,2026-10-08T05:21,1.04
corupa,2026-10-08T05:22,1.04
corupa,2026-10-08T05:23,1.02
corupa,2026-10-08T05:24,1.03
corupa,2026-10-08T05:25,1.03
corupa,2026-10-08T05:26,1.03
corupa,2026-10-08T05:27,1.03
corupa,2026-10-08T05:28,1.02
corupa,2026-10-08T05:29,1.02
corupa,2026-10-08T05:30,1.02
corupa,2026-10-08T05:31,1.03
corupa,2026-10-08T05:32,1.03
corupa,2026-10-08T05:33,1.03
corupa,2026-10-08T05:34,1.02
corupa,2026-10-08T05:35,1.02
corupa,2026-10-08T05:36,1.03
corupa,2026-10-08T05:37,1.03
corupa,2026-10-08T05:38,1.02
corupa,2026-10-08T05:39,1.02
corupa,2026-10-08T05:40,1.02
corupa,2026-10-08T05:41,1.02
corupa,2026-10-08T05:42,1.02
corupa,2026-10-08T05:43,1.02
corupa,2026-10-08T05:44,1.02
corupa,2026-10-08T05:45,1
corupa,2026-10-08T05:46,1.02
corupa,2026-10-08T05:47,1.02
corupa,2026-10-08T05:48,1.02
corupa,2026-10-08T05:49,1.02
corupa,2026-10-08T05:50,1.02
corupa,2026-10-08T05:51,1.02
corupa,2026-10-08T05:52,0.99
corupa,2026-10-08T05:53,0.99
corupa,2026-10-08T05:54,1
corupa,2026-10-08T05:55,1
corupa,2026-10-08T05:56,1
corupa,2026-10-08T05:57,1
corupa,2026-10-08T05:58,1.02
corupa,2026-10-08T05:59,1
corupa,2026-10-08T06:00,1
corupa,2026-10-08T06:01,1.01
corupa,2026-10-08T06:02,0.99
corupa,2026-10-08T06:03,0.99
corupa,2026-10-08T06:04,1
corupa,2026-10-08T06:05,1
corupa,2026-10-08T06:06,1
corupa,2026-10-08T06:07,1
corupa,2026-10-08T06:08,1
corupa,2026-10-08T06:09,1
corupa,2026-10-08T06:10,1
corupa,2026-10-08T06:11,0.99
corupa,2026-10-08T06:12,0.99
corupa,2026-10-08T06:13,0.98
corupa,2026-10-08T06:14,1
corupa,2026-10-08T06:15,1
corupa,2026-10-08T06:16,1
corupa,2026-10-08T06:17,1
corupa,2026-10-08T06:18,1
corupa,2026-10-08T06:19,1
corupa,2026-10-08T06:20,1
corupa,2026-10-08T06:21,0.99
corupa,2026-10-08T06:22,0.99
corupa,2026-10-08T06:23,0.99
corupa,2026-10-08T06:24,0.99
corupa,2026-10-08T06:25,0.99
corupa,2026-10-08T06:26,1.02
corupa,2026-10-08T06:27,1.02
corupa,2026-10-08T06:28,1.01
corupa,2026-10-08T06:29,0.99
corupa,2026-10-08T06:30,0.99
corupa,2026-10-08T06:31,1.02
corupa,2026-10-08T06:32,1.02
corupa,2026-10-08T06:33,1.02
corupa,2026-10-08T06:34,1
corupa,2026-10-08T06:35,1
corupa,2026-10-08T06:36,0.99
corupa,2026-10-08T06:37,0.99
corupa,2026-10-08T06:38,1
corupa,2026-10-08T06:39,0.98
corupa,2026-10-08T06:40,0.98
corupa,2026-10-08T06:41,1
corupa,2026-10-08T06:42,1.01
corupa,2026-10-08T06:43,1.01
corupa,2026-10-08T06:44,0.99
corupa,2026-10-08T06:45,0.99
corupa,2026-10-08T06:46,1
corupa,2026-10-08T06:47,0.98
corupa,2026-10-08T06:48,0.98
corupa,2026-10-08T06:49,0.98
corupa,2026-10-08T06:50,0.98
corupa,2026-10-08T06:51,1
corupa,2026-10-08T06:52,1
corupa,2026-10-08T06:53,0.99
corupa,2026-10-08T06:54,0.99
corupa,2026-10-08T06:55,0.98
corupa,2026-10-08T06:56,0.99
corupa,2026-10-08T06:57,0.99
corupa,2026-10-08T06:58,0.99
corupa,2026-10-08T06:59,0.99
corupa,2026-10-08T07:00,0.99
corupa,2026-10-08T07:01,0.99
corupa,2026-10-08T07:02,0.99
corupa,2026-10-08T07:03,0.99
corupa,2026-10-08T07:04,0.99
corupa,2026-10-08T07:05,0.98
corupa,2026-10-08T07:06,0.98
corupa,2026-10-08T07:07,0.99
corupa,2026-10-08T07:08,0.99
corupa,2026-10-08T07:09,0.98
corupa,2026-10-08T07:10,0.99
corupa,2026-10-08T07:11,0.99
corupa,2026-10-08T07:12,0.99
corupa,2026-10-08T07:13,0.99
corupa,2026-10-08T07:14,0.98
corupa,2026-10-08T07:15,0.98
corupa,2026-10-08T07:16,0.98
corupa,2026-10-08T07:17,0.98
corupa,2026-10-08T07:18,0.98
corupa,2026-10-08T07:19,1
corupa,2026-10-08T07:20,1
corupa,2026-10-08T07:21,0.99
corupa,2026-10-08T07:22,0.99
corupa,2026-10-08T07:23,0.97
corupa,2026-10-08T07:24,0.97
corupa,2026-10-08T07:25,0.99
corupa,2026-10-08T07:26,0.98
corupa,2026-10-08T07:27,0.98
corupa,2026-10-08T07:28,0.96
corupa,2026-10-08T07:29,0.96
corupa,2026-10-08T07:30,0.98
corupa,2026-10-08T07:31,0.98
corupa,2026-10-08T07:32,0.98
corupa,2026-10-08T07:33,0.98
corupa,2026-10-08T07:34,0.98
corupa,2026-10-08T07:35,0.96
corupa,2026-10-08T07:36,0.96
corupa,2026-10-08T07:37,0.97
corupa,2026-10-08T07:38,0.97
corupa,2026-10-08T07:39,0.97
corupa,2026-10-08T07:40,0.98
corupa,2026-10-08T07:41,0.98
corupa,2026-10-08T07:42,0.98
corupa,2026-10-08T07:43,0.98
corupa,2026-10-08T07:44,0.98
corupa,2026-10-08T07:45,0.97
corupa,2026-10-08T07:46,0.97
corupa,2026-10-08T07:47,0.97
corupa,2026-10-08T07:48,0.97
corupa,2026-10-08T07:49,0.97
corupa,2026-10-08T07:50,0.97
corupa,2026-10-08T07:51,0.97
corupa,2026-10-08T07:52,0.94
corupa,2026-10-08T07:53,0.94
corupa,2026-10-08T07:54,0.98
corupa,2026-10-08T07:55,0.98
corupa,2026-10-08T07:56,0.95
corupa,2026-10-08T07:57,0.98
corupa,2026-10-08T07:58,0.98
corupa,2026-10-08T07:59,0.97
corupa,2026-10-08T08:00,0.97
corupa,2026-10-08T08:01,0.97
corupa,2026-10-08T08:02,0.97
corupa,2026-10-08T08:03,0.96
corupa,2026-10-08T08:04,0.96
corupa,2026-10-08T08:05,0.96
corupa,2026-10-08T08:06,0.96
corupa,2026-10-08T08:07,0.97
corupa,2026-10-08T08:08,0.97
corupa,2026-10-08T08:09,0.97
corupa,2026-10-08T08:10,0.97
corupa,2026-10-08T08:11,0.97
corupa,2026-10-08T08:12,0.97
corupa,2026-10-08T08:13,0.97
corupa,2026-10-08T08:14,0.95
corupa,2026-10-08T08:15,0.95
corupa,2026-10-08T08:16,0.96
corupa,2026-10-08T08:17,0.95
corupa,2026-10-08T08:18,0.95
corupa,2026-10-08T08:19,0.96
corupa,2026-10-08T08:20,0.96
corupa,2026-10-08T08:21,0.95
corupa,2026-10-08T08:22,0.95
corupa,2026-10-08T08:23,0.97
corupa,2026-10-08T08:24,0.97
corupa,2026-10-08T08:25,0.96
corupa,2026-10-08T08:26,0.96
corupa,2026-10-08T08:27,0.97
corupa,2026-10-08T08:28,0.97
corupa,2026-10-08T08:29,0.96
corupa,2026-10-08T08:30,0.96
corupa,2026-10-08T08:31,0.95
corupa,2026-10-08T08:32,0.95
nereu,2026-10-08T03:18,0.99
nereu,2026-10-08T03:19,0.99
nereu,2026-10-08T03:20,0.99
nereu,2026-10-08T03:21,0.99
nereu,2026-10-08T03:22,0.98
nereu,2026-10-08T03:23,0.99
nereu,2026-10-08T03:24,0.99
nereu,2026-10-08T03:25,0.99
nereu,2026-10-08T03:26,0.99
nereu,2026-10-08T03:27,0.99
nereu,2026-10-08T03:28,0.99
nereu,2026-10-08T03:29,0.98
nereu,2026-10-08T03:30,0.98
nereu,2026-10-08T03:31,0.98
nereu,2026-10-08T03:32,0.99
nereu,2026-10-08T03:33,0.99
nereu,2026-10-08T03:34,0.98
nereu,2026-10-08T03:35,0.98
nereu,2026-10-08T03:36,0.99
nereu,2026-10-08T03:37,0.98
nereu,2026-10-08T03:38,0.98
nereu,2026-10-08T03:39,0.98
nereu,2026-10-08T03:40,0.98
nereu,2026-10-08T03:41,0.98
nereu,2026-10-08T03:42,0.98
nereu,2026-10-08T03:43,0.98
nereu,2026-10-08T03:44,0.98
nereu,2026-10-08T03:45,0.98
nereu,2026-10-08T03:46,0.98
nereu,2026-10-08T03:47,0.98
nereu,2026-10-08T03:48,0.98
nereu,2026-10-08T03:49,0.98
nereu,2026-10-08T03:50,0.98
nereu,2026-10-08T03:51,0.98
nereu,2026-10-08T03:52,0.99
nereu,2026-10-08T03:53,0.98
nereu,2026-10-08T03:54,0.98
nereu,2026-10-08T03:55,0.97
nereu,2026-10-08T03:56,0.98
nereu,2026-10-08T03:57,0.97
nereu,2026-10-08T03:58,0.98
nereu,2026-10-08T03:59,0.98
nereu,2026-10-08T04:00,0.98
nereu,2026-10-08T04:01,0.97
nereu,2026-10-08T04:02,0.98
nereu,2026-10-08T04:03,0.98
nereu,2026-10-08T04:04,0.98
nereu,2026-10-08T04:05,0.98
nereu,2026-10-08T04:06,0.98
nereu,2026-10-08T04:07,0.98
nereu,2026-10-08T04:08,0.97
nereu,2026-10-08T04:09,0.97
nereu,2026-10-08T04:10,0.97
nereu,2026-10-08T04:11,0.97
nereu,2026-10-08T04:12,0.98
nereu,2026-10-08T04:13,0.97
nereu,2026-10-08T04:14,0.97
nereu,2026-10-08T04:15,0.97
nereu,2026-10-08T04:16,0.97
nereu,2026-10-08T04:17,0.97
nereu,2026-10-08T04:18,0.97
nereu,2026-10-08T04:19,0.97
nereu,2026-10-08T04:20,0.97
nereu,2026-10-08T04:21,0.97
nereu,2026-10-08T04:22,0.97
nereu,2026-10-08T04:23,0.97
nereu,2026-10-08T04:24,0.97
nereu,2026-10-08T04:25,0.96
nereu,2026-10-08T04:26,0.97
nereu,2026-10-08T04:27,0.96
nereu,2026-10-08T04:28,0.97
nereu,2026-10-08T04:29,0.97
nereu,2026-10-08T04:30,0.96
nereu,2026-10-08T04:31,0.96
nereu,2026-10-08T04:32,0.97
nereu,2026-10-08T04:33,0.97
nereu,2026-10-08T04:34,0.96
nereu,2026-10-08T04:35,0.97
nereu,2026-10-08T04:36,0.97
nereu,2026-10-08T04:37,0.98
nereu,2026-10-08T04:38,0.96
nereu,2026-10-08T04:39,0.97
nereu,2026-10-08T04:40,0.96
nereu,2026-10-08T04:41,0.96
nereu,2026-10-08T04:42,0.96
nereu,2026-10-08T04:43,0.96
nereu,2026-10-08T04:44,0.96
nereu,2026-10-08T04:45,0.96
nereu,2026-10-08T04:46,0.96
nereu,2026-10-08T04:47,0.96
nereu,2026-10-08T04:48,0.96
nereu,2026-10-08T04:49,0.96
nereu,2026-10-08T04:50,0.96
nereu,2026-10-08T04:51,0.96
nereu,2026-10-08T04:52,0.97
nereu,2026-10-08T04:53,0.96
nereu,2026-10-08T04:54,0.96
nereu,2026-10-08T04:55,0.96
nereu,2026-10-08T04:56,0.96
nereu,2026-10-08T04:57,0.96
nereu,2026-10-08T04:58,0.96
nereu,2026-10-08T04:59,0.96
nereu,2026-10-08T05:00,0.96
nereu,2026-10-08T05:01,0.95
nereu,2026-10-08T05:02,0.96
nereu,2026-10-08T05:03,0.96
nereu,2026-10-08T05:05,0
nereu,2026-10-08T05:06,0.96
nereu,2026-10-08T05:07,0.96
nereu,2026-10-08T05:08,0.96
nereu,2026-10-08T05:09,0.96
nereu,2026-10-08T05:10,0.96
nereu,2026-10-08T05:11,0.96
nereu,2026-10-08T05:12,0.96
nereu,2026-10-08T05:13,0.96
nereu,2026-10-08T05:14,0.96
nereu,2026-10-08T05:15,0.96
nereu,2026-10-08T05:16,0.96
nereu,2026-10-08T05:17,0.96
nereu,2026-10-08T05:18,0.96
nereu,2026-10-08T05:19,0.97
nereu,2026-10-08T05:20,0.96
nereu,2026-10-08T05:21,0.96
nereu,2026-10-08T05:22,0.95
nereu,2026-10-08T05:23,0.96
nereu,2026-10-08T05:24,0.95
nereu,2026-10-08T05:25,0.95
nereu,2026-10-08T05:26,0.96
nereu,2026-10-08T05:27,0.96
nereu,2026-10-08T05:28,0.96
nereu,2026-10-08T05:29,0.96
nereu,2026-10-08T05:30,0.95
nereu,2026-10-08T05:31,0.96
nereu,2026-10-08T05:32,0.96
nereu,2026-10-08T05:33,0.95
nereu,2026-10-08T05:34,0.95
nereu,2026-10-08T05:35,0.96
nereu,2026-10-08T05:36,0.95
nereu,2026-10-08T05:37,0.95
nereu,2026-10-08T05:38,0.95
nereu,2026-10-08T05:39,0.95
nereu,2026-10-08T05:40,0.95
nereu,2026-10-08T05:41,0.94
nereu,2026-10-08T05:42,0.95
nereu,2026-10-08T05:43,0.95
nereu,2026-10-08T05:44,0.95
nereu,2026-10-08T05:45,0.95
nereu,2026-10-08T05:46,0.95
nereu,2026-10-08T05:47,0.95
nereu,2026-10-08T05:48,0.95
nereu,2026-10-08T05:49,0.94
nereu,2026-10-08T05:50,0.95
nereu,2026-10-08T05:51,0.94
nereu,2026-10-08T05:52,0.95
nereu,2026-10-08T05:53,0.94
nereu,2026-10-08T05:54,0.94
nereu,2026-10-08T05:55,0.95
nereu,2026-10-08T05:56,0.94
nereu,2026-10-08T05:57,0.94
nereu,2026-10-08T05:58,0.94
nereu,2026-10-08T05:59,0.95
nereu,2026-10-08T06:00,0.94
nereu,2026-10-08T06:01,0.95
nereu,2026-10-08T06:02,0.94
nereu,2026-10-08T06:03,0.95
nereu,2026-10-08T06:04,0.94
nereu,2026-10-08T06:05,0.94
nereu,2026-10-08T06:06,0.94
nereu,2026-10-08T06:07,0.95
nereu,2026-10-08T06:08,0.95
nereu,2026-10-08T06:09,0.95
nereu,2026-10-08T06:10,0.95
nereu,2026-10-08T06:11,0.95
nereu,2026-10-08T06:12,0.94
nereu,2026-10-08T06:13,0.95
nereu,2026-10-08T06:14,0.95
nereu,2026-10-08T06:15,0.94
nereu,2026-10-08T06:16,0.94
nereu,2026-10-08T06:17,0.94
nereu,2026-10-08T06:18,0.94
nereu,2026-10-08T06:19,0.94
nereu,2026-10-08T06:20,0.95
nereu,2026-10-08T06:21,0.94
nereu,2026-10-08T06:22,0.94
nereu,2026-10-08T06:23,0.94
nereu,2026-10-08T06:24,0.94
nereu,2026-10-08T06:25,0.95
nereu,2026-10-08T06:26,0.94
nereu,2026-10-08T06:27,0.95
nereu,2026-10-08T06:28,0.95
nereu,2026-10-08T06:29,0.94
nereu,2026-10-08T06:30,0.95
nereu,2026-10-08T06:31,0.94
nereu,2026-10-08T06:32,0.94
nereu,2026-10-08T06:33,0.94
nereu,2026-10-08T06:34,0.95
nereu,2026-10-08T06:35,0.94
nereu,2026-10-08T06:36,0.94
nereu,2026-10-08T06:37,0.94
nereu,2026-10-08T06:38,0.94
nereu,2026-10-08T06:39,0.94
nereu,2026-10-08T06:40,0.94
nereu,2026-10-08T06:41,0.95
nereu,2026-10-08T06:42,0.94
nereu,2026-10-08T06:43,0.94
nereu,2026-10-08T06:44,0.94
nereu,2026-10-08T06:45,0.94
nereu,2026-10-08T06:46,0.94
nereu,2026-10-08T06:47,0.94
nereu,2026-10-08T06:48,0.94
nereu,2026-10-08T06:49,0.94
nereu,2026-10-08T06:50,0.94
nereu,2026-10-08T06:51,0.94
nereu,2026-10-08T06:52,0.94
nereu,2026-10-08T06:53,0.94
nereu,2026-10-08T06:54,0.94
nereu,2026-10-08T06:55,0.94
nereu,2026-10-08T06:56,0.93
nereu,2026-10-08T06:57,0.93
nereu,2026-10-08T06:58,0.94
nereu,2026-10-08T06:59,0.94
nereu,2026-10-08T07:00,0.94
nereu,2026-10-08T07:01,0.93
nereu,2026-10-08T07:02,0.93
nereu,2026-10-08T07:03,0.93
nereu,2026-10-08T07:04,0.93
nereu,2026-10-08T07:05,0.93
nereu,2026-10-08T07:06,0.94
nereu,2026-10-08T07:07,0.93
nereu,2026-10-08T07:08,0.93
nereu,2026-10-08T07:09,0.93
nereu,2026-10-08T07:10,0.93
nereu,2026-10-08T07:11,0.93
nereu,2026-10-08T07:12,0.93
nereu,2026-10-08T07:13,0.93
nereu,2026-10-08T07:14,0.93
nereu,2026-10-08T07:15,0.93
nereu,2026-10-08T07:16,0.93
nereu,2026-10-08T07:17,0.93
nereu,2026-10-08T07:18,0.93
nereu,2026-10-08T07:19,0.93
nereu,2026-10-08T07:20,0.92
nereu,2026-10-08T07:21,0.93
nereu,2026-10-08T07:22,0.93
nereu,2026-10-08T07:23,0.92
nereu,2026-10-08T07:24,0.93
nereu,2026-10-08T07:25,0.93
nereu,2026-10-08T07:26,0.93
nereu,2026-10-08T07:27,0.93
nereu,2026-10-08T07:28,0.93
nereu,2026-10-08T07:29,0.93
nereu,2026-10-08T07:30,0.93
nereu,2026-10-08T07:31,0.93
nereu,2026-10-08T07:32,0.93
nereu,2026-10-08T07:33,0.93
nereu,2026-10-08T07:34,0.93
nereu,2026-10-08T07:35,0.93
nereu,2026-10-08T07:36,0.93
nereu,2026-10-08T07:37,0.93
nereu,2026-10-08T07:38,0.93
nereu,2026-10-08T07:39,0.93
nereu,2026-10-08T07:40,0.93
nereu,2026-10-08T07:41,0.92
nereu,2026-10-08T07:42,0.92
nereu,2026-10-08T07:43,0.92
nereu,2026-10-08T07:44,0.92
nereu,2026-10-08T07:45,0.92
nereu,2026-10-08T07:46,0.93
nereu,2026-10-08T07:47,0.93
nereu,2026-10-08T07:48,0.92
nereu,2026-10-08T07:49,0.92
nereu,2026-10-08T07:50,0.92
nereu,2026-10-08T07:51,0.92
nereu,2026-10-08T07:52,0.92
nereu,2026-10-08T07:53,0.92
nereu,2026-10-08T07:54,0.92
nereu,2026-10-08T07:55,0.93
nereu,2026-10-08T07:56,0.93
nereu,2026-10-08T07:57,0.92
nereu,2026-10-08T07:58,0.92
nereu,2026-10-08T07:59,0.92
nereu,2026-10-08T08:00,0.92
nereu,2026-10-08T08:01,0.92
nereu,2026-10-08T08:02,0.92
nereu,2026-10-08T08:03,0.92
nereu,2026-10-08T08:04,0.92
nereu,2026-10-08T08:05,0.92
nereu,2026-10-08T08:06,0.92
nereu,2026-10-08T08:07,0.92
nereu,2026-10-08T08:08,0.92
nereu,2026-10-08T08:09,0.92
nereu,2026-10-08T08:10,0.92
nereu,2026-10-08T08:11,0.92
nereu,2026-10-08T08:12,0.92
nereu,2026-10-08T08:13,0.92
nereu,2026-10-08T08:14,0.92
nereu,2026-10-08T08:15,0.92
nereu,2026-10-08T08:16,0.92
nereu,2026-10-08T08:17,0.93
nereu,2026-10-08T08:18,0.92
nereu,2026-10-08T08:19,0.92
nereu,2026-10-08T08:20,0.93
nereu,2026-10-08T08:21,0.92
nereu,2026-10-08T08:22,0.92
nereu,2026-10-08T08:23,0.92
nereu,2026-10-08T08:24,0.92
nereu,2026-10-08T08:25,0.92
nereu,2026-10-08T08:26,0.92
nereu,2026-10-08T08:27,0.92
nereu,2026-10-08T08:28,0.92
nereu,2026-10-08T08:29,0.92
nereu,2026-10-08T08:30,0.91
nereu,2026-10-08T08:31,0.91
nereu,2026-10-08T08:32,0.92
eta,2026-10-08T03:18,1.49
eta,2026-10-08T03:19,1.5
eta,2026-10-08T03:20,1.5
eta,2026-10-08T03:21,1.49
eta,2026-10-08T03:22,1.5
eta,2026-10-08T03:23,1.5
eta,2026-10-08T03:24,1.5
eta,2026-10-08T03:25,1.5
eta,2026-10-08T03:26,1.49
eta,2026-10-08T03:27,1.49
eta,2026-10-08T03:28,1.49
eta,2026-10-08T03:29,1.5
eta,2026-10-08T03:30,1.49
eta,2026-10-08T03:31,1.49
eta,2026-10-08T03:32,1.49
eta,2026-10-08T03:33,1.49
eta,2026-10-08T03:34,1.5
eta,2026-10-08T03:35,1.49
eta,2026-10-08T03:36,1.48
eta,2026-10-08T03:37,1.49
eta,2026-10-08T03:38,1.49
eta,2026-10-08T03:39,1.47
eta,2026-10-08T03:40,1.49
eta,2026-10-08T03:41,1.49
eta,2026-10-08T03:42,1.48
eta,2026-10-08T03:43,1.48
eta,2026-10-08T03:44,1.48
eta,2026-10-08T03:45,1.48
eta,2026-10-08T03:46,1.49
eta,2026-10-08T03:47,1.48
eta,2026-10-08T03:48,1.48
eta,2026-10-08T03:49,1.48
eta,2026-10-08T03:50,1.48
eta,2026-10-08T03:51,1.48
eta,2026-10-08T03:52,1.48
eta,2026-10-08T03:53,1.48
eta,2026-10-08T03:54,1.48
eta,2026-10-08T03:55,1.48
eta,2026-10-08T03:56,1.48
eta,2026-10-08T03:57,1.47
eta,2026-10-08T03:58,1.47
eta,2026-10-08T03:59,1.47
eta,2026-10-08T04:00,1.47
eta,2026-10-08T04:01,1.46
eta,2026-10-08T04:02,1.47
eta,2026-10-08T04:03,1.48
eta,2026-10-08T04:04,1.47
eta,2026-10-08T04:05,1.48
eta,2026-10-08T04:06,1.47
eta,2026-10-08T04:07,1.46
eta,2026-10-08T04:08,1.47
eta,2026-10-08T04:09,1.47
eta,2026-10-08T04:10,1.47
eta,2026-10-08T04:11,1.47
eta,2026-10-08T04:12,1.47
eta,2026-10-08T04:13,1.47
eta,2026-10-08T04:14,1.46
eta,2026-10-08T04:15,1.47
eta,2026-10-08T04:16,1.43
eta,2026-10-08T04:17,1.46
eta,2026-10-08T04:18,1.47
eta,2026-10-08T04:19,1.46
eta,2026-10-08T04:20,1.46
eta,2026-10-08T04:21,1.46
eta,2026-10-08T04:22,1.47
eta,2026-10-08T04:23,1.46
eta,2026-10-08T04:24,1.46
eta,2026-10-08T04:25,1.46
eta,2026-10-08T04:26,1.46
eta,2026-10-08T04:27,1.47
eta,2026-10-08T04:28,1.46
eta,2026-10-08T04:29,1.46
eta,2026-10-08T04:30,1.45
eta,2026-10-08T04:31,1.46
eta,2026-10-08T04:32,1.46
eta,2026-10-08T04:33,1.46
eta,2026-10-08T04:34,1.46
eta,2026-10-08T04:35,1.46
eta,2026-10-08T04:36,1.46
eta,2026-10-08T04:37,1.46
eta,2026-10-08T04:38,1.46
eta,2026-10-08T04:39,1.45
eta,2026-10-08T04:40,1.46
eta,2026-10-08T04:41,1.43
eta,2026-10-08T04:42,1.46
eta,2026-10-08T04:43,1.45
eta,2026-10-08T04:44,1.46
eta,2026-10-08T04:45,1.45
eta,2026-10-08T04:46,1.45
eta,2026-10-08T04:47,1.45
eta,2026-10-08T04:48,1.45
eta,2026-10-08T04:49,1.45
eta,2026-10-08T04:50,1.45
eta,2026-10-08T04:51,1.45
eta,2026-10-08T04:52,1.45
eta,2026-10-08T04:53,1.45
eta,2026-10-08T04:54,1.45
eta,2026-10-08T04:55,1.45
eta,2026-10-08T04:56,1.45
eta,2026-10-08T04:57,1.45
eta,2026-10-08T04:58,1.45
eta,2026-10-08T04:59,1.45
eta,2026-10-08T05:00,1.44
eta,2026-10-08T05:01,1.45
eta,2026-10-08T05:02,1.44
eta,2026-10-08T05:03,1.44
eta,2026-10-08T05:05,1.44
eta,2026-10-08T05:06,1.45
eta,2026-10-08T05:07,1.44
eta,2026-10-08T05:08,1.44
eta,2026-10-08T05:09,1.44
eta,2026-10-08T05:10,1.44
eta,2026-10-08T05:11,1.44
eta,2026-10-08T05:12,1.46
eta,2026-10-08T05:13,1.44
eta,2026-10-08T05:14,1.43
eta,2026-10-08T05:15,1.44
eta,2026-10-08T05:16,1.44
eta,2026-10-08T05:17,1.44
eta,2026-10-08T05:18,1.44
eta,2026-10-08T05:19,1.45
eta,2026-10-08T05:20,1.44
eta,2026-10-08T05:21,1.44
eta,2026-10-08T05:22,1.45
eta,2026-10-08T05:23,1.43
eta,2026-10-08T05:24,1.44
eta,2026-10-08T05:25,1.44
eta,2026-10-08T05:26,1.43
eta,2026-10-08T05:27,1.43
eta,2026-10-08T05:28,1.43
eta,2026-10-08T05:29,1.43
eta,2026-10-08T05:30,1.43
eta,2026-10-08T05:31,1.43
eta,2026-10-08T05:32,1.43
eta,2026-10-08T05:33,1.43
eta,2026-10-08T05:34,1.43
eta,2026-10-08T05:35,1.42
eta,2026-10-08T05:36,1.43
eta,2026-10-08T05:37,1.42
eta,2026-10-08T05:38,1.43
eta,2026-10-08T05:39,1.43
eta,2026-10-08T05:40,1.42
eta,2026-10-08T05:41,1.43
eta,2026-10-08T05:42,1.43
eta,2026-10-08T05:43,1.43
eta,2026-10-08T05:44,1.43
eta,2026-10-08T05:45,1.42
eta,2026-10-08T05:46,1.42
eta,2026-10-08T05:47,1.42
eta,2026-10-08T05:48,1.42
eta,2026-10-08T05:49,1.43
eta,2026-10-08T05:50,1.42
eta,2026-10-08T05:51,1.43
eta,2026-10-08T05:52,1.42
eta,2026-10-08T05:53,1.42
eta,2026-10-08T05:54,1.42
eta,2026-10-08T05:55,1.42
eta,2026-10-08T05:56,1.42
eta,2026-10-08T05:57,1.42
eta,2026-10-08T05:58,1.41
eta,2026-10-08T05:59,1.43
eta,2026-10-08T06:00,1.41
eta,2026-10-08T06:01,1.42
eta,2026-10-08T06:02,1.42
eta,2026-10-08T06:03,1.41
eta,2026-10-08T06:04,1.42
eta,2026-10-08T06:05,1.41
eta,2026-10-08T06:06,1.41
eta,2026-10-08T06:07,1.42
eta,2026-10-08T06:08,1.42
eta,2026-10-08T06:09,1.41
eta,2026-10-08T06:10,1.42
eta,2026-10-08T06:11,1.42
eta,2026-10-08T06:12,1.42
eta,2026-10-08T06:13,1.42
eta,2026-10-08T06:14,1.41
eta,2026-10-08T06:15,1.41
eta,2026-10-08T06:16,1.41
eta,2026-10-08T06:17,1.41
eta,2026-10-08T06:18,1.41
eta,2026-10-08T06:19,1.41
eta,2026-10-08T06:20,1.41
eta,2026-10-08T06:21,1.41
eta,2026-10-08T06:22,1.41
eta,2026-10-08T06:23,1.41
eta,2026-10-08T06:24,1.4
eta,2026-10-08T06:25,1.41
eta,2026-10-08T06:26,1.42
eta,2026-10-08T06:27,1.4
eta,2026-10-08T06:28,1.4
eta,2026-10-08T06:29,1.41
eta,2026-10-08T06:30,1.4
eta,2026-10-08T06:31,1.4
eta,2026-10-08T06:32,1.4
eta,2026-10-08T06:33,1.4
eta,2026-10-08T06:34,1.4
eta,2026-10-08T06:35,1.4
eta,2026-10-08T06:36,1.4
eta,2026-10-08T06:37,1.4
eta,2026-10-08T06:38,1.4
eta,2026-10-08T06:39,1.4
eta,2026-10-08T06:40,1.41
eta,2026-10-08T06:41,1.4
eta,2026-10-08T06:42,1.4
eta,2026-10-08T06:43,1.4
eta,2026-10-08T06:44,1.4
eta,2026-10-08T06:45,1.4
eta,2026-10-08T06:46,1.4
eta,2026-10-08T06:47,1.4
eta,2026-10-08T06:48,1.4
eta,2026-10-08T06:49,1.4
eta,2026-10-08T06:50,1.4
eta,2026-10-08T06:51,1.4
eta,2026-10-08T06:52,1.4
eta,2026-10-08T06:53,1.4
eta,2026-10-08T06:54,1.39
eta,2026-10-08T06:55,1.4
eta,2026-10-08T06:56,1.39
eta,2026-10-08T06:57,1.4
eta,2026-10-08T06:58,1.39
eta,2026-10-08T06:59,1.4
eta,2026-10-08T07:00,1.39
eta,2026-10-08T07:01,1.4
eta,2026-10-08T07:02,1.4
eta,2026-10-08T07:03,1.39
eta,2026-10-08T07:04,1.4
eta,2026-10-08T07:05,1.39
eta,2026-10-08T07:06,1.39
eta,2026-10-08T07:07,1.39
eta,2026-10-08T07:08,1.39
eta,2026-10-08T07:09,1.39
eta,2026-10-08T07:10,1.4
eta,2026-10-08T07:11,1.39
eta,2026-10-08T07:12,1.39
eta,2026-10-08T07:13,1.39
eta,2026-10-08T07:14,1.39
eta,2026-10-08T07:15,1.39
eta,2026-10-08T07:16,1.39
eta,2026-10-08T07:17,1.39
eta,2026-10-08T07:18,1.39
eta,2026-10-08T07:19,1.39
eta,2026-10-08T07:20,1.38
eta,2026-10-08T07:21,1.39
eta,2026-10-08T07:22,1.39
eta,2026-10-08T07:23,1.39
eta,2026-10-08T07:24,1.39
eta,2026-10-08T07:25,1.39
eta,2026-10-08T07:26,1.39
eta,2026-10-08T07:27,1.39
eta,2026-10-08T07:28,1.39
eta,2026-10-08T07:29,1.39
eta,2026-10-08T07:30,1.39
eta,2026-10-08T07:31,1.39
eta,2026-10-08T07:32,1.38
eta,2026-10-08T07:33,1.39
eta,2026-10-08T07:34,1.38
eta,2026-10-08T07:35,1.39
eta,2026-10-08T07:36,1.38
eta,2026-10-08T07:37,1.38
eta,2026-10-08T07:38,1.38
eta,2026-10-08T07:39,1.38
eta,2026-10-08T07:40,1.38
eta,2026-10-08T07:41,1.38
eta,2026-10-08T07:42,1.38
eta,2026-10-08T07:43,1.38
eta,2026-10-08T07:44,1.39
eta,2026-10-08T07:45,1.38
eta,2026-10-08T07:46,1.37
eta,2026-10-08T07:47,1.37
eta,2026-10-08T07:48,1.38
eta,2026-10-08T07:49,1.37
eta,2026-10-08T07:50,1.37
eta,2026-10-08T07:51,1.37
eta,2026-10-08T07:52,1.38
eta,2026-10-08T07:53,1.38
eta,2026-10-08T07:54,1.37
eta,2026-10-08T07:55,1.37
eta,2026-10-08T07:56,1.37
eta,2026-10-08T07:57,1.38
eta,2026-10-08T07:58,1.37
eta,2026-10-08T07:59,1.37
eta,2026-10-08T08:00,1.37
eta,2026-10-08T08:01,1.37
eta,2026-10-08T08:02,1.37
eta,2026-10-08T08:03,1.38
eta,2026-10-08T08:04,1.37
eta,2026-10-08T08:05,1.37
eta,2026-10-08T08:06,1.37
eta,2026-10-08T08:07,1.36
eta,2026-10-08T08:08,1.36
eta,2026-10-08T08:09,1.36
eta,2026-10-08T08:10,1.37
eta,2026-10-08T08:11,1.36
eta,2026-10-08T08:12,1.36
eta,2026-10-08T08:13,1.36
eta,2026-10-08T08:14,1.37
eta,2026-10-08T08:15,1.35
eta,2026-10-08T08:16,1.36
eta,2026-10-08T08:17,1.37
eta,2026-10-08T08:18,1.36
eta,2026-10-08T08:19,1.36
eta,2026-10-08T08:20,1.35
eta,2026-10-08T08:21,1.35
eta,2026-10-08T08:22,1.36
eta,2026-10-08T08:23,1.36
eta,2026-10-08T08:24,1.36
eta,2026-10-08T08:25,1.36
eta,2026-10-08T08:26,1.36
eta,2026-10-08T08:27,1.36
eta,2026-10-08T08:28,1.36
eta,2026-10-08T08:29,1.35
eta,2026-10-08T08:30,1.35
eta,2026-10-08T08:31,1.36
eta,2026-10-08T08:32,1.35
via_verde,2026-10-08T03:18,1.56
via_verde,2026-10-08T03:19,1.57
via_verde,2026-10-08T03:20,1.55
via_verde,2026-10-08T03:21,1.56
via_verde,2026-10-08T03:22,1.57
via_verde,2026-10-08T03:23,1.57
via_verde,2026-10-08T03:24,1.56
via_verde,2026-10-08T03:25,1.57
via_verde,2026-10-08T03:26,1.57
via_verde,2026-10-08T03:27,1.56
via_verde,2026-10-08T03:28,1.57
via_verde,2026-10-08T03:29,1.56
via_verde,2026-10-08T03:30,1.56
via_verde,2026-10-08T03:31,1.56
via_verde,2026-10-08T03:32,1.56
via_verde,2026-10-08T03:33,1.56
via_verde,2026-10-08T03:34,1.55
via_verde,2026-10-08T03:35,1.56
via_verde,2026-10-08T03:36,1.56
via_verde,2026-10-08T03:37,1.55
via_verde,2026-10-08T03:38,1.56
via_verde,2026-10-08T03:39,1.56
via_verde,2026-10-08T03:40,1.55
via_verde,2026-10-08T03:41,1.55
via_verde,2026-10-08T03:42,1.55
via_verde,2026-10-08T03:43,1.55
via_verde,2026-10-08T03:44,1.56
via_verde,2026-10-08T03:45,1.55
via_verde,2026-10-08T03:46,1.54
via_verde,2026-10-08T03:47,1.55
via_verde,2026-10-08T03:48,1.56
via_verde,2026-10-08T03:49,1.55
via_verde,2026-10-08T03:50,1.54
via_verde,2026-10-08T03:51,1.55
via_verde,2026-10-08T03:52,1.55
via_verde,2026-10-08T03:53,1.54
via_verde,2026-10-08T03:54,1.54
via_verde,2026-10-08T03:55,1.54
via_verde,2026-10-08T03:56,1.55
via_verde,2026-10-08T03:57,1.54
via_verde,2026-10-08T03:58,1.55
via_verde,2026-10-08T03:59,1.54
via_verde,2026-10-08T04:00,1.52
via_verde,2026-10-08T04:01,1.54
via_verde,2026-10-08T04:02,1.54
via_verde,2026-10-08T04:03,1.53
via_verde,2026-10-08T04:04,1.55
via_verde,2026-10-08T04:05,1.54
via_verde,2026-10-08T04:06,1.53
via_verde,2026-10-08T04:07,1.54
via_verde,2026-10-08T04:08,1.54
via_verde,2026-10-08T04:09,1.53
via_verde,2026-10-08T04:10,1.54
via_verde,2026-10-08T04:11,1.52
via_verde,2026-10-08T04:12,1.54
via_verde,2026-10-08T04:13,1.53
via_verde,2026-10-08T04:14,1.53
via_verde,2026-10-08T04:15,1.53
via_verde,2026-10-08T04:16,1.53
via_verde,2026-10-08T04:17,1.54
via_verde,2026-10-08T04:18,1.54
via_verde,2026-10-08T04:19,1.54
via_verde,2026-10-08T04:20,1.53
via_verde,2026-10-08T04:21,1.53
via_verde,2026-10-08T04:22,1.54
via_verde,2026-10-08T04:23,1.53
via_verde,2026-10-08T04:24,1.53
via_verde,2026-10-08T04:25,1.51
via_verde,2026-10-08T04:26,1.53
via_verde,2026-10-08T04:27,1.52
via_verde,2026-10-08T04:28,1.53
via_verde,2026-10-08T04:29,1.53
via_verde,2026-10-08T04:30,1.52
via_verde,2026-10-08T04:31,1.52
via_verde,2026-10-08T04:32,1.52
via_verde,2026-10-08T04:33,1.52
via_verde,2026-10-08T04:34,1.52
via_verde,2026-10-08T04:35,1.53
via_verde,2026-10-08T04:36,1.53
via_verde,2026-10-08T04:37,1.52
via_verde,2026-10-08T04:38,1.52
via_verde,2026-10-08T04:39,1.53
via_verde,2026-10-08T04:40,1.52
via_verde,2026-10-08T04:41,1.52
via_verde,2026-10-08T04:42,1.51
via_verde,2026-10-08T04:43,1.52
via_verde,2026-10-08T04:44,1.52
via_verde,2026-10-08T04:45,1.52
via_verde,2026-10-08T04:46,1.51
via_verde,2026-10-08T04:47,1.52
via_verde,2026-10-08T04:48,1.52
via_verde,2026-10-08T04:49,1.51
via_verde,2026-10-08T04:50,1.52
via_verde,2026-10-08T04:51,1.52
via_verde,2026-10-08T04:52,1.52
via_verde,2026-10-08T04:53,1.51
via_verde,2026-10-08T04:54,1.51
via_verde,2026-10-08T04:55,1.51
via_verde,2026-10-08T04:56,1.51
via_verde,2026-10-08T04:57,1.5
via_verde,2026-10-08T04:58,1.51
via_verde,2026-10-08T04:59,1.51
via_verde,2026-10-08T05:00,1.51
via_verde,2026-10-08T05:01,1.52
via_verde,2026-10-08T05:02,1.5
via_verde,2026-10-08T05:03,1.5
via_verde,2026-10-08T05:05,0
via_verde,2026-10-08T05:06,1.5
via_verde,2026-10-08T05:07,1.49
via_verde,2026-10-08T05:08,1.51
via_verde,2026-10-08T05:09,1.49
via_verde,2026-10-08T05:10,1.48
via_verde,2026-10-08T05:11,1.49
via_verde,2026-10-08T05:12,1.5
via_verde,2026-10-08T05:13,1.51
via_verde,2026-10-08T05:14,1.49
via_verde,2026-10-08T05:15,1.49
via_verde,2026-10-08T05:16,1.51
via_verde,2026-10-08T05:17,1.49
via_verde,2026-10-08T05:18,1.49
via_verde,2026-10-08T05:19,1.48
via_verde,2026-10-08T05:20,1.49
via_verde,2026-10-08T05:21,1.49
via_verde,2026-10-08T05:22,1.49
via_verde,2026-10-08T05:23,1.48
via_verde,2026-10-08T05:24,1.48
via_verde,2026-10-08T05:25,1.5
via_verde,2026-10-08T05:26,1.48
via_verde,2026-10-08T05:27,1.49
via_verde,2026-10-08T05:28,1.48
via_verde,2026-10-08T05:29,1.49
via_verde,2026-10-08T05:30,1.48
via_verde,2026-10-08T05:31,1.48
via_verde,2026-10-08T05:32,1.48
via_verde,2026-10-08T05:33,1.49
via_verde,2026-10-08T05:34,1.48
via_verde,2026-10-08T05:35,1.5
via_verde,2026-10-08T05:36,1.48
via_verde,2026-10-08T05:37,1.48
via_verde,2026-10-08T05:38,1.48
via_verde,2026-10-08T05:39,1.48
via_verde,2026-10-08T05:40,1.49
via_verde,2026-10-08T05:41,1.48
via_verde,2026-10-08T05:42,1.49
via_verde,2026-10-08T05:43,1.48
via_verde,2026-10-08T05:44,1.47
via_verde,2026-10-08T05:45,1.48
via_verde,2026-10-08T05:46,1.48
via_verde,2026-10-08T05:47,1.48
via_verde,2026-10-08T05:48,1.48
via_verde,2026-10-08T05:49,1.48
via_verde,2026-10-08T05:50,1.46
via_verde,2026-10-08T05:51,1.47
via_verde,2026-10-08T05:52,1.47
via_verde,2026-10-08T05:53,1.47
via_verde,2026-10-08T05:54,1.47
via_verde,2026-10-08T05:55,1.47
via_verde,2026-10-08T05:56,1.49
via_verde,2026-10-08T05:57,1.48
via_verde,2026-10-08T05:58,1.48
via_verde,2026-10-08T05:59,1.47
via_verde,2026-10-08T06:00,1.47
via_verde,2026-10-08T06:01,1.48
via_verde,2026-10-08T06:02,1.48
via_verde,2026-10-08T06:03,1.48
via_verde,2026-10-08T06:04,1.46
via_verde,2026-10-08T06:05,1.46
via_verde,2026-10-08T06:06,1.48
via_verde,2026-10-08T06:07,1.47
via_verde,2026-10-08T06:08,1.47
via_verde,2026-10-08T06:09,1.47
via_verde,2026-10-08T06:10,1.46
via_verde,2026-10-08T06:11,1.47
via_verde,2026-10-08T06:12,1.46
via_verde,2026-10-08T06:13,1.47
via_verde,2026-10-08T06:14,1.47
via_verde,2026-10-08T06:15,1.46
via_verde,2026-10-08T06:16,1.47
via_verde,2026-10-08T06:17,1.46
via_verde,2026-10-08T06:18,1.47
via_verde,2026-10-08T06:19,1.47
via_verde,2026-10-08T06:20,1.47
via_verde,2026-10-08T06:21,1.46
via_verde,2026-10-08T06:22,1.45
via_verde,2026-10-08T06:23,1.46
via_verde,2026-10-08T06:24,1.46
via_verde,2026-10-08T06:25,1.45
via_verde,2026-10-08T06:26,1.47
via_verde,2026-10-08T06:27,1.46
via_verde,2026-10-08T06:28,1.46
via_verde,2026-10-08T06:29,1.46
via_verde,2026-10-08T06:30,1.46
via_verde,2026-10-08T06:31,1.45
via_verde,2026-10-08T06:32,1.45
via_verde,2026-10-08T06:33,1.45
via_verde,2026-10-08T06:34,1.45
via_verde,2026-10-08T06:35,1.45
via_verde,2026-10-08T06:36,1.45
via_verde,2026-10-08T06:37,1.45
via_verde,2026-10-08T06:38,1.46
via_verde,2026-10-08T06:39,1.44
via_verde,2026-10-08T06:40,1.45
via_verde,2026-10-08T06:41,1.45
via_verde,2026-10-08T06:42,1.45
via_verde,2026-10-08T06:43,1.45
via_verde,2026-10-08T06:44,1.44
via_verde,2026-10-08T06:45,1.45
via_verde,2026-10-08T06:46,1.44
via_verde,2026-10-08T06:47,1.45
via_verde,2026-10-08T06:48,1.44
via_verde,2026-10-08T06:49,1.45
via_verde,2026-10-08T06:50,1.45
via_verde,2026-10-08T06:51,1.44
via_verde,2026-10-08T06:52,1.43
via_verde,2026-10-08T06:53,1.45
via_verde,2026-10-08T06:54,1.44
via_verde,2026-10-08T06:55,1.44
via_verde,2026-10-08T06:56,1.44
via_verde,2026-10-08T06:57,1.44
via_verde,2026-10-08T06:58,1.44
via_verde,2026-10-08T06:59,1.43
via_verde,2026-10-08T07:00,1.44
via_verde,2026-10-08T07:01,1.43
via_verde,2026-10-08T07:02,1.44
via_verde,2026-10-08T07:03,1.43
via_verde,2026-10-08T07:04,1.45
via_verde,2026-10-08T07:05,1.43
via_verde,2026-10-08T07:06,1.44
via_verde,2026-10-08T07:07,1.43
via_verde,2026-10-08T07:08,1.44
via_verde,2026-10-08T07:09,1.44
via_verde,2026-10-08T07:10,1.43
via_verde,2026-10-08T07:11,1.44
via_verde,2026-10-08T07:12,1.44
via_verde,2026-10-08T07:13,1.44
via_verde,2026-10-08T07:14,1.43
via_verde,2026-10-08T07:15,1.42
via_verde,2026-10-08T07:16,1.43
via_verde,2026-10-08T07:17,1.43
via_verde,2026-10-08T07:18,1.43
via_verde,2026-10-08T07:19,1.43
via_verde,2026-10-08T07:20,1.43
via_verde,2026-10-08T07:21,1.43
via_verde,2026-10-08T07:22,1.43
via_verde,2026-10-08T07:23,1.42
via_verde,2026-10-08T07:24,1.43
via_verde,2026-10-08T07:25,1.43
via_verde,2026-10-08T07:26,1.43
via_verde,2026-10-08T07:27,1.43
via_verde,2026-10-08T07:28,1.43
via_verde,2026-10-08T07:29,1.44
via_verde,2026-10-08T07:30,1.43
via_verde,2026-10-08T07:31,1.42
via_verde,2026-10-08T07:32,1.43
via_verde,2026-10-08T07:33,1.42
via_verde,2026-10-08T07:34,1.41
via_verde,2026-10-08T07:35,1.42
via_verde,2026-10-08T07:36,1.41
via_verde,2026-10-08T07:37,1.42
via_verde,2026-10-08T07:38,1.44
via_verde,2026-10-08T07:39,1.42
via_verde,2026-10-08T07:40,1.42
via_verde,2026-10-08T07:41,1.41
via_verde,2026-10-08T07:42,1.41
via_verde,2026-10-08T07:43,1.41
via_verde,2026-10-08T07:44,1.41
via_verde,2026-10-08T07:45,1.43
via_verde,2026-10-08T07:46,1.4
via_verde,2026-10-08T07:47,1.42
via_verde,2026-10-08T07:48,1.41
via_verde,2026-10-08T07:49,1.42
via_verde,2026-10-08T07:50,1.41
via_verde,2026-10-08T07:51,1.42
via_verde,2026-10-08T07:52,1.41
via_verde,2026-10-08T07:53,1.4
via_verde,2026-10-08T07:54,1.41
via_verde,2026-10-08T07:55,1.41
via_verde,2026-10-08T07:56,1.41
via_verde,2026-10-08T07:57,1.41
via_verde,2026-10-08T07:58,1.39
via_verde,2026-10-08T07:59,1.41
via_verde,2026-10-08T08:00,1.41
via_verde,2026-10-08T08:01,1.4
via_verde,2026-10-08T08:02,1.41
via_verde,2026-10-08T08:03,1.4
via_verde,2026-10-08T08:04,1.41
via_verde,2026-10-08T08:05,1.39
via_verde,2026-10-08T08:06,1.39
via_verde,2026-10-08T08:07,1.41
via_verde,2026-10-08T08:08,1.41
via_verde,2026-10-08T08:09,1.4
via_verde,2026-10-08T08:10,1.4
via_verde,2026-10-08T08:11,1.39
via_verde,2026-10-08T08:12,1.39
via_verde,2026-10-08T08:13,1.4
via_verde,2026-10-08T08:14,1.39
via_verde,2026-10-08T08:15,1.39
via_verde,2026-10-08T08:16,1.4
via_verde,2026-10-08T08:17,1.39
via_verde,2026-10-08T08:18,1.39
via_verde,2026-10-08T08:19,1.38
via_verde,2026-10-08T08:20,1.39
via_verde,2026-10-08T08:21,1.4
via_verde,2026-10-08T08:22,1.39
via_verde,2026-10-08T08:23,1.38
via_verde,2026-10-08T08:24,1.39
via_verde,2026-10-08T08:25,1.39
via_verde,2026-10-08T08:26,1.39
via_verde,2026-10-08T08:27,1.39
via_verde,2026-10-08T08:28,1.39
via_verde,2026-10-08T08:29,1.39
via_verde,2026-10-08T08:30,1.39
via_verde,2026-10-08T08:31,1.38
via_verde,2026-10-08T08:32,1.39
corupa,2026-10-08T08:33,0.95
corupa,2026-10-08T08:34,0.95
corupa,2026-10-08T08:35,0.95
corupa,2026-10-08T08:36,0.95
corupa,2026-10-08T08:37,0.94
corupa,2026-10-08T08:38,0.94
corupa,2026-10-08T08:39,0.96
corupa,2026-10-08T08:40,0.96
corupa,2026-10-08T08:41,0.95
nereu,2026-10-08T08:33,0.92
nereu,2026-10-08T08:34,0.92
nereu,2026-10-08T08:35,0.91
nereu,2026-10-08T08:36,0.91
nereu,2026-10-08T08:37,0.91
nereu,2026-10-08T08:38,0.91
nereu,2026-10-08T08:39,0.91
nereu,2026-10-08T08:40,0.91
nereu,2026-10-08T08:41,0.92
eta,2026-10-08T08:33,1.37
eta,2026-10-08T08:34,1.35
eta,2026-10-08T08:35,1.34
eta,2026-10-08T08:36,1.35
eta,2026-10-08T08:37,1.35
eta,2026-10-08T08:38,1.36
eta,2026-10-08T08:39,1.35
eta,2026-10-08T08:40,1.35
eta,2026-10-08T08:41,1.35
via_verde,2026-10-08T08:33,1.38
via_verde,2026-10-08T08:34,1.38
via_verde,2026-10-08T08:35,1.38
via_verde,2026-10-08T08:36,1.38
via_verde,2026-10-08T08:37,1.39
via_verde,2026-10-08T08:38,1.38
via_verde,2026-10-08T08:39,1.39
via_verde,2026-10-08T08:40,1.38
via_verde,2026-10-08T08:41,1.38
corupa,2026-10-08T08:42,0.93
corupa,2026-10-08T08:43,0.93
corupa,2026-10-08T08:44,0.93
corupa,2026-10-08T08:45,0.93
corupa,2026-10-08T08:46,0.96
corupa,2026-10-08T08:47,0.96
corupa,2026-10-08T08:48,0.94
corupa,2026-10-08T08:49,0.94
corupa,2026-10-08T08:50,0.95
corupa,2026-10-08T08:51,0.95
nereu,2026-10-08T08:42,0.91
nereu,2026-10-08T08:43,0.92
nereu,2026-10-08T08:44,0.91
nereu,2026-10-08T08:45,0.91
nereu,2026-10-08T08:46,0.91
nereu,2026-10-08T08:47,0.91
nereu,2026-10-08T08:48,0.91
nereu,2026-10-08T08:49,0.91
nereu,2026-10-08T08:50,0.92
nereu,2026-10-08T08:51,0.91
eta,2026-10-08T08:42,1.35
eta,2026-10-08T08:43,1.35
eta,2026-10-08T08:44,1.35
eta,2026-10-08T08:45,1.34
eta,2026-10-08T08:46,1.35
eta,2026-10-08T08:47,1.34
eta,2026-10-08T08:48,1.35
eta,2026-10-08T08:49,1.35
eta,2026-10-08T08:50,1.34
eta,2026-10-08T08:51,1.34
via_verde,2026-10-08T08:42,1.39
via_verde,2026-10-08T08:43,1.37
via_verde,2026-10-08T08:44,1.39
via_verde,2026-10-08T08:45,1.38
via_verde,2026-10-08T08:46,1.38
via_verde,2026-10-08T08:47,1.38
via_verde,2026-10-08T08:48,1.38
via_verde,2026-10-08T08:49,1.37
via_verde,2026-10-08T08:50,1.38
via_verde,2026-10-08T08:51,1.37
corupa,2026-10-08T08:52,0.93
nereu,2026-10-08T08:52,0.91
eta,2026-10-08T08:52,1.36
via_verde,2026-10-08T08:52,1.38
corupa,2026-10-08T08:53,0.93
corupa,2026-10-08T08:54,0.95
corupa,2026-10-08T08:55,0.95
corupa,2026-10-08T08:56,0.93
corupa,2026-10-08T08:57,0.93
corupa,2026-10-08T08:58,0.94
corupa,2026-10-08T08:59,0.94
corupa,2026-10-08T09:00,0.95
corupa,2026-10-08T09:01,0.92
nereu,2026-10-08T08:53,0.91
nereu,2026-10-08T08:54,0.91
nereu,2026-10-08T08:55,0.91
nereu,2026-10-08T08:56,0.92
nereu,2026-10-08T08:57,0.91
nereu,2026-10-08T08:58,0.91
nereu,2026-10-08T08:59,0.91
nereu,2026-10-08T09:00,0.91
nereu,2026-10-08T09:01,0.91
eta,2026-10-08T08:53,1.34
eta,2026-10-08T08:54,1.35
eta,2026-10-08T08:55,1.35
eta,2026-10-08T08:56,1.34
eta,2026-10-08T08:57,1.34
eta,2026-10-08T08:58,1.35
eta,2026-10-08T08:59,1.34
eta,2026-10-08T09:00,1.34
eta,2026-10-08T09:01,1.34
via_verde,2026-10-08T08:53,1.38
via_verde,2026-10-08T08:54,1.38
via_verde,2026-10-08T08:55,1.37
via_verde,2026-10-08T08:56,1.37
via_verde,2026-10-08T08:57,1.38
via_verde,2026-10-08T08:58,1.38
via_verde,2026-10-08T08:59,1.38
via_verde,2026-10-08T09:00,1.38
via_verde,2026-10-08T09:01,1.38
corupa,2026-10-08T09:02,0.92
corupa,2026-10-08T09:03,0.94
corupa,2026-10-08T09:04,0.94
corupa,2026-10-08T09:05,0.94
corupa,2026-10-08T09:06,0.94
corupa,2026-10-08T09:07,0.95
corupa,2026-10-08T09:08,0.95
corupa,2026-10-08T09:09,0.95
corupa,2026-10-08T09:10,0.94
corupa,2026-10-08T09:11,0.94
nereu,2026-10-08T09:02,0.91
nereu,2026-10-08T09:03,0.91
nereu,2026-10-08T09:04,0.91
nereu,2026-10-08T09:05,0.91
nereu,2026-10-08T09:06,0.91
nereu,2026-10-08T09:07,0.91
nereu,2026-10-08T09:08,0.91
nereu,2026-10-08T09:09,0.91
nereu,2026-10-08T09:10,0.91
nereu,2026-10-08T09:11,0.91
eta,2026-10-08T09:02,1.34
eta,2026-10-08T09:03,1.34
eta,2026-10-08T09:04,1.35
eta,2026-10-08T09:05,1.35
eta,2026-10-08T09:06,1.34
eta,2026-10-08T09:07,1.34
eta,2026-10-08T09:08,1.34
eta,2026-10-08T09:09,1.34
eta,2026-10-08T09:10,1.34
eta,2026-10-08T09:11,1.34
via_verde,2026-10-08T09:02,1.38
via_verde,2026-10-08T09:03,1.37
via_verde,2026-10-08T09:04,1.37
via_verde,2026-10-08T09:05,1.37
via_verde,2026-10-08T09:06,1.37
via_verde,2026-10-08T09:07,1.37
via_verde,2026-10-08T09:08,1.37
via_verde,2026-10-08T09:09,1.36
via_verde,2026-10-08T09:10,1.37
via_verde,2026-10-08T09:11,1.37
corupa,2026-10-08T09:12,0.93
corupa,2026-10-08T09:13,0.93
corupa,2026-10-08T09:14,0.96
corupa,2026-10-08T09:15,0.96
corupa,2026-10-08T09:16,0.95
corupa,2026-10-08T09:17,0.95
corupa,2026-10-08T09:18,0.93
corupa,2026-10-08T09:19,0.93
corupa,2026-10-08T09:20,0.93
corupa,2026-10-08T09:21,0.93
corupa,2026-10-08T09:22,0.94
corupa,2026-10-08T09:23,0.94
corupa,2026-10-08T09:24,0.93
nereu,2026-10-08T09:12,0.91
nereu,2026-10-08T09:13,0.91
nereu,2026-10-08T09:14,0.91
nereu,2026-10-08T09:15,0.9
nereu,2026-10-08T09:16,0.91
nereu,2026-10-08T09:17,0.91
nereu,2026-10-08T09:18,0.91
nereu,2026-10-08T09:19,0.91
nereu,2026-10-08T09:20,0.91
nereu,2026-10-08T09:21,0.91
nereu,2026-10-08T09:22,0.9
nereu,2026-10-08T09:23,0.9
nereu,2026-10-08T09:24,0.91
eta,2026-10-08T09:12,1.34
eta,2026-10-08T09:13,1.33
eta,2026-10-08T09:14,1.35
eta,2026-10-08T09:15,1.34
eta,2026-10-08T09:16,1.34
eta,2026-10-08T09:17,1.34
eta,2026-10-08T09:18,1.34
eta,2026-10-08T09:19,1.34
eta,2026-10-08T09:20,1.33
eta,2026-10-08T09:21,1.34
eta,2026-10-08T09:22,1.34
eta,2026-10-08T09:23,1.34
eta,2026-10-08T09:24,1.34
via_verde,2026-10-08T09:12,1.37
via_verde,2026-10-08T09:13,1.35
via_verde,2026-10-08T09:14,1.37
via_verde,2026-10-08T09:15,1.37
via_verde,2026-10-08T09:16,1.36
via_verde,2026-10-08T09:17,1.36
via_verde,2026-10-08T09:18,1.36
via_verde,2026-10-08T09:19,1.36
via_verde,2026-10-08T09:20,1.36
via_verde,2026-10-08T09:21,1.36
via_verde,2026-10-08T09:22,1.36
via_verde,2026-10-08T09:23,1.36
via_verde,2026-10-08T09:24,1.36
corupa,2026-10-08T09:25,0.94
corupa,2026-10-08T09:26,0.94
corupa,2026-10-08T09:27,0.94
corupa,2026-10-08T09:28,0.94
corupa,2026-10-08T09:29,0.93
corupa,2026-10-08T09:30,0.93
corupa,2026-10-08T09:31,0.93
nereu,2026-10-08T09:25,0.9
nereu,2026-10-08T09:26,0.9
nereu,2026-10-08T09:27,0.9
nereu,2026-10-08T09:28,0.91
nereu,2026-10-08T09:29,0.91
nereu,2026-10-08T09:30,0.91
nereu,2026-10-08T09:31,0.91
eta,2026-10-08T09:25,1.33
eta,2026-10-08T09:26,1.33
eta,2026-10-08T09:27,1.33
eta,2026-10-08T09:28,1.33
eta,2026-10-08T09:29,1.33
eta,2026-10-08T09:30,1.37
eta,2026-10-08T09:31,1.33
via_verde,2026-10-08T09:25,1.35
via_verde,2026-10-08T09:26,1.35
via_verde,2026-10-08T09:27,1.35
via_verde,2026-10-08T09:28,1.36
via_verde,2026-10-08T09:29,1.36
via_verde,2026-10-08T09:30,1.35
via_verde,2026-10-08T09:31,1.34
corupa,2026-10-08T09:32,0.93
corupa,2026-10-08T09:33,0.93
corupa,2026-10-08T09:34,0.93
corupa,2026-10-08T09:35,0.93
corupa,2026-10-08T09:36,0.91
corupa,2026-10-08T09:37,0.91
corupa,2026-10-08T09:38,0.95
corupa,2026-10-08T09:39,0.95
corupa,2026-10-08T09:40,0.94
corupa,2026-10-08T09:41,0.94
nereu,2026-10-08T09:32,0.91
nereu,2026-10-08T09:33,0.9
nereu,2026-10-08T09:34,0.9
nereu,2026-10-08T09:35,0.9
nereu,2026-10-08T09:36,0.9
nereu,2026-10-08T09:37,0.9
nereu,2026-10-08T09:38,0.9
nereu,2026-10-08T09:39,0.9
nereu,2026-10-08T09:40,0.9
nereu,2026-10-08T09:41,0.91
eta,2026-10-08T09:32,1.33
eta,2026-10-08T09:33,1.34
eta,2026-10-08T09:34,1.33
eta,2026-10-08T09:35,1.33
eta,2026-10-08T09:36,1.32
eta,2026-10-08T09:37,1.33
eta,2026-10-08T09:38,1.34
eta,2026-10-08T09:39,1.32
eta,2026-10-08T09:40,1.33
eta,2026-10-08T09:41,1.33
via_verde,2026-10-08T09:32,1.35
via_verde,2026-10-08T09:33,1.36
via_verde,2026-10-08T09:34,1.35
via_verde,2026-10-08T09:35,1.35
via_verde,2026-10-08T09:36,1.35
via_verde,2026-10-08T09:37,1.35
via_verde,2026-10-08T09:38,1.35
via_verde,2026-10-08T09:39,1.36
via_verde,2026-10-08T09:40,1.36
via_verde,2026-10-08T09:41,1.35
corupa,2026-10-08T09:42,0.95
corupa,2026-10-08T09:43,0.95
corupa,2026-10-08T09:44,0.92
corupa,2026-10-08T09:45,0.92
corupa,2026-10-08T09:46,0.94
corupa,2026-10-08T09:47,0.94
corupa,2026-10-08T09:48,0.93
corupa,2026-10-08T09:49,0.93
corupa,2026-10-08T09:50,0.93
corupa,2026-10-08T09:51,0.93
nereu,2026-10-08T09:42,0.9
nereu,2026-10-08T09:43,0.9
nereu,2026-10-08T09:44,0.91
nereu,2026-10-08T09:45,0.9
nereu,2026-10-08T09:46,0.9
nereu,2026-10-08T09:47,0.91
nereu,2026-10-08T09:48,0.9
nereu,2026-10-08T09:49,0.9
nereu,2026-10-08T09:50,0.9
nereu,2026-10-08T09:51,0.9
eta,2026-10-08T09:42,1.32
eta,2026-10-08T09:43,1.33
eta,2026-10-08T09:44,1.33
eta,2026-10-08T09:45,1.33
eta,2026-10-08T09:46,1.33
eta,2026-10-08T09:47,1.34
eta,2026-10-08T09:48,1.33
eta,2026-10-08T09:49,1.32
eta,2026-10-08T09:50,1.33
eta,2026-10-08T09:51,1.32
via_verde,2026-10-08T09:42,1.35
via_verde,2026-10-08T09:43,1.35
via_verde,2026-10-08T09:44,1.36
via_verde,2026-10-08T09:45,1.33
via_verde,2026-10-08T09:46,1.35
via_verde,2026-10-08T09:47,1.35
via_verde,2026-10-08T09:48,1.34
via_verde,2026-10-08T09:49,1.35
via_verde,2026-10-08T09:50,1.35
via_verde,2026-10-08T09:51,1.35
corupa,2026-10-08T09:52,0.93
corupa,2026-10-08T09:53,0.93
corupa,2026-10-08T09:54,0.92
corupa,2026-10-08T09:55,0.94
corupa,2026-10-08T09:56,0.94
corupa,2026-10-08T09:57,0.93
corupa,2026-10-08T09:58,0.93
corupa,2026-10-08T09:59,0.92
corupa,2026-10-08T10:00,0.92
corupa,2026-10-08T10:01,0.94
nereu,2026-10-08T09:52,0.9
nereu,2026-10-08T09:53,0.9
nereu,2026-10-08T09:54,0.9
nereu,2026-10-08T09:55,0.9
nereu,2026-10-08T09:56,0.9
nereu,2026-10-08T09:57,0.9
nereu,2026-10-08T09:58,0.9
nereu,2026-10-08T09:59,0.9
nereu,2026-10-08T10:00,0.9
nereu,2026-10-08T10:01,0.9
eta,2026-10-08T09:52,1.33
eta,2026-10-08T09:53,1.32
eta,2026-10-08T09:54,1.32
eta,2026-10-08T09:55,1.32
eta,2026-10-08T09:56,1.32
eta,2026-10-08T09:57,1.32
eta,2026-10-08T09:58,1.32
eta,2026-10-08T09:59,1.33
eta,2026-10-08T10:00,1.32
eta,2026-10-08T10:01,1.32
via_verde,2026-10-08T09:52,1.35
via_verde,2026-10-08T09:53,1.34
via_verde,2026-10-08T09:54,1.34
via_verde,2026-10-08T09:55,1.34
via_verde,2026-10-08T09:56,1.35
via_verde,2026-10-08T09:57,1.35
via_verde,2026-10-08T09:58,1.34
via_verde,2026-10-08T09:59,1.33
via_verde,2026-10-08T10:00,1.34
via_verde,2026-10-08T10:01,1.35
corupa,2026-10-08T10:02,0.94
corupa,2026-10-08T10:03,0.92
corupa,2026-10-08T10:04,0.92
corupa,2026-10-08T10:05,0.92
corupa,2026-10-08T10:06,0.92
corupa,2026-10-08T10:07,0.93
corupa,2026-10-08T10:08,0.91
corupa,2026-10-08T10:09,0.91
corupa,2026-10-08T10:10,0.93
corupa,2026-10-08T10:11,0.93
nereu,2026-10-08T10:02,0.9
nereu,2026-10-08T10:03,0.91
nereu,2026-10-08T10:04,0.9
nereu,2026-10-08T10:05,0.9
nereu,2026-10-08T10:06,0.9
nereu,2026-10-08T10:07,0.9
nereu,2026-10-08T10:08,0.9
nereu,2026-10-08T10:09,0.9
nereu,2026-10-08T10:10,0.9
nereu,2026-10-08T10:11,0.9
eta,2026-10-08T10:02,1.32
eta,2026-10-08T10:03,1.32
eta,2026-10-08T10:04,1.32
eta,2026-10-08T10:05,1.32
eta,2026-10-08T10:06,1.32
eta,2026-10-08T10:07,1.33
eta,2026-10-08T10:08,1.31
eta,2026-10-08T10:09,1.33
eta,2026-10-08T10:10,1.32
eta,2026-10-08T10:11,1.32
via_verde,2026-10-08T10:02,1.33
via_verde,2026-10-08T10:03,1.34
via_verde,2026-10-08T10:04,1.33
via_verde,2026-10-08T10:05,1.34
via_verde,2026-10-08T10:06,1.34
via_verde,2026-10-08T10:07,1.33
via_verde,2026-10-08T10:08,1.34
via_verde,2026-10-08T10:09,1.33
via_verde,2026-10-08T10:10,1.33
via_verde,2026-10-08T10:11,1.34
corupa,2026-10-08T10:12,0.94
corupa,2026-10-08T10:13,0.94
corupa,2026-10-08T10:14,0.93
nereu,2026-10-08T10:12,0.9
nereu,2026-10-08T10:13,0.9
nereu,2026-10-08T10:14,0.9
eta,2026-10-08T10:12,1.32
eta,2026-10-08T10:13,1.32
eta,2026-10-08T10:14,1.32
via_verde,2026-10-08T10:12,1.33
via_verde,2026-10-08T10:13,1.33
via_verde,2026-10-08T10:14,1.33
corupa,2026-10-08T10:15,0.93
corupa,2026-10-08T10:16,0.93
corupa,2026-10-08T10:17,0.93
corupa,2026-10-08T10:18,0.93
corupa,2026-10-08T10:19,0.93
corupa,2026-10-08T10:20,0.91
corupa,2026-10-08T10:21,0.92
corupa,2026-10-08T10:22,0.92
corupa,2026-10-08T10:23,0.92
corupa,2026-10-08T10:24,0.92
corupa,2026-10-08T10:25,0.93
corupa,2026-10-08T10:26,0.93
nereu,2026-10-08T10:15,0.9
nereu,2026-10-08T10:16,0.9
nereu,2026-10-08T10:17,0.89
nereu,2026-10-08T10:18,0.89
nereu,2026-10-08T10:19,0.9
nereu,2026-10-08T10:20,0.9
nereu,2026-10-08T10:21,0.9
nereu,2026-10-08T10:22,0.9
nereu,2026-10-08T10:23,0.89
nereu,2026-10-08T10:24,0.89
nereu,2026-10-08T10:25,0.89
nereu,2026-10-08T10:26,0.9
eta,2026-10-08T10:15,1.32
eta,2026-10-08T10:16,1.32
eta,2026-10-08T10:17,1.32
eta,2026-10-08T10:18,1.33
eta,2026-10-08T10:19,1.32
eta,2026-10-08T10:20,1.31
eta,2026-10-08T10:21,1.32
eta,2026-10-08T10:22,1.32
eta,2026-10-08T10:23,1.31
eta,2026-10-08T10:24,1.31
eta,2026-10-08T10:25,1.32
eta,2026-10-08T10:26,1.32
via_verde,2026-10-08T10:15,1.33
via_verde,2026-10-08T10:16,1.33
via_verde,2026-10-08T10:17,1.34
via_verde,2026-10-08T10:18,1.33
via_verde,2026-10-08T10:19,1.33
via_verde,2026-10-08T10:20,1.34
via_verde,2026-10-08T10:21,1.34
via_verde,2026-10-08T10:22,1.34
via_verde,2026-10-08T10:23,1.33
via_verde,2026-10-08T10:24,1.33
via_verde,2026-10-08T10:25,1.33
via_verde,2026-10-08T10:26,1.33
corupa,2026-10-08T10:27,0.93
corupa,2026-10-08T10:28,0.93
corupa,2026-10-08T10:29,0.92
corupa,2026-10-08T10:30,0.92
corupa,2026-10-08T10:31,0.92
corupa,2026-10-08T10:32,0.92
corupa,2026-10-08T10:33,0.92
corupa,2026-10-08T10:34,0.92
corupa,2026-10-08T10:35,0.92
corupa,2026-10-08T10:36,0.92
nereu,2026-10-08T10:27,0.89
nereu,2026-10-08T10:28,0.89
nereu,2026-10-08T10:29,0.9
nereu,2026-10-08T10:30,0.9
nereu,2026-10-08T10:31,0.9
nereu,2026-10-08T10:32,0.89
nereu,2026-10-08T10:33,0.9
nereu,2026-10-08T10:34,0.9
nereu,2026-10-08T10:35,0.89
nereu,2026-10-08T10:36,0.89
eta,2026-10-08T10:27,1.31
eta,2026-10-08T10:28,1.32
eta,2026-10-08T10:29,1.31
eta,2026-10-08T10:30,1.31
eta,2026-10-08T10:31,1.31
eta,2026-10-08T10:32,1.31
eta,2026-10-08T10:33,1.31
eta,2026-10-08T10:34,1.31
eta,2026-10-08T10:35,1.31
eta,2026-10-08T10:36,1.32
via_verde,2026-10-08T10:27,1.33
via_verde,2026-10-08T10:28,1.33
via_verde,2026-10-08T10:29,1.33
via_verde,2026-10-08T10:30,1.32
via_verde,2026-10-08T10:31,1.32
via_verde,2026-10-08T10:32,1.33
via_verde,2026-10-08T10:33,1.32
via_verde,2026-10-08T10:34,1.32
via_verde,2026-10-08T10:35,1.33
via_verde,2026-10-08T10:36,1.33
corupa,2026-10-08T10:37,0.92
corupa,2026-10-08T10:38,0.92
corupa,2026-10-08T10:39,0.93
corupa,2026-10-08T10:40,0.93
corupa,2026-10-08T10:41,0.92
corupa,2026-10-08T10:42,0.92
corupa,2026-10-08T10:43,0.91
nereu,2026-10-08T10:37,0.9
nereu,2026-10-08T10:38,0.89
nereu,2026-10-08T10:39,0.89
nereu,2026-10-08T10:40,0.89
nereu,2026-10-08T10:41,0.9
nereu,2026-10-08T10:42,0.89
nereu,2026-10-08T10:43,0.9
eta,2026-10-08T10:37,1.31
eta,2026-10-08T10:38,1.31
eta,2026-10-08T10:39,1.31
eta,2026-10-08T10:40,1.31
eta,2026-10-08T10:41,1.31
eta,2026-10-08T10:42,1.31
eta,2026-10-08T10:43,1.3
via_verde,2026-10-08T10:37,1.33
via_verde,2026-10-08T10:38,1.33
via_verde,2026-10-08T10:39,1.32
via_verde,2026-10-08T10:40,1.33
via_verde,2026-10-08T10:41,1.32
via_verde,2026-10-08T10:42,1.33
via_verde,2026-10-08T10:43,1.32
corupa,2026-10-08T10:44,0.91
corupa,2026-10-08T10:45,0.91
corupa,2026-10-08T10:46,0.92
corupa,2026-10-08T10:47,0.92
corupa,2026-10-08T10:48,0.93
corupa,2026-10-08T10:49,0.93
corupa,2026-10-08T10:50,0.91
corupa,2026-10-08T10:51,0.91
nereu,2026-10-08T10:44,0.89
nereu,2026-10-08T10:45,0.89
nereu,2026-10-08T10:46,0.89
nereu,2026-10-08T10:47,0.9
nereu,2026-10-08T10:48,0.89
nereu,2026-10-08T10:49,0.89
nereu,2026-10-08T10:50,0.89
nereu,2026-10-08T10:51,0.9
eta,2026-10-08T10:44,1.3
eta,2026-10-08T10:45,1.3
eta,2026-10-08T10:46,1.3
eta,2026-10-08T10:47,1.3
eta,2026-10-08T10:48,1.31
eta,2026-10-08T10:49,1.3
eta,2026-10-08T10:50,1.3
eta,2026-10-08T10:51,1.3
via_verde,2026-10-08T10:44,1.31
via_verde,2026-10-08T10:45,1.33
via_verde,2026-10-08T10:46,1.33
via_verde,2026-10-08T10:47,1.32
via_verde,2026-10-08T10:48,1.3
via_verde,2026-10-08T10:49,1.33
via_verde,2026-10-08T10:50,1.31
via_verde,2026-10-08T10:51,1.31
corupa,2026-10-08T10:52,0.91
corupa,2026-10-08T10:53,0.91
corupa,2026-10-08T10:54,0.92
corupa,2026-10-08T10:55,0.92
corupa,2026-10-08T10:56,0.91
corupa,2026-10-08T10:57,0.91
corupa,2026-10-08T10:58,0.92
corupa,2026-10-08T10:59,0.9
corupa,2026-10-08T11:00,0.9
corupa,2026-10-08T11:01,0.9
nereu,2026-10-08T10:52,0.89
nereu,2026-10-08T10:53,0.89
nereu,2026-10-08T10:54,0.89
nereu,2026-10-08T10:55,0.89
nereu,2026-10-08T10:56,0.9
nereu,2026-10-08T10:57,0.89
nereu,2026-10-08T10:58,0.89
nereu,2026-10-08T10:59,0.89
nereu,2026-10-08T11:00,0.89
nereu,2026-10-08T11:01,0.89
eta,2026-10-08T10:52,1.31
eta,2026-10-08T10:53,1.3
eta,2026-10-08T10:54,1.31
eta,2026-10-08T10:55,1.31
eta,2026-10-08T10:56,1.3
eta,2026-10-08T10:57,1.3
eta,2026-10-08T10:58,1.31
eta,2026-10-08T10:59,1.31
eta,2026-10-08T11:00,1.31
eta,2026-10-08T11:01,1.31
via_verde,2026-10-08T10:52,1.33
via_verde,2026-10-08T10:53,1.32
via_verde,2026-10-08T10:54,1.33
via_verde,2026-10-08T10:55,1.32
via_verde,2026-10-08T10:56,1.32
via_verde,2026-10-08T10:57,1.31
via_verde,2026-10-08T10:58,1.31
via_verde,2026-10-08T10:59,1.31
via_verde,2026-10-08T11:00,1.32
via_verde,2026-10-08T11:01,1.31
corupa,2026-10-08T11:02,0.9
corupa,2026-10-08T11:03,0.93
corupa,2026-10-08T11:04,0.93
corupa,2026-10-08T11:05,0.93
corupa,2026-10-08T11:06,0.93
corupa,2026-10-08T11:07,0.92
corupa,2026-10-08T11:08,0.92
corupa,2026-10-08T11:09,0.91
corupa,2026-10-08T11:10,0.91
corupa,2026-10-08T11:11,0.91
nereu,2026-10-08T11:02,0.89
nereu,2026-10-08T11:03,0.89
nereu,2026-10-08T11:04,0.89
nereu,2026-10-08T11:05,0.89
nereu,2026-10-08T11:06,0.89
nereu,2026-10-08T11:07,0.89
nereu,2026-10-08T11:08,0.89
nereu,2026-10-08T11:09,0.89
nereu,2026-10-08T11:10,0.89
nereu,2026-10-08T11:11,0.89
eta,2026-10-08T11:02,1.31
eta,2026-10-08T11:03,1.31
eta,2026-10-08T11:04,1.31
eta,2026-10-08T11:05,1.3
eta,2026-10-08T11:06,1.28
eta,2026-10-08T11:07,1.3
eta,2026-10-08T11:08,1.3
eta,2026-10-08T11:09,1.3
eta,2026-10-08T11:10,1.31
eta,2026-10-08T11:11,1.31
via_verde,2026-10-08T11:02,1.32
via_verde,2026-10-08T11:03,1.3
via_verde,2026-10-08T11:04,1.31
via_verde,2026-10-08T11:05,1.31
via_verde,2026-10-08T11:06,1.31
via_verde,2026-10-08T11:07,1.31
via_verde,2026-10-08T11:08,1.31
via_verde,2026-10-08T11:09,1.31
via_verde,2026-10-08T11:10,1.31
via_verde,2026-10-08T11:11,1.31
corupa,2026-10-08T11:12,0.91
corupa,2026-10-08T11:13,0.89
corupa,2026-10-08T11:14,0.89
corupa,2026-10-08T11:15,0.91
corupa,2026-10-08T11:16,0.9
nereu,2026-10-08T11:12,0.88
nereu,2026-10-08T11:13,0.89
nereu,2026-10-08T11:14,0.89
nereu,2026-10-08T11:15,0.88
nereu,2026-10-08T11:16,0.89
eta,2026-10-08T11:12,1.3
eta,2026-10-08T11:13,1.3
eta,2026-10-08T11:14,1.3
eta,2026-10-08T11:15,1.3
eta,2026-10-08T11:16,1.3
via_verde,2026-10-08T11:12,1.31
via_verde,2026-10-08T11:13,1.3
via_verde,2026-10-08T11:14,1.31
via_verde,2026-10-08T11:15,1.31
via_verde,2026-10-08T11:16,1.3
corupa,2026-10-08T11:17,0.9
corupa,2026-10-08T11:18,0.89
corupa,2026-10-08T11:19,0.89
corupa,2026-10-08T11:20,0.9
corupa,2026-10-08T11:21,0.9
corupa,2026-10-08T11:22,0.9
corupa,2026-10-08T11:23,0.9
corupa,2026-10-08T11:24,0.9
corupa,2026-10-08T11:25,0.9
corupa,2026-10-08T11:26,0.91
nereu,2026-10-08T11:17,0.88
nereu,2026-10-08T11:18,0.89
nereu,2026-10-08T11:19,0.89
nereu,2026-10-08T11:20,0.89
nereu,2026-10-08T11:21,0.89
nereu,2026-10-08T11:22,0.89
nereu,2026-10-08T11:23,0.89
nereu,2026-10-08T11:24,0.89
nereu,2026-10-08T11:25,0.88
nereu,2026-10-08T11:26,0.88
eta,2026-10-08T11:17,1.3
eta,2026-10-08T11:18,1.29
eta,2026-10-08T11:19,1.3
eta,2026-10-08T11:20,1.3
eta,2026-10-08T11:21,1.29
eta,2026-10-08T11:22,1.3
eta,2026-10-08T11:23,1.3
eta,2026-10-08T11:24,1.29
eta,2026-10-08T11:25,1.3
eta,2026-10-08T11:26,1.3
via_verde,2026-10-08T11:17,1.32
via_verde,2026-10-08T11:18,1.31
via_verde,2026-10-08T11:19,1.31
via_verde,2026-10-08T11:20,1.29
via_verde,2026-10-08T11:21,1.31
via_verde,2026-10-08T11:22,1.31
via_verde,2026-10-08T11:23,1.3
via_verde,2026-10-08T11:24,1.31
via_verde,2026-10-08T11:25,1.32
via_verde,2026-10-08T11:26,1.3
corupa,2026-10-08T11:27,0.91
corupa,2026-10-08T11:28,0.91
corupa,2026-10-08T11:29,0.91
corupa,2026-10-08T11:30,0.9
corupa,2026-10-08T11:31,0.91
corupa,2026-10-08T11:32,0.91
corupa,2026-10-08T11:33,0.9
corupa,2026-10-08T11:34,0.9
corupa,2026-10-08T11:35,0.88
corupa,2026-10-08T11:36,0.88
nereu,2026-10-08T11:27,0.89
nereu,2026-10-08T11:28,0.89
nereu,2026-10-08T11:29,0.88
nereu,2026-10-08T11:30,0.89
nereu,2026-10-08T11:31,0.89
nereu,2026-10-08T11:32,0.89
nereu,2026-10-08T11:33,0.89
nereu,2026-10-08T11:34,0.88
nereu,2026-10-08T11:35,0.88
nereu,2026-10-08T11:36,0.88
eta,2026-10-08T11:27,1.3
eta,2026-10-08T11:28,1.3
eta,2026-10-08T11:29,1.3
eta,2026-10-08T11:30,1.29
eta,2026-10-08T11:31,1.29
eta,2026-10-08T11:32,1.29
eta,2026-10-08T11:33,1.3
eta,2026-10-08T11:34,1.29
eta,2026-10-08T11:35,1.29
eta,2026-10-08T11:36,1.29
via_verde,2026-10-08T11:27,1.32
via_verde,2026-10-08T11:28,1.3
via_verde,2026-10-08T11:29,1.3
via_verde,2026-10-08T11:30,1.3
via_verde,2026-10-08T11:31,1.3
via_verde,2026-10-08T11:32,1.3
via_verde,2026-10-08T11:33,1.31
via_verde,2026-10-08T11:34,1.29
via_verde,2026-10-08T11:35,1.29
via_verde,2026-10-08T11:36,1.3
corupa,2026-10-08T11:37,0.9
corupa,2026-10-08T11:38,0.9
corupa,2026-10-08T11:39,0.91
corupa,2026-10-08T11:40,0.91
corupa,2026-10-08T11:41,0.91
corupa,2026-10-08T11:42,0.89
corupa,2026-10-08T11:43,0.89
corupa,2026-10-08T11:44,0.91
corupa,2026-10-08T11:45,0.91
corupa,2026-10-08T11:46,0.9
nereu,2026-10-08T11:37,0.88
nereu,2026-10-08T11:38,0.89
nereu,2026-10-08T11:39,0.89
nereu,2026-10-08T11:40,0.88
nereu,2026-10-08T11:41,0.88
nereu,2026-10-08T11:42,0.89
nereu,2026-10-08T11:43,0.88
nereu,2026-10-08T11:44,0.88
nereu,2026-10-08T11:45,0.88
nereu,2026-10-08T11:46,0.88
eta,2026-10-08T11:37,1.29
eta,2026-10-08T11:38,1.3
eta,2026-10-08T11:39,1.29
eta,2026-10-08T11:40,1.29
eta,2026-10-08T11:41,1.29
eta,2026-10-08T11:42,1.3
eta,2026-10-08T11:43,1.29
eta,2026-10-08T11:44,1.29
eta,2026-10-08T11:45,1.29
eta,2026-10-08T11:46,1.29
via_verde,2026-10-08T11:37,1.3
via_verde,2026-10-08T11:38,1.3
via_verde,2026-10-08T11:39,1.29
via_verde,2026-10-08T11:40,1.3
via_verde,2026-10-08T11:41,1.29
via_verde,2026-10-08T11:42,1.3
via_verde,2026-10-08T11:43,1.3
via_verde,2026-10-08T11:44,1.3
via_verde,2026-10-08T11:45,1.29
via_verde,2026-10-08T11:46,1.29
corupa,2026-10-08T11:47,0.9
corupa,2026-10-08T11:48,0.89
corupa,2026-10-08T11:49,0.89
corupa,2026-10-08T11:50,0.9
corupa,2026-10-08T11:51,0.9
corupa,2026-10-08T11:52,0.89
corupa,2026-10-08T11:53,0.89
corupa,2026-10-08T11:54,0.89
corupa,2026-10-08T11:55,0.89
corupa,2026-10-08T11:56,0.89
nereu,2026-10-08T11:47,0.88
nereu,2026-10-08T11:48,0.88
nereu,2026-10-08T11:49,0.88
nereu,2026-10-08T11:50,0.88
nereu,2026-10-08T11:51,0.88
nereu,2026-10-08T11:52,0.88
nereu,2026-10-08T11:53,0.88
nereu,2026-10-08T11:54,0.88
nereu,2026-10-08T11:55,0.88
nereu,2026-10-08T11:56,0.88
eta,2026-10-08T11:47,1.29
eta,2026-10-08T11:48,1.29
eta,2026-10-08T11:49,1.28
eta,2026-10-08T11:50,1.29
eta,2026-10-08T11:51,1.29
eta,2026-10-08T11:52,1.28
eta,2026-10-08T11:53,1.29
eta,2026-10-08T11:54,1.29
eta,2026-10-08T11:55,1.28
eta,2026-10-08T11:56,1.29
via_verde,2026-10-08T11:47,1.29
via_verde,2026-10-08T11:48,1.29
via_verde,2026-10-08T11:49,1.28
via_verde,2026-10-08T11:50,1.28
via_verde,2026-10-08T11:51,1.28
via_verde,2026-10-08T11:52,1.29
via_verde,2026-10-08T11:53,1.28
via_verde,2026-10-08T11:54,1.28
via_verde,2026-10-08T11:55,1.29
via_verde,2026-10-08T11:56,1.3
corupa,2026-10-08T11:57,0.89
corupa,2026-10-08T11:58,0.89
corupa,2026-10-08T11:59,0.9
corupa,2026-10-08T12:00,0.9
corupa,2026-10-08T12:01,0.89
nereu,2026-10-08T11:57,0.88
nereu,2026-10-08T11:58,0.88
nereu,2026-10-08T11:59,0.88
nereu,2026-10-08T12:00,0.88
nereu,2026-10-08T12:01,0.88
eta,2026-10-08T11:57,1.28
eta,2026-10-08T11:58,1.29
eta,2026-10-08T11:59,1.28
eta,2026-10-08T12:00,1.28
eta,2026-10-08T12:01,1.28
via_verde,2026-10-08T11:57,1.29
via_verde,2026-10-08T11:58,1.29
via_verde,2026-10-08T11:59,1.28
via_verde,2026-10-08T12:00,1.29
via_verde,2026-10-08T12:01,1.27
corupa,2026-10-08T12:02,0.89
corupa,2026-10-08T12:03,0.89
corupa,2026-10-08T12:04,0.89
corupa,2026-10-08T12:05,0.9
corupa,2026-10-08T12:06,0.9
nereu,2026-10-08T12:02,0.88
nereu,2026-10-08T12:03,0.88
nereu,2026-10-08T12:04,0.88
nereu,2026-10-08T12:05,0.88
nereu,2026-10-08T12:06,0.87
eta,2026-10-08T12:02,1.28
eta,2026-10-08T12:03,1.28
eta,2026-10-08T12:04,1.28
eta,2026-10-08T12:05,1.28
eta,2026-10-08T12:06,1.28
via_verde,2026-10-08T12:02,1.29
via_verde,2026-10-08T12:03,1.29
via_verde,2026-10-08T12:04,1.27
via_verde,2026-10-08T12:05,1.29
via_verde,2026-10-08T12:06,1.28
corupa,2026-10-08T12:07,0.9
corupa,2026-10-08T12:08,0.9
corupa,2026-10-08T12:09,0.89
corupa,2026-10-08T12:10,0.89
corupa,2026-10-08T12:11,0.88
corupa,2026-10-08T12:12,0.88
corupa,2026-10-08T12:13,0.88
corupa,2026-10-08T12:14,0.89
corupa,2026-10-08T12:15,0.89
corupa,2026-10-08T12:16,0.87
nereu,2026-10-08T12:07,0.88
nereu,2026-10-08T12:08,0.88
nereu,2026-10-08T12:09,0.88
nereu,2026-10-08T12:10,0.88
nereu,2026-10-08T12:11,0.88
nereu,2026-10-08T12:12,0.88
nereu,2026-10-08T12:13,0.88
nereu,2026-10-08T12:14,0.88
nereu,2026-10-08T12:15,0.88
nereu,2026-10-08T12:16,0.88
eta,2026-10-08T12:07,1.28
eta,2026-10-08T12:08,1.28
eta,2026-10-08T12:09,1.28
eta,2026-10-08T12:10,1.27
eta,2026-10-08T12:11,1.28
eta,2026-10-08T12:12,1.28
eta,2026-10-08T12:13,1.28
eta,2026-10-08T12:14,1.28
eta,2026-10-08T12:15,1.27
eta,2026-10-08T12:16,1.28
via_verde,2026-10-08T12:07,1.28
via_verde,2026-10-08T12:08,1.27
via_verde,2026-10-08T12:09,1.28
via_verde,2026-10-08T12:10,1.28
via_verde,2026-10-08T12:11,1.28
via_verde,2026-10-08T12:12,1.29
via_verde,2026-10-08T12:13,1.26
via_verde,2026-10-08T12:14,1.29
via_verde,2026-10-08T12:15,1.28
via_verde,2026-10-08T12:16,1.27
corupa,2026-10-08T12:17,0.87
corupa,2026-10-08T12:18,0.88
corupa,2026-10-08T12:19,0.88
corupa,2026-10-08T12:20,0.88
corupa,2026-10-08T12:21,0.88
corupa,2026-10-08T12:22,0.88
corupa,2026-10-08T12:23,0.88
corupa,2026-10-08T12:24,0.89
corupa,2026-10-08T12:25,0.89
corupa,2026-10-08T12:26,0.88
nereu,2026-10-08T12:17,0.87
nereu,2026-10-08T12:18,0.87
nereu,2026-10-08T12:19,0.88
nereu,2026-10-08T12:20,0.88
nereu,2026-10-08T12:21,0.87
nereu,2026-10-08T12:22,0.87
nereu,2026-10-08T12:23,0.87
nereu,2026-10-08T12:24,0.87
nereu,2026-10-08T12:25,0.88
nereu,2026-10-08T12:26,0.87
eta,2026-10-08T12:17,1.28
eta,2026-10-08T12:18,1.28
eta,2026-10-08T12:19,1.26
eta,2026-10-08T12:20,1.27
eta,2026-10-08T12:21,1.28
eta,2026-10-08T12:22,1.27
eta,2026-10-08T12:23,1.27
eta,2026-10-08T12:24,1.27
eta,2026-10-08T12:25,1.27
eta,2026-10-08T12:26,1.28
via_verde,2026-10-08T12:17,1.28
via_verde,2026-10-08T12:18,1.28
via_verde,2026-10-08T12:19,1.28
via_verde,2026-10-08T12:20,1.27
via_verde,2026-10-08T12:21,1.28
via_verde,2026-10-08T12:22,1.28
via_verde,2026-10-08T12:23,1.28
via_verde,2026-10-08T12:24,1.28
via_verde,2026-10-08T12:25,1.28
via_verde,2026-10-08T12:26,1.27
corupa,2026-10-08T12:27,0.88
corupa,2026-10-08T12:28,0.88
corupa,2026-10-08T12:29,0.88
corupa,2026-10-08T12:30,0.89
corupa,2026-10-08T12:31,0.87
corupa,2026-10-08T12:32,0.87
corupa,2026-10-08T12:33,0.9
corupa,2026-10-08T12:34,0.9
corupa,2026-10-08T12:35,0.88
corupa,2026-10-08T12:36,0.88
nereu,2026-10-08T12:27,0.87
nereu,2026-10-08T12:28,0.88
nereu,2026-10-08T12:29,0.88
nereu,2026-10-08T12:30,0.87
nereu,2026-10-08T12:31,0.88
nereu,2026-10-08T12:32,0.87
nereu,2026-10-08T12:33,0.87
nereu,2026-10-08T12:34,0.87
nereu,2026-10-08T12:35,0.87
nereu,2026-10-08T12:36,0.88
eta,2026-10-08T12:27,1.27
eta,2026-10-08T12:28,1.27
eta,2026-10-08T12:29,1.27
eta,2026-10-08T12:30,1.27
eta,2026-10-08T12:31,1.28
eta,2026-10-08T12:32,1.28
eta,2026-10-08T12:33,1.27
eta,2026-10-08T12:34,1.27
eta,2026-10-08T12:35,1.27
eta,2026-10-08T12:36,1.27
via_verde,2026-10-08T12:27,1.27
via_verde,2026-10-08T12:28,1.28
via_verde,2026-10-08T12:29,1.28
via_verde,2026-10-08T12:30,1.28
via_verde,2026-10-08T12:31,1.28
via_verde,2026-10-08T12:32,1.27
via_verde,2026-10-08T12:33,1.27
via_verde,2026-10-08T12:34,1.27
via_verde,2026-10-08T12:35,1.28
via_verde,2026-10-08T12:36,1.27
corupa,2026-10-08T12:37,0.88
corupa,2026-10-08T12:38,0.88
corupa,2026-10-08T12:39,0.89
corupa,2026-10-08T12:40,0.89
corupa,2026-10-08T12:41,0.88
nereu,2026-10-08T12:37,0.87
nereu,2026-10-08T12:38,0.87
nereu,2026-10-08T12:39,0.87
nereu,2026-10-08T12:40,0.87
nereu,2026-10-08T12:41,0.87
eta,2026-10-08T12:37,1.27
eta,2026-10-08T12:38,1.27
eta,2026-10-08T12:39,1.27
eta,2026-10-08T12:40,1.27
eta,2026-10-08T12:41,1.27
via_verde,2026-10-08T12:37,1.27
via_verde,2026-10-08T12:38,1.27
via_verde,2026-10-08T12:39,1.27
via_verde,2026-10-08T12:40,1.27
via_verde,2026-10-08T12:41,1.27
corupa,2026-10-08T12:42,0.88
corupa,2026-10-08T12:43,0.88
corupa,2026-10-08T12:44,0.88
corupa,2026-10-08T12:45,0.89
corupa,2026-10-08T12:46,0.89
nereu,2026-10-08T12:42,0.87
nereu,2026-10-08T12:43,0.87
nereu,2026-10-08T12:44,0.87
nereu,2026-10-08T12:45,0.87
nereu,2026-10-08T12:46,0.87
eta,2026-10-08T12:42,1.27
eta,2026-10-08T12:43,1.27
eta,2026-10-08T12:44,1.27
eta,2026-10-08T12:45,1.27
eta,2026-10-08T12:46,1.28
via_verde,2026-10-08T12:42,1.27
via_verde,2026-10-08T12:43,1.27
via_verde,2026-10-08T12:44,1.27
via_verde,2026-10-08T12:45,1.27
via_verde,2026-10-08T12:46,1.27
corupa,2026-10-08T12:47,0.89
corupa,2026-10-08T12:48,0.89
corupa,2026-10-08T12:49,0.89
corupa,2026-10-08T12:50,0.89
corupa,2026-10-08T12:51,0.89
corupa,2026-10-08T12:52,0.86
corupa,2026-10-08T12:53,0.86
corupa,2026-10-08T12:54,0.86
corupa,2026-10-08T12:55,0.86
corupa,2026-10-08T12:56,0.88
nereu,2026-10-08T12:47,0.87
nereu,2026-10-08T12:48,0.87
nereu,2026-10-08T12:49,0.87
nereu,2026-10-08T12:50,0.87
nereu,2026-10-08T12:51,0.87
nereu,2026-10-08T12:52,0.87
nereu,2026-10-08T12:53,0.87
nereu,2026-10-08T12:54,0.87
nereu,2026-10-08T12:55,0.87
nereu,2026-10-08T12:56,0.87
eta,2026-10-08T12:47,1.26
eta,2026-10-08T12:48,1.27
eta,2026-10-08T12:49,1.27
eta,2026-10-08T12:50,1.26
eta,2026-10-08T12:51,1.27
eta,2026-10-08T12:52,1.27
eta,2026-10-08T12:53,1.26
eta,2026-10-08T12:54,1.26
eta,2026-10-08T12:55,1.26
eta,2026-10-08T12:56,1.27
via_verde,2026-10-08T12:47,1.28
via_verde,2026-10-08T12:48,1.28
via_verde,2026-10-08T12:49,1.27
via_verde,2026-10-08T12:50,1.26
via_verde,2026-10-08T12:51,1.27
via_verde,2026-10-08T12:52,1.26
via_verde,2026-10-08T12:53,1.26
via_verde,2026-10-08T12:54,1.25
via_verde,2026-10-08T12:55,1.26
via_verde,2026-10-08T12:56,1.25
corupa,2026-10-08T12:57,0.88
corupa,2026-10-08T12:58,0.87
corupa,2026-10-08T12:59,0.87
corupa,2026-10-08T13:00,0.87
corupa,2026-10-08T13:01,0.89
corupa,2026-10-08T13:02,0.89
corupa,2026-10-08T13:03,0.88
corupa,2026-10-08T13:04,0.88
corupa,2026-10-08T13:05,0.86
corupa,2026-10-08T13:06,0.86
nereu,2026-10-08T12:57,0.87
nereu,2026-10-08T12:58,0.87
nereu,2026-10-08T12:59,0.87
nereu,2026-10-08T13:00,0.87
nereu,2026-10-08T13:01,0.87
nereu,2026-10-08T13:02,0.87
nereu,2026-10-08T13:03,0.88
nereu,2026-10-08T13:04,0.87
nereu,2026-10-08T13:05,0.87
nereu,2026-10-08T13:06,0.87
eta,2026-10-08T12:57,1.27
eta,2026-10-08T12:58,1.27
eta,2026-10-08T12:59,1.26
eta,2026-10-08T13:00,1.26
eta,2026-10-08T13:01,1.27
eta,2026-10-08T13:02,1.25
eta,2026-10-08T13:03,1.27
eta,2026-10-08T13:04,1.26
eta,2026-10-08T13:05,1.26
eta,2026-10-08T13:06,1.26
via_verde,2026-10-08T12:57,1.27
via_verde,2026-10-08T12:58,1.26
via_verde,2026-10-08T12:59,1.26
via_verde,2026-10-08T13:00,1.26
via_verde,2026-10-08T13:01,1.26
via_verde,2026-10-08T13:02,1.26
via_verde,2026-10-08T13:03,1.24
via_verde,2026-10-08T13:04,1.26
via_verde,2026-10-08T13:05,1.26
via_verde,2026-10-08T13:06,1.26
corupa,2026-10-08T13:07,0.86
corupa,2026-10-08T13:08,0.86
corupa,2026-10-08T13:09,0.86
corupa,2026-10-08T13:10,0.86
corupa,2026-10-08T13:11,0.88
corupa,2026-10-08T13:12,0.88
corupa,2026-10-08T13:13,0.88
corupa,2026-10-08T13:14,0.88
corupa,2026-10-08T13:15,0.88
corupa,2026-10-08T13:16,0.88
nereu,2026-10-08T13:07,0.87
nereu,2026-10-08T13:08,0.86
nereu,2026-10-08T13:09,0.87
nereu,2026-10-08T13:10,0.87
nereu,2026-10-08T13:11,0.87
nereu,2026-10-08T13:12,0.87
nereu,2026-10-08T13:13,0.86
nereu,2026-10-08T13:14,0.87
nereu,2026-10-08T13:15,0.87
nereu,2026-10-08T13:16,0.87
eta,2026-10-08T13:07,1.26
eta,2026-10-08T13:08,1.26
eta,2026-10-08T13:09,1.26
eta,2026-10-08T13:10,1.26
eta,2026-10-08T13:11,1.26
eta,2026-10-08T13:12,1.26
eta,2026-10-08T13:13,1.26
eta,2026-10-08T13:14,1.26
eta,2026-10-08T13:15,1.27
eta,2026-10-08T13:16,1.26
via_verde,2026-10-08T13:07,1.26
via_verde,2026-10-08T13:08,1.27
via_verde,2026-10-08T13:09,1.26
via_verde,2026-10-08T13:10,1.25
via_verde,2026-10-08T13:11,1.26
via_verde,2026-10-08T13:12,1.26
via_verde,2026-10-08T13:13,1.24
via_verde,2026-10-08T13:14,1.26
via_verde,2026-10-08T13:15,1.25
via_verde,2026-10-08T13:16,1.25
corupa,2026-10-08T13:17,0.87
corupa,2026-10-08T13:18,0.88
corupa,2026-10-08T13:19,0.88
corupa,2026-10-08T13:20,0.86
corupa,2026-10-08T13:21,0.86
corupa,2026-10-08T13:22,0.87
corupa,2026-10-08T13:23,0.87
corupa,2026-10-08T13:24,0.87
corupa,2026-10-08T13:25,0.87
corupa,2026-10-08T13:26,0.88
nereu,2026-10-08T13:17,0.87
nereu,2026-10-08T13:18,0.87
nereu,2026-10-08T13:19,0.87
nereu,2026-10-08T13:20,0.86
nereu,2026-10-08T13:21,0.86
nereu,2026-10-08T13:22,0.87
nereu,2026-10-08T13:23,0.87
nereu,2026-10-08T13:24,0.87
nereu,2026-10-08T13:25,0.86
nereu,2026-10-08T13:26,0.87
eta,2026-10-08T13:17,1.26
eta,2026-10-08T13:18,1.26
eta,2026-10-08T13:19,1.26
eta,2026-10-08T13:20,1.26
eta,2026-10-08T13:21,1.26
eta,2026-10-08T13:22,1.26
eta,2026-10-08T13:23,1.26
eta,2026-10-08T13:24,1.26
eta,2026-10-08T13:25,1.26
eta,2026-10-08T13:26,1.26
via_verde,2026-10-08T13:17,1.26
via_verde,2026-10-08T13:18,1.25
via_verde,2026-10-08T13:19,1.25
via_verde,2026-10-08T13:20,1.24
via_verde,2026-10-08T13:21,1.25
via_verde,2026-10-08T13:22,1.25
via_verde,2026-10-08T13:23,1.25
via_verde,2026-10-08T13:24,1.23
via_verde,2026-10-08T13:25,1.25
via_verde,2026-10-08T13:26,1.25
corupa,2026-10-08T13:27,0.86
corupa,2026-10-08T13:28,0.86
corupa,2026-10-08T13:29,0.88
corupa,2026-10-08T13:30,0.88
corupa,2026-10-08T13:31,0.87
nereu,2026-10-08T13:27,0.87
nereu,2026-10-08T13:28,0.87
nereu,2026-10-08T13:29,0.86
nereu,2026-10-08T13:30,0.87
nereu,2026-10-08T13:31,0.87
eta,2026-10-08T13:27,1.26
eta,2026-10-08T13:28,1.25
eta,2026-10-08T13:29,1.26
eta,2026-10-08T13:30,1.25
eta,2026-10-08T13:31,1.26
via_verde,2026-10-08T13:27,1.25
via_verde,2026-10-08T13:28,1.24
via_verde,2026-10-08T13:29,1.25
via_verde,2026-10-08T13:30,1.23
via_verde,2026-10-08T13:31,1.24
via_verde,2026-10-08T13:32,1.25
corupa,2026-10-08T13:32,0.87
corupa,2026-10-08T13:33,0.88
corupa,2026-10-08T13:34,0.88
corupa,2026-10-08T13:35,0.86
corupa,2026-10-08T13:36,0.86
corupa,2026-10-08T13:37,0.87
corupa,2026-10-08T13:38,0.87
corupa,2026-10-08T13:39,0.87
corupa,2026-10-08T13:40,0.87
corupa,2026-10-08T13:41,0.87
nereu,2026-10-08T13:32,0.87
nereu,2026-10-08T13:33,0.86
nereu,2026-10-08T13:34,0.86
nereu,2026-10-08T13:35,0.86
nereu,2026-10-08T13:36,0.86
nereu,2026-10-08T13:37,0.86
nereu,2026-10-08T13:38,0.87
nereu,2026-10-08T13:39,0.86
nereu,2026-10-08T13:40,0.86
nereu,2026-10-08T13:41,0.86
eta,2026-10-08T13:32,1.26
eta,2026-10-08T13:33,1.26
eta,2026-10-08T13:34,1.26
eta,2026-10-08T13:35,1.25
eta,2026-10-08T13:36,1.25
eta,2026-10-08T13:37,1.25
eta,2026-10-08T13:38,1.25
eta,2026-10-08T13:39,1.25
eta,2026-10-08T13:40,1.25
eta,2026-10-08T13:41,1.26
via_verde,2026-10-08T13:33,1.26
via_verde,2026-10-08T13:34,1.25
via_verde,2026-10-08T13:35,1.25
via_verde,2026-10-08T13:36,1.26
via_verde,2026-10-08T13:37,1.25
via_verde,2026-10-08T13:38,1.24
via_verde,2026-10-08T13:39,1.24
via_verde,2026-10-08T13:40,1.25
via_verde,2026-10-08T13:41,1.24
corupa,2026-10-08T13:42,0.87
corupa,2026-10-08T13:43,0.84
corupa,2026-10-08T13:44,0.86
corupa,2026-10-08T13:45,0.86
corupa,2026-10-08T13:46,0.86
corupa,2026-10-08T13:47,0.86
corupa,2026-10-08T13:48,0.86
corupa,2026-10-08T13:49,0.86
corupa,2026-10-08T13:50,0.86
corupa,2026-10-08T13:51,0.86
nereu,2026-10-08T13:42,0.86
nereu,2026-10-08T13:43,0.86
nereu,2026-10-08T13:44,0.86
nereu,2026-10-08T13:45,0.86
nereu,2026-10-08T13:46,0.86
nereu,2026-10-08T13:47,0.85
nereu,2026-10-08T13:48,0.86
nereu,2026-10-08T13:49,0.86
nereu,2026-10-08T13:50,0.86
nereu,2026-10-08T13:51,0.86
eta,2026-10-08T13:42,1.25
eta,2026-10-08T13:43,1.25
eta,2026-10-08T13:44,1.25
eta,2026-10-08T13:45,1.25
eta,2026-10-08T13:46,1.25
eta,2026-10-08T13:47,1.25
eta,2026-10-08T13:48,1.25
eta,2026-10-08T13:49,1.25
eta,2026-10-08T13:50,1.25
eta,2026-10-08T13:51,1.25
via_verde,2026-10-08T13:42,1.24
via_verde,2026-10-08T13:43,1.25
via_verde,2026-10-08T13:44,1.24
via_verde,2026-10-08T13:45,1.23
via_verde,2026-10-08T13:46,1.25
via_verde,2026-10-08T13:47,1.25
via_verde,2026-10-08T13:48,1.24
via_verde,2026-10-08T13:49,1.25
via_verde,2026-10-08T13:50,1.23
via_verde,2026-10-08T13:51,1.25
corupa,2026-10-08T13:52,0.87
corupa,2026-10-08T13:53,0.87
corupa,2026-10-08T13:54,0.86
corupa,2026-10-08T13:55,0.86
corupa,2026-10-08T13:56,0.86
corupa,2026-10-08T13:57,0.86
corupa,2026-10-08T13:58,0.86
corupa,2026-10-08T13:59,0.84
corupa,2026-10-08T14:00,0.84
corupa,2026-10-08T14:01,0.84
nereu,2026-10-08T13:52,0.86
nereu,2026-10-08T13:53,0.86
nereu,2026-10-08T13:54,0.86
nereu,2026-10-08T13:55,0.86
nereu,2026-10-08T13:56,0.86
nereu,2026-10-08T13:57,0.86
nereu,2026-10-08T13:58,0.86
nereu,2026-10-08T13:59,0.86
nereu,2026-10-08T14:00,0.87
nereu,2026-10-08T14:01,0.86
eta,2026-10-08T13:52,1.25
eta,2026-10-08T13:53,1.25
eta,2026-10-08T13:54,1.25
eta,2026-10-08T13:55,1.26
eta,2026-10-08T13:56,1.25
eta,2026-10-08T13:57,1.25
eta,2026-10-08T13:58,1.24
eta,2026-10-08T13:59,1.25
eta,2026-10-08T14:00,1.25
eta,2026-10-08T14:01,1.24
via_verde,2026-10-08T13:52,1.24
via_verde,2026-10-08T13:53,1.24
via_verde,2026-10-08T13:54,1.24
via_verde,2026-10-08T13:55,1.23
via_verde,2026-10-08T13:56,1.23
via_verde,2026-10-08T13:57,1.24
via_verde,2026-10-08T13:58,1.24
via_verde,2026-10-08T13:59,1.24
via_verde,2026-10-08T14:00,1.24
via_verde,2026-10-08T14:01,1.24
corupa,2026-10-08T14:02,0.84
corupa,2026-10-08T14:03,0.86
corupa,2026-10-08T14:04,0.86
corupa,2026-10-08T14:05,0.86
corupa,2026-10-08T14:06,0.85
corupa,2026-10-08T14:07,0.85
corupa,2026-10-08T14:08,0.83
corupa,2026-10-08T14:09,0.83
corupa,2026-10-08T14:10,0.85
corupa,2026-10-08T14:11,0.85
nereu,2026-10-08T14:02,0.86
nereu,2026-10-08T14:03,0.86
nereu,2026-10-08T14:04,0.86
nereu,2026-10-08T14:05,0.86
nereu,2026-10-08T14:06,0.86
nereu,2026-10-08T14:07,0.85
nereu,2026-10-08T14:08,0.86
nereu,2026-10-08T14:09,0.86
nereu,2026-10-08T14:10,0.86
nereu,2026-10-08T14:11,0.85
eta,2026-10-08T14:02,1.25
eta,2026-10-08T14:03,1.25
eta,2026-10-08T14:04,1.24
eta,2026-10-08T14:05,1.25
eta,2026-10-08T14:06,1.25
eta,2026-10-08T14:07,1.25
eta,2026-10-08T14:08,1.24
eta,2026-10-08T14:09,1.24
eta,2026-10-08T14:10,1.24
eta,2026-10-08T14:11,1.25
via_verde,2026-10-08T14:02,1.23
via_verde,2026-10-08T14:03,1.24
via_verde,2026-10-08T14:04,1.23
via_verde,2026-10-08T14:05,1.24
via_verde,2026-10-08T14:06,1.24
via_verde,2026-10-08T14:07,1.24
via_verde,2026-10-08T14:08,1.23
via_verde,2026-10-08T14:09,1.23
via_verde,2026-10-08T14:10,1.24
via_verde,2026-10-08T14:11,1.24
corupa,2026-10-08T14:12,0.86
corupa,2026-10-08T14:13,0.86
corupa,2026-10-08T14:14,0.84
corupa,2026-10-08T14:15,0.84
corupa,2026-10-08T14:16,0.84
nereu,2026-10-08T14:12,0.86
nereu,2026-10-08T14:13,0.86
nereu,2026-10-08T14:14,0.86
nereu,2026-10-08T14:15,0.85
nereu,2026-10-08T14:16,0.86
eta,2026-10-08T14:12,1.26
eta,2026-10-08T14:13,1.24
eta,2026-10-08T14:14,1.24
eta,2026-10-08T14:15,1.25
eta,2026-10-08T14:16,1.25
via_verde,2026-10-08T14:12,1.23
via_verde,2026-10-08T14:13,1.24
via_verde,2026-10-08T14:14,1.23
via_verde,2026-10-08T14:15,1.23
via_verde,2026-10-08T14:16,1.24
corupa,2026-10-08T14:17,0.84
corupa,2026-10-08T14:18,0.85
corupa,2026-10-08T14:19,0.86
corupa,2026-10-08T14:20,0.86
corupa,2026-10-08T14:21,0.85
corupa,2026-10-08T14:22,0.85
corupa,2026-10-08T14:23,0.85
corupa,2026-10-08T14:24,0.85
corupa,2026-10-08T14:25,0.84
corupa,2026-10-08T14:26,0.84
nereu,2026-10-08T14:17,0.86
nereu,2026-10-08T14:18,0.86
nereu,2026-10-08T14:19,0.85
nereu,2026-10-08T14:20,0.86
nereu,2026-10-08T14:21,0.85
nereu,2026-10-08T14:22,0.85
nereu,2026-10-08T14:23,0.85
nereu,2026-10-08T14:24,0.85
nereu,2026-10-08T14:25,0.86
nereu,2026-10-08T14:26,0.85
eta,2026-10-08T14:17,1.25
eta,2026-10-08T14:18,1.24
eta,2026-10-08T14:19,1.23
eta,2026-10-08T14:20,1.24
eta,2026-10-08T14:21,1.24
eta,2026-10-08T14:22,1.24
eta,2026-10-08T14:23,1.24
eta,2026-10-08T14:24,1.24
eta,2026-10-08T14:25,1.24
eta,2026-10-08T14:26,1.24
via_verde,2026-10-08T14:17,1.23
via_verde,2026-10-08T14:18,1.22
via_verde,2026-10-08T14:19,1.24
via_verde,2026-10-08T14:20,1.23
via_verde,2026-10-08T14:21,1.24
via_verde,2026-10-08T14:22,1.23
via_verde,2026-10-08T14:23,1.23
via_verde,2026-10-08T14:24,1.22
via_verde,2026-10-08T14:25,1.23
via_verde,2026-10-08T14:26,1.23
corupa,2026-10-08T14:27,0.85
corupa,2026-10-08T14:28,0.85
corupa,2026-10-08T14:29,0.85
corupa,2026-10-08T14:30,0.85
corupa,2026-10-08T14:31,0.85
corupa,2026-10-08T14:32,0.85
corupa,2026-10-08T14:33,0.85
corupa,2026-10-08T14:34,0.85
corupa,2026-10-08T14:35,0.85
corupa,2026-10-08T14:36,0.85
nereu,2026-10-08T14:27,0.85
nereu,2026-10-08T14:28,0.85
nereu,2026-10-08T14:29,0.85
nereu,2026-10-08T14:30,0.85
nereu,2026-10-08T14:31,0.85
nereu,2026-10-08T14:32,0.85
nereu,2026-10-08T14:33,0.85
nereu,2026-10-08T14:34,0.85
nereu,2026-10-08T14:35,0.85
nereu,2026-10-08T14:36,0.85
eta,2026-10-08T14:27,1.24
eta,2026-10-08T14:28,1.24
eta,2026-10-08T14:29,1.24
eta,2026-10-08T14:30,1.24
eta,2026-10-08T14:31,1.24
eta,2026-10-08T14:32,1.23
eta,2026-10-08T14:33,1.24
eta,2026-10-08T14:34,1.24
eta,2026-10-08T14:35,1.24
eta,2026-10-08T14:36,1.24
via_verde,2026-10-08T14:27,1.23
via_verde,2026-10-08T14:28,1.23
via_verde,2026-10-08T14:29,1.23
via_verde,2026-10-08T14:30,1.24
via_verde,2026-10-08T14:31,1.22
via_verde,2026-10-08T14:32,1.23
via_verde,2026-10-08T14:33,1.23
via_verde,2026-10-08T14:34,1.23
via_verde,2026-10-08T14:35,1.23
via_verde,2026-10-08T14:36,1.23
corupa,2026-10-08T14:37,0.85
corupa,2026-10-08T14:38,0.84
corupa,2026-10-08T14:39,0.84
corupa,2026-10-08T14:40,0.85
corupa,2026-10-08T14:41,0.85
corupa,2026-10-08T14:42,0.85
corupa,2026-10-08T14:43,0.85
corupa,2026-10-08T14:44,0.84
corupa,2026-10-08T14:45,0.84
corupa,2026-10-08T14:46,0.85
nereu,2026-10-08T14:37,0.85
nereu,2026-10-08T14:38,0.85
nereu,2026-10-08T14:39,0.85
nereu,2026-10-08T14:40,0.85
nereu,2026-10-08T14:41,0.85
nereu,2026-10-08T14:42,0.84
nereu,2026-10-08T14:43,0.85
nereu,2026-10-08T14:44,0.85
nereu,2026-10-08T14:45,0.85
nereu,2026-10-08T14:46,0.85
eta,2026-10-08T14:37,1.24
eta,2026-10-08T14:38,1.24
eta,2026-10-08T14:39,1.24
eta,2026-10-08T14:40,1.24
eta,2026-10-08T14:41,1.23
eta,2026-10-08T14:42,1.24
eta,2026-10-08T14:43,1.22
eta,2026-10-08T14:44,1.23
eta,2026-10-08T14:45,1.23
eta,2026-10-08T14:46,1.23
via_verde,2026-10-08T14:37,1.22
via_verde,2026-10-08T14:38,1.23
via_verde,2026-10-08T14:39,1.22
via_verde,2026-10-08T14:40,1.22
via_verde,2026-10-08T14:41,1.22
via_verde,2026-10-08T14:42,1.23
via_verde,2026-10-08T14:43,1.23
via_verde,2026-10-08T14:44,1.22
via_verde,2026-10-08T14:45,1.23
via_verde,2026-10-08T14:46,1.23
corupa,2026-10-08T14:47,0.85
corupa,2026-10-08T14:48,0.84
corupa,2026-10-08T14:49,0.84
corupa,2026-10-08T14:50,0.84
corupa,2026-10-08T14:51,0.84
corupa,2026-10-08T14:52,0.84
corupa,2026-10-08T14:53,0.84
corupa,2026-10-08T14:54,0.84
corupa,2026-10-08T14:55,0.84
corupa,2026-10-08T14:56,0.84
nereu,2026-10-08T14:47,0.85
nereu,2026-10-08T14:48,0.85
nereu,2026-10-08T14:49,0.85
nereu,2026-10-08T14:50,0.84
nereu,2026-10-08T14:51,0.85
nereu,2026-10-08T14:52,0.85
nereu,2026-10-08T14:53,0.84
nereu,2026-10-08T14:54,0.85
nereu,2026-10-08T14:55,0.85
nereu,2026-10-08T14:56,0.84
eta,2026-10-08T14:47,1.24
eta,2026-10-08T14:48,1.24
eta,2026-10-08T14:49,1.23
eta,2026-10-08T14:50,1.24
eta,2026-10-08T14:51,1.24
eta,2026-10-08T14:52,1.23
eta,2026-10-08T14:53,1.23
eta,2026-10-08T14:54,1.23
eta,2026-10-08T14:55,1.23
eta,2026-10-08T14:56,1.23
via_verde,2026-10-08T14:47,1.23
via_verde,2026-10-08T14:48,1.22
via_verde,2026-10-08T14:49,1.23
via_verde,2026-10-08T14:50,1.22
via_verde,2026-10-08T14:51,1.21
via_verde,2026-10-08T14:52,1.22
via_verde,2026-10-08T14:53,1.21
via_verde,2026-10-08T14:54,1.22
via_verde,2026-10-08T14:55,1.21
via_verde,2026-10-08T14:56,1.22
corupa,2026-10-08T14:57,0.84
nereu,2026-10-08T14:57,0.85
eta,2026-10-08T14:57,1.23
via_verde,2026-10-08T14:57,1.22
corupa,2026-10-08T14:58,0.84
corupa,2026-10-08T14:59,0.84
corupa,2026-10-08T15:00,0.84
corupa,2026-10-08T15:01,0.85
corupa,2026-10-08T15:02,0.85
corupa,2026-10-08T15:03,0.84
corupa,2026-10-08T15:04,0.84
corupa,2026-10-08T15:05,0.84
corupa,2026-10-08T15:06,0.84
nereu,2026-10-08T14:58,0.85
nereu,2026-10-08T14:59,0.84
nereu,2026-10-08T15:00,0.85
nereu,2026-10-08T15:01,0.85
nereu,2026-10-08T15:02,0.84
nereu,2026-10-08T15:03,0.85
nereu,2026-10-08T15:04,0.85
nereu,2026-10-08T15:05,0.84
nereu,2026-10-08T15:06,0.85
eta,2026-10-08T14:58,1.23
eta,2026-10-08T14:59,1.23
eta,2026-10-08T15:00,1.23
eta,2026-10-08T15:01,1.23
eta,2026-10-08T15:02,1.23
eta,2026-10-08T15:03,1.23
eta,2026-10-08T15:04,1.23
eta,2026-10-08T15:05,1.22
eta,2026-10-08T15:06,1.22
via_verde,2026-10-08T14:58,1.22
via_verde,2026-10-08T14:59,1.23
via_verde,2026-10-08T15:00,1.21
via_verde,2026-10-08T15:01,1.22
via_verde,2026-10-08T15:02,1.22
via_verde,2026-10-08T15:03,1.21
via_verde,2026-10-08T15:04,1.22
via_verde,2026-10-08T15:05,1.23
via_verde,2026-10-08T15:06,1.22
corupa,2026-10-08T15:07,0.85
corupa,2026-10-08T15:08,0.85
corupa,2026-10-08T15:09,0.83
corupa,2026-10-08T15:10,0.83
corupa,2026-10-08T15:11,0.84
corupa,2026-10-08T15:12,0.84
corupa,2026-10-08T15:13,0.84
corupa,2026-10-08T15:14,0.84
corupa,2026-10-08T15:15,0.84
corupa,2026-10-08T15:16,0.83
nereu,2026-10-08T15:07,0.85
nereu,2026-10-08T15:08,0.84
nereu,2026-10-08T15:09,0.85
nereu,2026-10-08T15:10,0.85
nereu,2026-10-08T15:11,0.84
nereu,2026-10-08T15:12,0.85
nereu,2026-10-08T15:13,0.84
nereu,2026-10-08T15:14,0.84
nereu,2026-10-08T15:15,0.84
nereu,2026-10-08T15:16,0.84
eta,2026-10-08T15:07,1.23
eta,2026-10-08T15:08,1.23
eta,2026-10-08T15:09,1.23
eta,2026-10-08T15:10,1.22
eta,2026-10-08T15:11,1.22
eta,2026-10-08T15:12,1.23
eta,2026-10-08T15:13,1.23
eta,2026-10-08T15:14,1.22
eta,2026-10-08T15:15,1.23
eta,2026-10-08T15:16,1.22
via_verde,2026-10-08T15:07,1.21
via_verde,2026-10-08T15:08,1.22
via_verde,2026-10-08T15:09,1.21
via_verde,2026-10-08T15:10,1.23
via_verde,2026-10-08T15:11,1.21
via_verde,2026-10-08T15:12,1.23
via_verde,2026-10-08T15:13,1.21
via_verde,2026-10-08T15:14,1.21
via_verde,2026-10-08T15:15,1.21
via_verde,2026-10-08T15:16,1.2
corupa,2026-10-08T15:17,0.83
corupa,2026-10-08T15:18,0.85
corupa,2026-10-08T15:19,0.85
corupa,2026-10-08T15:20,0.84
corupa,2026-10-08T15:21,0.84
corupa,2026-10-08T15:22,0.83
corupa,2026-10-08T15:23,0.83
corupa,2026-10-08T15:24,0.84
corupa,2026-10-08T15:25,0.84
corupa,2026-10-08T15:26,0.84
nereu,2026-10-08T15:17,0.84
nereu,2026-10-08T15:18,0.85
nereu,2026-10-08T15:19,0.84
nereu,2026-10-08T15:20,0.84
nereu,2026-10-08T15:21,0.84
nereu,2026-10-08T15:22,0.84
nereu,2026-10-08T15:23,0.84
nereu,2026-10-08T15:24,0.85
nereu,2026-10-08T15:25,0.84
nereu,2026-10-08T15:26,0.84
eta,2026-10-08T15:17,1.21
eta,2026-10-08T15:18,1.22
eta,2026-10-08T15:19,1.24
eta,2026-10-08T15:20,1.23
eta,2026-10-08T15:21,1.23
eta,2026-10-08T15:22,1.22
eta,2026-10-08T15:23,1.24
eta,2026-10-08T15:24,1.22
eta,2026-10-08T15:25,1.23
eta,2026-10-08T15:26,1.23
via_verde,2026-10-08T15:17,1.21
via_verde,2026-10-08T15:18,1.21
via_verde,2026-10-08T15:19,1.21
via_verde,2026-10-08T15:20,1.21
via_verde,2026-10-08T15:21,1.2
via_verde,2026-10-08T15:22,1.21
via_verde,2026-10-08T15:23,1.21
via_verde,2026-10-08T15:24,1.22
via_verde,2026-10-08T15:25,1.22
via_verde,2026-10-08T15:26,1.21
corupa,2026-10-08T15:27,0.85
corupa,2026-10-08T15:28,0.85
corupa,2026-10-08T15:29,0.84
corupa,2026-10-08T15:30,0.84
corupa,2026-10-08T15:31,0.84
corupa,2026-10-08T15:32,0.84
corupa,2026-10-08T15:33,0.82
corupa,2026-10-08T15:34,0.85
corupa,2026-10-08T15:35,0.85
corupa,2026-10-08T15:36,0.83
corupa,2026-10-08T15:37,0.83
nereu,2026-10-08T15:27,0.84
nereu,2026-10-08T15:28,0.84
nereu,2026-10-08T15:29,0.84
nereu,2026-10-08T15:30,0.84
nereu,2026-10-08T15:31,0.84
nereu,2026-10-08T15:32,0.84
nereu,2026-10-08T15:33,0.84
nereu,2026-10-08T15:34,0.84
nereu,2026-10-08T15:35,0.84
nereu,2026-10-08T15:36,0.84
nereu,2026-10-08T15:37,0.84
eta,2026-10-08T15:27,1.22
eta,2026-10-08T15:28,1.23
eta,2026-10-08T15:29,1.22
eta,2026-10-08T15:30,1.26
eta,2026-10-08T15:31,1.23
eta,2026-10-08T15:32,1.23
eta,2026-10-08T15:33,1.23
eta,2026-10-08T15:34,1.22
eta,2026-10-08T15:35,1.22
eta,2026-10-08T15:36,1.23
eta,2026-10-08T15:37,1.22
via_verde,2026-10-08T15:27,1.21
via_verde,2026-10-08T15:28,1.21
via_verde,2026-10-08T15:29,1.21
via_verde,2026-10-08T15:30,1.22
via_verde,2026-10-08T15:31,1.21
via_verde,2026-10-08T15:32,1.21
via_verde,2026-10-08T15:33,1.21
via_verde,2026-10-08T15:34,1.21
via_verde,2026-10-08T15:35,1.18
via_verde,2026-10-08T15:36,1.21
via_verde,2026-10-08T15:37,1.18
corupa,2026-10-08T15:38,0.82
corupa,2026-10-08T15:39,0.82
corupa,2026-10-08T15:40,0.84
corupa,2026-10-08T15:41,0.84
corupa,2026-10-08T15:42,0.83
corupa,2026-10-08T15:43,0.83
corupa,2026-10-08T15:44,0.82
corupa,2026-10-08T15:45,0.82
corupa,2026-10-08T15:46,0.83
nereu,2026-10-08T15:38,0.84
nereu,2026-10-08T15:39,0.84
nereu,2026-10-08T15:40,0.84
nereu,2026-10-08T15:41,0.84
nereu,2026-10-08T15:42,0.84
nereu,2026-10-08T15:43,0.84
nereu,2026-10-08T15:44,0.84
nereu,2026-10-08T15:45,0.84
nereu,2026-10-08T15:46,0.84
eta,2026-10-08T15:38,1.22
eta,2026-10-08T15:39,1.22
eta,2026-10-08T15:40,1.22
eta,2026-10-08T15:41,1.23
eta,2026-10-08T15:42,1.22
eta,2026-10-08T15:43,1.22
eta,2026-10-08T15:44,1.22
eta,2026-10-08T15:45,1.22
eta,2026-10-08T15:46,1.22
via_verde,2026-10-08T15:38,1.2
via_verde,2026-10-08T15:39,1.21
via_verde,2026-10-08T15:40,1.21
via_verde,2026-10-08T15:41,1.2
via_verde,2026-10-08T15:42,1.21
via_verde,2026-10-08T15:43,1.19
via_verde,2026-10-08T15:44,1.21
via_verde,2026-10-08T15:45,1.19
via_verde,2026-10-08T15:46,1.2
corupa,2026-10-08T15:47,0.83
corupa,2026-10-08T15:48,0.84
corupa,2026-10-08T15:49,0.84
corupa,2026-10-08T15:50,0.84
corupa,2026-10-08T15:51,0.84
corupa,2026-10-08T15:52,0.82
corupa,2026-10-08T15:53,0.82
corupa,2026-10-08T15:54,0.83
corupa,2026-10-08T15:55,0.83
corupa,2026-10-08T15:56,0.83
nereu,2026-10-08T15:47,0.84
nereu,2026-10-08T15:48,0.84
nereu,2026-10-08T15:49,0.84
nereu,2026-10-08T15:50,0.84
nereu,2026-10-08T15:51,0.83
nereu,2026-10-08T15:52,0.84
nereu,2026-10-08T15:53,0.83
nereu,2026-10-08T15:54,0.83
nereu,2026-10-08T15:55,0.83
nereu,2026-10-08T15:56,0.84
eta,2026-10-08T15:47,1.22
eta,2026-10-08T15:48,1.21
eta,2026-10-08T15:49,1.22
eta,2026-10-08T15:50,1.21
eta,2026-10-08T15:51,1.21
eta,2026-10-08T15:52,1.21
eta,2026-10-08T15:53,1.22
eta,2026-10-08T15:54,1.22
eta,2026-10-08T15:55,1.21
eta,2026-10-08T15:56,1.22
via_verde,2026-10-08T15:47,1.19
via_verde,2026-10-08T15:48,1.21
via_verde,2026-10-08T15:49,1.18
via_verde,2026-10-08T15:50,1.2
via_verde,2026-10-08T15:51,1.21
via_verde,2026-10-08T15:52,1.2
via_verde,2026-10-08T15:53,1.19
via_verde,2026-10-08T15:54,1.19
via_verde,2026-10-08T15:55,1.2
via_verde,2026-10-08T15:56,1.2
corupa,2026-10-08T15:57,0.83
corupa,2026-10-08T15:58,0.83
corupa,2026-10-08T15:59,0.83
corupa,2026-10-08T16:00,0.8
corupa,2026-10-08T16:01,0.8
corupa,2026-10-08T16:02,0.82
corupa,2026-10-08T16:03,0.82
corupa,2026-10-08T16:04,0.82
corupa,2026-10-08T16:05,0.82
corupa,2026-10-08T16:06,0.82
nereu,2026-10-08T15:57,0.84
nereu,2026-10-08T15:58,0.84
nereu,2026-10-08T15:59,0.84
nereu,2026-10-08T16:00,0.84
nereu,2026-10-08T16:01,0.83
nereu,2026-10-08T16:02,0.84
nereu,2026-10-08T16:03,0.84
nereu,2026-10-08T16:04,0.83
nereu,2026-10-08T16:05,0.83
nereu,2026-10-08T16:06,0.83
eta,2026-10-08T15:57,1.21
eta,2026-10-08T15:58,1.22
eta,2026-10-08T15:59,1.21
eta,2026-10-08T16:00,1.22
eta,2026-10-08T16:01,1.22
eta,2026-10-08T16:02,1.21
eta,2026-10-08T16:03,1.21
eta,2026-10-08T16:04,1.22
eta,2026-10-08T16:05,1.21
eta,2026-10-08T16:06,1.22
via_verde,2026-10-08T15:57,1.2
via_verde,2026-10-08T15:58,1.21
via_verde,2026-10-08T15:59,1.2
via_verde,2026-10-08T16:00,1.2
via_verde,2026-10-08T16:01,1.2
via_verde,2026-10-08T16:02,1.21
via_verde,2026-10-08T16:03,1.19
via_verde,2026-10-08T16:04,1.19
via_verde,2026-10-08T16:05,1.2
via_verde,2026-10-08T16:06,1.19
corupa,2026-10-08T16:07,0.82
corupa,2026-10-08T16:08,0.8
corupa,2026-10-08T16:09,0.8
corupa,2026-10-08T16:10,0.8
corupa,2026-10-08T16:11,0.8
corupa,2026-10-08T16:12,0.8
corupa,2026-10-08T16:13,0.81
corupa,2026-10-08T16:14,0.81
corupa,2026-10-08T16:15,0.81
corupa,2026-10-08T16:16,0.81
nereu,2026-10-08T16:07,0.84
nereu,2026-10-08T16:08,0.83
nereu,2026-10-08T16:09,0.83
nereu,2026-10-08T16:10,0.83
nereu,2026-10-08T16:11,0.83
nereu,2026-10-08T16:12,0.83
nereu,2026-10-08T16:13,0.84
nereu,2026-10-08T16:14,0.84
nereu,2026-10-08T16:15,0.84
nereu,2026-10-08T16:16,0.84
eta,2026-10-08T16:07,1.21
eta,2026-10-08T16:08,1.22
eta,2026-10-08T16:09,1.21
eta,2026-10-08T16:10,1.21
eta,2026-10-08T16:11,1.21
eta,2026-10-08T16:12,1.21
eta,2026-10-08T16:13,1.21
eta,2026-10-08T16:14,1.21
eta,2026-10-08T16:15,1.21
eta,2026-10-08T16:16,1.21
via_verde,2026-10-08T16:07,1.2
via_verde,2026-10-08T16:08,1.19
via_verde,2026-10-08T16:09,1.21
via_verde,2026-10-08T16:10,1.2
via_verde,2026-10-08T16:11,1.2
via_verde,2026-10-08T16:12,1.2
via_verde,2026-10-08T16:13,1.19
via_verde,2026-10-08T16:14,1.19
via_verde,2026-10-08T16:15,1.2
via_verde,2026-10-08T16:16,1.19
corupa,2026-10-08T16:17,0.8
corupa,2026-10-08T16:18,0.8
corupa,2026-10-08T16:19,0.81
corupa,2026-10-08T16:20,0.78
corupa,2026-10-08T16:21,0.78
corupa,2026-10-08T16:22,0.8
corupa,2026-10-08T16:23,0.8
corupa,2026-10-08T16:24,0.82
corupa,2026-10-08T16:25,0.82
corupa,2026-10-08T16:26,0.82
nereu,2026-10-08T16:17,0.84
nereu,2026-10-08T16:18,0.83
nereu,2026-10-08T16:19,0.83
nereu,2026-10-08T16:20,0.84
nereu,2026-10-08T16:21,0.83
nereu,2026-10-08T16:22,0.83
nereu,2026-10-08T16:23,0.83
nereu,2026-10-08T16:24,0.83
nereu,2026-10-08T16:25,0.83
nereu,2026-10-08T16:26,0.83
eta,2026-10-08T16:17,1.21
eta,2026-10-08T16:18,1.21
eta,2026-10-08T16:19,1.2
eta,2026-10-08T16:20,1.21
eta,2026-10-08T16:21,1.21
eta,2026-10-08T16:22,1.21
eta,2026-10-08T16:23,1.21
eta,2026-10-08T16:24,1.21
eta,2026-10-08T16:25,1.21
eta,2026-10-08T16:26,1.21
via_verde,2026-10-08T16:17,1.19
via_verde,2026-10-08T16:18,1.18
via_verde,2026-10-08T16:19,1.19
via_verde,2026-10-08T16:20,1.18
via_verde,2026-10-08T16:21,1.2
via_verde,2026-10-08T16:22,1.19
via_verde,2026-10-08T16:23,1.19
via_verde,2026-10-08T16:24,1.19
via_verde,2026-10-08T16:25,1.18
via_verde,2026-10-08T16:26,1.19
corupa,2026-10-08T16:27,0.82
corupa,2026-10-08T16:28,0.81
corupa,2026-10-08T16:29,0.81
corupa,2026-10-08T16:30,0.82
corupa,2026-10-08T16:31,0.82
nereu,2026-10-08T16:27,0.83
nereu,2026-10-08T16:28,0.83
nereu,2026-10-08T16:29,0.83
nereu,2026-10-08T16:30,0.83
nereu,2026-10-08T16:31,0.83
eta,2026-10-08T16:27,1.2
eta,2026-10-08T16:28,1.2
eta,2026-10-08T16:29,1.2
eta,2026-10-08T16:30,1.2
eta,2026-10-08T16:31,1.21
via_verde,2026-10-08T16:27,1.19
via_verde,2026-10-08T16:28,1.18
via_verde,2026-10-08T16:29,1.19
via_verde,2026-10-08T16:30,1.19
via_verde,2026-10-08T16:31,1.19
corupa,2026-10-08T16:32,0.83
corupa,2026-10-08T16:33,0.83
corupa,2026-10-08T16:34,0.81
corupa,2026-10-08T16:35,0.81
corupa,2026-10-08T16:36,0.82
corupa,2026-10-08T16:37,0.82
corupa,2026-10-08T16:38,0.82
corupa,2026-10-08T16:39,0.82
corupa,2026-10-08T16:40,0.82
corupa,2026-10-08T16:41,0.83
nereu,2026-10-08T16:32,0.83
nereu,2026-10-08T16:33,0.83
nereu,2026-10-08T16:34,0.83
nereu,2026-10-08T16:35,0.83
nereu,2026-10-08T16:36,0.83
nereu,2026-10-08T16:37,0.83
nereu,2026-10-08T16:38,0.83
nereu,2026-10-08T16:39,0.83
nereu,2026-10-08T16:40,0.83
nereu,2026-10-08T16:41,0.83
eta,2026-10-08T16:32,1.2
eta,2026-10-08T16:33,1.2
eta,2026-10-08T16:34,1.2
eta,2026-10-08T16:35,1.19
eta,2026-10-08T16:36,1.21
eta,2026-10-08T16:37,1.19
eta,2026-10-08T16:38,1.2
eta,2026-10-08T16:39,1.2
eta,2026-10-08T16:40,1.19
eta,2026-10-08T16:41,1.2
via_verde,2026-10-08T16:32,1.19
via_verde,2026-10-08T16:33,1.2
via_verde,2026-10-08T16:34,1.19
via_verde,2026-10-08T16:35,1.2
via_verde,2026-10-08T16:36,1.18
via_verde,2026-10-08T16:37,1.18
via_verde,2026-10-08T16:38,1.19
via_verde,2026-10-08T16:39,1.19
via_verde,2026-10-08T16:40,1.18
via_verde,2026-10-08T16:41,1.18
corupa,2026-10-08T16:42,0.83
corupa,2026-10-08T16:43,0.83
corupa,2026-10-08T16:44,0.83
corupa,2026-10-08T16:45,0.82
corupa,2026-10-08T16:46,0.82
corupa,2026-10-08T16:47,0.8
corupa,2026-10-08T16:48,0.8
corupa,2026-10-08T16:49,0.83
corupa,2026-10-08T16:50,0.83
corupa,2026-10-08T16:51,0.81
nereu,2026-10-08T16:42,0.83
nereu,2026-10-08T16:43,0.83
nereu,2026-10-08T16:44,0.83
nereu,2026-10-08T16:45,0.82
nereu,2026-10-08T16:46,0.83
nereu,2026-10-08T16:47,0.83
nereu,2026-10-08T16:48,0.83
nereu,2026-10-08T16:49,0.83
nereu,2026-10-08T16:50,0.83
nereu,2026-10-08T16:51,0.83
eta,2026-10-08T16:42,1.19
eta,2026-10-08T16:43,1.2
eta,2026-10-08T16:44,1.19
eta,2026-10-08T16:45,1.19
eta,2026-10-08T16:46,1.19
eta,2026-10-08T16:47,1.21
eta,2026-10-08T16:48,1.19
eta,2026-10-08T16:49,1.19
eta,2026-10-08T16:50,1.19
eta,2026-10-08T16:51,1.19
via_verde,2026-10-08T16:42,1.18
via_verde,2026-10-08T16:43,1.17
via_verde,2026-10-08T16:44,1.18
via_verde,2026-10-08T16:45,1.16
via_verde,2026-10-08T16:46,1.19
via_verde,2026-10-08T16:47,1.19
via_verde,2026-10-08T16:48,1.18
via_verde,2026-10-08T16:49,1.18
via_verde,2026-10-08T16:50,1.18
via_verde,2026-10-08T16:51,1.18
corupa,2026-10-08T16:52,0.81
corupa,2026-10-08T16:53,0.81
corupa,2026-10-08T16:54,0.81
corupa,2026-10-08T16:55,0.82
corupa,2026-10-08T16:56,0.82
corupa,2026-10-08T16:57,0.82
corupa,2026-10-08T16:58,0.82
corupa,2026-10-08T16:59,0.81
corupa,2026-10-08T17:00,0.82
corupa,2026-10-08T17:01,0.82
corupa,2026-10-08T17:02,0.82
nereu,2026-10-08T16:52,0.83
nereu,2026-10-08T16:53,0.83
nereu,2026-10-08T16:54,0.83
nereu,2026-10-08T16:55,0.83
nereu,2026-10-08T16:56,0.83
nereu,2026-10-08T16:57,0.83
nereu,2026-10-08T16:58,0.83
nereu,2026-10-08T16:59,0.83
nereu,2026-10-08T17:00,0.82
nereu,2026-10-08T17:01,0.82
nereu,2026-10-08T17:02,0.83
eta,2026-10-08T16:52,1.2
eta,2026-10-08T16:53,1.19
eta,2026-10-08T16:54,1.2
eta,2026-10-08T16:55,1.19
eta,2026-10-08T16:56,1.19
eta,2026-10-08T16:57,1.19
eta,2026-10-08T16:58,1.2
eta,2026-10-08T16:59,1.19
eta,2026-10-08T17:00,1.18
eta,2026-10-08T17:01,1.19
eta,2026-10-08T17:02,1.19
via_verde,2026-10-08T16:52,1.18
via_verde,2026-10-08T16:53,1.18
via_verde,2026-10-08T16:54,1.19
via_verde,2026-10-08T16:55,1.17
via_verde,2026-10-08T16:56,1.18
via_verde,2026-10-08T16:57,1.19
via_verde,2026-10-08T16:58,1.18
via_verde,2026-10-08T16:59,1.17
via_verde,2026-10-08T17:00,1.18
via_verde,2026-10-08T17:01,1.18
via_verde,2026-10-08T17:02,1.18
corupa,2026-10-08T17:03,0.82
corupa,2026-10-08T17:04,0.81
corupa,2026-10-08T17:05,0.81
corupa,2026-10-08T17:06,0.82
corupa,2026-10-08T17:07,0.82
corupa,2026-10-08T17:08,0.82
corupa,2026-10-08T17:09,0.82
corupa,2026-10-08T17:10,0.82
corupa,2026-10-08T17:11,0.82
nereu,2026-10-08T17:03,0.83
nereu,2026-10-08T17:04,0.82
nereu,2026-10-08T17:05,0.82
nereu,2026-10-08T17:06,0.83
nereu,2026-10-08T17:07,0.83
nereu,2026-10-08T17:08,0.82
nereu,2026-10-08T17:09,0.82
nereu,2026-10-08T17:10,0.82
nereu,2026-10-08T17:11,0.82
eta,2026-10-08T17:03,1.19
eta,2026-10-08T17:04,1.19
eta,2026-10-08T17:05,1.18
eta,2026-10-08T17:06,1.19
eta,2026-10-08T17:07,1.19
eta,2026-10-08T17:08,1.19
eta,2026-10-08T17:09,1.19
eta,2026-10-08T17:10,1.19
eta,2026-10-08T17:11,1.19
via_verde,2026-10-08T17:03,1.18
via_verde,2026-10-08T17:04,1.18
via_verde,2026-10-08T17:05,1.18
via_verde,2026-10-08T17:06,1.18
via_verde,2026-10-08T17:07,1.17
via_verde,2026-10-08T17:08,1.18
via_verde,2026-10-08T17:09,1.18
via_verde,2026-10-08T17:10,1.17
via_verde,2026-10-08T17:11,1.18
corupa,2026-10-08T17:12,0.81
corupa,2026-10-08T17:13,0.81
corupa,2026-10-08T17:14,0.82
corupa,2026-10-08T17:15,0.81
corupa,2026-10-08T17:16,0.81
corupa,2026-10-08T17:17,0.81
corupa,2026-10-08T17:18,0.81
corupa,2026-10-08T17:19,0.81
corupa,2026-10-08T17:20,0.81
corupa,2026-10-08T17:21,0.81
nereu,2026-10-08T17:12,0.82
nereu,2026-10-08T17:13,0.82
nereu,2026-10-08T17:14,0.82
nereu,2026-10-08T17:15,0.82
nereu,2026-10-08T17:16,0.82
nereu,2026-10-08T17:17,0.82
nereu,2026-10-08T17:18,0.82
nereu,2026-10-08T17:19,0.83
nereu,2026-10-08T17:20,0.82
nereu,2026-10-08T17:21,0.82
eta,2026-10-08T17:12,1.19
eta,2026-10-08T17:13,1.2
eta,2026-10-08T17:14,1.19
eta,2026-10-08T17:15,1.2
eta,2026-10-08T17:16,1.19
eta,2026-10-08T17:17,1.19
eta,2026-10-08T17:18,1.19
eta,2026-10-08T17:19,1.19
eta,2026-10-08T17:20,1.19
eta,2026-10-08T17:21,1.19
via_verde,2026-10-08T17:12,1.18
via_verde,2026-10-08T17:13,1.16
via_verde,2026-10-08T17:14,1.18
via_verde,2026-10-08T17:15,1.18
via_verde,2026-10-08T17:16,1.17
via_verde,2026-10-08T17:17,1.18
via_verde,2026-10-08T17:18,1.17
via_verde,2026-10-08T17:19,1.18
via_verde,2026-10-08T17:20,1.17
via_verde,2026-10-08T17:21,1.17
corupa,2026-10-08T17:22,0.81
corupa,2026-10-08T17:23,0.81
corupa,2026-10-08T17:24,0.81
corupa,2026-10-08T17:25,0.8
corupa,2026-10-08T17:26,0.8
nereu,2026-10-08T17:22,0.82
nereu,2026-10-08T17:23,0.82
nereu,2026-10-08T17:24,0.82
nereu,2026-10-08T17:25,0.82
nereu,2026-10-08T17:26,0.82
eta,2026-10-08T17:22,1.19
eta,2026-10-08T17:23,1.19
eta,2026-10-08T17:24,1.19
eta,2026-10-08T17:25,1.19
eta,2026-10-08T17:26,1.19
via_verde,2026-10-08T17:22,1.18
via_verde,2026-10-08T17:23,1.17
via_verde,2026-10-08T17:24,1.17
via_verde,2026-10-08T17:25,1.17
via_verde,2026-10-08T17:26,1.17
corupa,2026-10-08T17:27,0.81
corupa,2026-10-08T17:28,0.81
corupa,2026-10-08T17:29,0.81
corupa,2026-10-08T17:30,0.81
corupa,2026-10-08T17:31,0.81
corupa,2026-10-08T17:32,0.81
corupa,2026-10-08T17:33,0.81
corupa,2026-10-08T17:34,0.79
corupa,2026-10-08T17:35,0.79
corupa,2026-10-08T17:36,0.79
nereu,2026-10-08T17:27,0.82
nereu,2026-10-08T17:28,0.82
nereu,2026-10-08T17:29,0.82
nereu,2026-10-08T17:30,0.82
nereu,2026-10-08T17:31,0.82
nereu,2026-10-08T17:32,0.82
nereu,2026-10-08T17:33,0.82
nereu,2026-10-08T17:34,0.82
nereu,2026-10-08T17:35,0.82
nereu,2026-10-08T17:36,0.81
eta,2026-10-08T17:27,1.19
eta,2026-10-08T17:28,1.18
eta,2026-10-08T17:29,1.18
eta,2026-10-08T17:30,1.19
eta,2026-10-08T17:31,1.19
eta,2026-10-08T17:32,1.18
eta,2026-10-08T17:33,1.18
eta,2026-10-08T17:34,1.19
eta,2026-10-08T17:35,1.19
eta,2026-10-08T17:36,1.18
via_verde,2026-10-08T17:27,1.17
via_verde,2026-10-08T17:28,1.17
via_verde,2026-10-08T17:29,1.17
via_verde,2026-10-08T17:30,1.17
via_verde,2026-10-08T17:31,1.17
via_verde,2026-10-08T17:32,1.16
via_verde,2026-10-08T17:33,1.15
via_verde,2026-10-08T17:34,1.17
via_verde,2026-10-08T17:35,1.16
via_verde,2026-10-08T17:36,1.17
corupa,2026-10-08T17:37,0.79
corupa,2026-10-08T17:38,0.8
corupa,2026-10-08T17:39,0.8
corupa,2026-10-08T17:40,0.8
corupa,2026-10-08T17:41,0.8
corupa,2026-10-08T17:42,0.79
corupa,2026-10-08T17:43,0.79
corupa,2026-10-08T17:44,0.79
corupa,2026-10-08T17:45,0.79
corupa,2026-10-08T17:46,0.8
nereu,2026-10-08T17:37,0.82
nereu,2026-10-08T17:38,0.82
nereu,2026-10-08T17:39,0.82
nereu,2026-10-08T17:40,0.82
nereu,2026-10-08T17:41,0.82
nereu,2026-10-08T17:42,0.82
nereu,2026-10-08T17:43,0.82
nereu,2026-10-08T17:44,0.82
nereu,2026-10-08T17:45,0.82
nereu,2026-10-08T17:46,0.82
eta,2026-10-08T17:37,1.18
eta,2026-10-08T17:38,1.18
eta,2026-10-08T17:39,1.18
eta,2026-10-08T17:40,1.18
eta,2026-10-08T17:41,1.18
eta,2026-10-08T17:42,1.18
eta,2026-10-08T17:43,1.18
eta,2026-10-08T17:44,1.18
eta,2026-10-08T17:45,1.19
eta,2026-10-08T17:46,1.18
via_verde,2026-10-08T17:37,1.16
via_verde,2026-10-08T17:38,1.16
via_verde,2026-10-08T17:39,1.17
via_verde,2026-10-08T17:40,1.16
via_verde,2026-10-08T17:41,1.15
via_verde,2026-10-08T17:42,1.17
via_verde,2026-10-08T17:43,1.16
via_verde,2026-10-08T17:44,1.15
via_verde,2026-10-08T17:45,1.16
via_verde,2026-10-08T17:46,1.17
corupa,2026-10-08T17:47,0.8
corupa,2026-10-08T17:48,0.81
corupa,2026-10-08T17:49,0.81
corupa,2026-10-08T17:50,0.81
corupa,2026-10-08T17:51,0.81
corupa,2026-10-08T17:52,0.8
corupa,2026-10-08T17:53,0.8
corupa,2026-10-08T17:54,0.8
corupa,2026-10-08T17:55,0.81
corupa,2026-10-08T17:56,0.81
nereu,2026-10-08T17:47,0.82
nereu,2026-10-08T17:48,0.82
nereu,2026-10-08T17:49,0.82
nereu,2026-10-08T17:50,0.82
nereu,2026-10-08T17:51,0.82
nereu,2026-10-08T17:52,0.82
nereu,2026-10-08T17:53,0.82
nereu,2026-10-08T17:54,0.82
nereu,2026-10-08T17:55,0.82
nereu,2026-10-08T17:56,0.82
eta,2026-10-08T17:47,1.18
eta,2026-10-08T17:48,1.18
eta,2026-10-08T17:49,1.18
eta,2026-10-08T17:50,1.18
eta,2026-10-08T17:51,1.18
eta,2026-10-08T17:52,1.18
eta,2026-10-08T17:53,1.18
eta,2026-10-08T17:54,1.18
eta,2026-10-08T17:55,1.18
eta,2026-10-08T17:56,1.18
via_verde,2026-10-08T17:47,1.16
via_verde,2026-10-08T17:48,1.16
via_verde,2026-10-08T17:49,1.16
via_verde,2026-10-08T17:50,1.17
via_verde,2026-10-08T17:51,1.16
via_verde,2026-10-08T17:52,1.16
via_verde,2026-10-08T17:53,1.16
via_verde,2026-10-08T17:54,1.16
via_verde,2026-10-08T17:55,1.16
via_verde,2026-10-08T17:56,1.16
corupa,2026-10-08T17:57,0.79
corupa,2026-10-08T17:58,0.79
corupa,2026-10-08T17:59,0.8
corupa,2026-10-08T18:00,0.8
corupa,2026-10-08T18:01,0.8
corupa,2026-10-08T18:02,0.8
corupa,2026-10-08T18:03,0.8
corupa,2026-10-08T18:04,0.8
corupa,2026-10-08T18:05,0.8
corupa,2026-10-08T18:06,0.8
nereu,2026-10-08T17:57,0.82
nereu,2026-10-08T17:58,0.82
nereu,2026-10-08T17:59,0.82
nereu,2026-10-08T18:00,0.81
nereu,2026-10-08T18:01,0.82
nereu,2026-10-08T18:02,0.82
nereu,2026-10-08T18:03,0.82
nereu,2026-10-08T18:04,0.81
nereu,2026-10-08T18:05,0.82
nereu,2026-10-08T18:06,0.82
eta,2026-10-08T17:57,1.18
eta,2026-10-08T17:58,1.18
eta,2026-10-08T17:59,1.18
eta,2026-10-08T18:00,1.18
eta,2026-10-08T18:01,1.18
eta,2026-10-08T18:02,1.18
eta,2026-10-08T18:03,1.17
eta,2026-10-08T18:04,1.18
eta,2026-10-08T18:05,1.18
eta,2026-10-08T18:06,1.18
via_verde,2026-10-08T17:57,1.15
via_verde,2026-10-08T17:58,1.16
via_verde,2026-10-08T17:59,1.15
via_verde,2026-10-08T18:00,1.16
via_verde,2026-10-08T18:01,1.16
via_verde,2026-10-08T18:02,1.15
via_verde,2026-10-08T18:03,1.15
via_verde,2026-10-08T18:04,1.16
via_verde,2026-10-08T18:05,1.16
via_verde,2026-10-08T18:06,1.15
corupa,2026-10-08T18:07,0.8
corupa,2026-10-08T18:08,0.8
corupa,2026-10-08T18:09,0.8
corupa,2026-10-08T18:10,0.81
corupa,2026-10-08T18:11,0.81
corupa,2026-10-08T18:12,0.8
corupa,2026-10-08T18:13,0.8
corupa,2026-10-08T18:14,0.81
corupa,2026-10-08T18:15,0.81
corupa,2026-10-08T18:16,0.79
nereu,2026-10-08T18:07,0.81
nereu,2026-10-08T18:08,0.81
nereu,2026-10-08T18:09,0.81
nereu,2026-10-08T18:10,0.81
nereu,2026-10-08T18:11,0.82
nereu,2026-10-08T18:12,0.82
nereu,2026-10-08T18:13,0.81
nereu,2026-10-08T18:14,0.81
nereu,2026-10-08T18:15,0.81
nereu,2026-10-08T18:16,0.81
eta,2026-10-08T18:07,1.18
eta,2026-10-08T18:08,1.18
eta,2026-10-08T18:09,1.18
eta,2026-10-08T18:10,1.18
eta,2026-10-08T18:11,1.18
eta,2026-10-08T18:12,1.17
eta,2026-10-08T18:13,1.17
eta,2026-10-08T18:14,1.17
eta,2026-10-08T18:15,1.17
eta,2026-10-08T18:16,1.18
via_verde,2026-10-08T18:07,1.16
via_verde,2026-10-08T18:08,1.15
via_verde,2026-10-08T18:09,1.16
via_verde,2026-10-08T18:10,1.15
via_verde,2026-10-08T18:11,1.15
via_verde,2026-10-08T18:12,1.14
via_verde,2026-10-08T18:13,1.16
via_verde,2026-10-08T18:14,1.14
via_verde,2026-10-08T18:15,1.15
via_verde,2026-10-08T18:16,1.14
corupa,2026-10-08T18:17,0.79
corupa,2026-10-08T18:18,0.79
corupa,2026-10-08T18:19,0.79
corupa,2026-10-08T18:20,0.8
corupa,2026-10-08T18:21,0.8
corupa,2026-10-08T18:22,0.8
corupa,2026-10-08T18:23,0.79
corupa,2026-10-08T18:24,0.79
corupa,2026-10-08T18:25,0.79
corupa,2026-10-08T18:26,0.79
nereu,2026-10-08T18:17,0.81
nereu,2026-10-08T18:18,0.81
nereu,2026-10-08T18:19,0.81
nereu,2026-10-08T18:20,0.81
nereu,2026-10-08T18:21,0.82
nereu,2026-10-08T18:22,0.82
nereu,2026-10-08T18:23,0.81
nereu,2026-10-08T18:24,0.81
nereu,2026-10-08T18:25,0.82
nereu,2026-10-08T18:26,0.81
eta,2026-10-08T18:17,1.17
eta,2026-10-08T18:18,1.17
eta,2026-10-08T18:19,1.17
eta,2026-10-08T18:20,1.17
eta,2026-10-08T18:21,1.17
eta,2026-10-08T18:22,1.18
eta,2026-10-08T18:23,1.17
eta,2026-10-08T18:24,1.17
eta,2026-10-08T18:25,1.17
eta,2026-10-08T18:26,1.17
via_verde,2026-10-08T18:17,1.14
via_verde,2026-10-08T18:18,1.15
via_verde,2026-10-08T18:19,1.14
via_verde,2026-10-08T18:20,1.15
via_verde,2026-10-08T18:21,1.14
via_verde,2026-10-08T18:22,1.15
via_verde,2026-10-08T18:23,1.15
via_verde,2026-10-08T18:24,1.14
via_verde,2026-10-08T18:25,1.14
via_verde,2026-10-08T18:26,1.14
corupa,2026-10-08T18:27,0.79
corupa,2026-10-08T18:28,0.8
corupa,2026-10-08T18:29,0.8
corupa,2026-10-08T18:30,0.81
corupa,2026-10-08T18:31,0.81
corupa,2026-10-08T18:32,0.8
corupa,2026-10-08T18:33,0.77
corupa,2026-10-08T18:34,0.77
corupa,2026-10-08T18:35,0.8
corupa,2026-10-08T18:36,0.8
nereu,2026-10-08T18:27,0.82
nereu,2026-10-08T18:28,0.81
nereu,2026-10-08T18:29,0.82
nereu,2026-10-08T18:30,0.81
nereu,2026-10-08T18:31,0.81
nereu,2026-10-08T18:32,0.82
nereu,2026-10-08T18:33,0.82
nereu,2026-10-08T18:34,0.81
nereu,2026-10-08T18:35,0.81
nereu,2026-10-08T18:36,0.81
eta,2026-10-08T18:27,1.17
eta,2026-10-08T18:28,1.18
eta,2026-10-08T18:29,1.16
eta,2026-10-08T18:30,1.17
eta,2026-10-08T18:31,1.16
eta,2026-10-08T18:32,1.17
eta,2026-10-08T18:33,1.16
eta,2026-10-08T18:34,1.16
eta,2026-10-08T18:35,1.16
eta,2026-10-08T18:36,1.17
via_verde,2026-10-08T18:27,1.15
via_verde,2026-10-08T18:28,1.14
via_verde,2026-10-08T18:29,1.15
via_verde,2026-10-08T18:30,1.15
via_verde,2026-10-08T18:31,1.15
via_verde,2026-10-08T18:32,1.15
via_verde,2026-10-08T18:33,1.15
via_verde,2026-10-08T18:34,1.15
via_verde,2026-10-08T18:35,1.14
via_verde,2026-10-08T18:36,1.15
corupa,2026-10-08T18:37,0.78
corupa,2026-10-08T18:38,0.78
corupa,2026-10-08T18:39,0.79
corupa,2026-10-08T18:40,0.78
corupa,2026-10-08T18:41,0.78
corupa,2026-10-08T18:42,0.78
corupa,2026-10-08T18:43,0.78
corupa,2026-10-08T18:44,0.79
corupa,2026-10-08T18:45,0.79
corupa,2026-10-08T18:46,0.79
nereu,2026-10-08T18:37,0.81
nereu,2026-10-08T18:38,0.82
nereu,2026-10-08T18:39,0.81
nereu,2026-10-08T18:40,0.81
nereu,2026-10-08T18:41,0.81
nereu,2026-10-08T18:42,0.81
nereu,2026-10-08T18:43,0.81
nereu,2026-10-08T18:44,0.81
nereu,2026-10-08T18:45,0.81
nereu,2026-10-08T18:46,0.81
eta,2026-10-08T18:37,1.16
eta,2026-10-08T18:38,1.16
eta,2026-10-08T18:39,1.17
eta,2026-10-08T18:40,1.17
eta,2026-10-08T18:41,1.16
eta,2026-10-08T18:42,1.16
eta,2026-10-08T18:43,1.19
eta,2026-10-08T18:44,1.16
eta,2026-10-08T18:45,1.15
eta,2026-10-08T18:46,1.16
via_verde,2026-10-08T18:37,1.14
via_verde,2026-10-08T18:38,1.14
via_verde,2026-10-08T18:39,1.14
via_verde,2026-10-08T18:40,1.15
via_verde,2026-10-08T18:41,1.14
via_verde,2026-10-08T18:42,1.15
via_verde,2026-10-08T18:43,1.14
via_verde,2026-10-08T18:44,1.14
via_verde,2026-10-08T18:45,1.15
via_verde,2026-10-08T18:46,1.14
corupa,2026-10-08T18:47,0.79
corupa,2026-10-08T18:48,0.79
corupa,2026-10-08T18:49,0.78
corupa,2026-10-08T18:50,0.78
corupa,2026-10-08T18:51,0.78
corupa,2026-10-08T18:52,0.78
corupa,2026-10-08T18:53,0.79
corupa,2026-10-08T18:54,0.79
corupa,2026-10-08T18:55,0.78
corupa,2026-10-08T18:56,0.78
nereu,2026-10-08T18:47,0.81
nereu,2026-10-08T18:48,0.81
nereu,2026-10-08T18:49,0.81
nereu,2026-10-08T18:50,0.81
nereu,2026-10-08T18:51,0.81
nereu,2026-10-08T18:52,0.81
nereu,2026-10-08T18:53,0.81
nereu,2026-10-08T18:54,0.81
nereu,2026-10-08T18:55,0.82
nereu,2026-10-08T18:56,0.81
eta,2026-10-08T18:47,1.16
eta,2026-10-08T18:48,1.16
eta,2026-10-08T18:49,1.16
eta,2026-10-08T18:50,1.16
eta,2026-10-08T18:51,1.16
eta,2026-10-08T18:52,1.16
eta,2026-10-08T18:53,1.16
eta,2026-10-08T18:54,1.16
eta,2026-10-08T18:55,1.16
eta,2026-10-08T18:56,1.16
via_verde,2026-10-08T18:47,1.15
via_verde,2026-10-08T18:48,1.15
via_verde,2026-10-08T18:49,1.14
via_verde,2026-10-08T18:50,1.14
via_verde,2026-10-08T18:51,1.15
via_verde,2026-10-08T18:52,1.15
via_verde,2026-10-08T18:53,1.14
via_verde,2026-10-08T18:54,1.15
via_verde,2026-10-08T18:55,1.14
via_verde,2026-10-08T18:56,1.15
corupa,2026-10-08T18:57,0.79
corupa,2026-10-08T18:58,0.8
corupa,2026-10-08T18:59,0.8
corupa,2026-10-08T19:00,0.79
corupa,2026-10-08T19:01,0.79
corupa,2026-10-08T19:02,0.8
corupa,2026-10-08T19:03,0.8
corupa,2026-10-08T19:04,0.79
corupa,2026-10-08T19:05,0.78
corupa,2026-10-08T19:06,0.78
nereu,2026-10-08T18:57,0.81
nereu,2026-10-08T18:58,0.81
nereu,2026-10-08T18:59,0.81
nereu,2026-10-08T19:00,0.81
nereu,2026-10-08T19:01,0.81
nereu,2026-10-08T19:02,0.81
nereu,2026-10-08T19:03,0.81
nereu,2026-10-08T19:04,0.81
nereu,2026-10-08T19:05,0.81
nereu,2026-10-08T19:06,0.81
eta,2026-10-08T18:57,1.16
eta,2026-10-08T18:58,1.16
eta,2026-10-08T18:59,1.16
eta,2026-10-08T19:00,1.16
eta,2026-10-08T19:01,1.15
eta,2026-10-08T19:02,1.16
eta,2026-10-08T19:03,1.16
eta,2026-10-08T19:04,1.16
eta,2026-10-08T19:05,1.16
eta,2026-10-08T19:06,1.16
via_verde,2026-10-08T18:57,1.14
via_verde,2026-10-08T18:58,1.14
via_verde,2026-10-08T18:59,1.12
via_verde,2026-10-08T19:00,1.13
via_verde,2026-10-08T19:01,1.14
via_verde,2026-10-08T19:02,1.14
via_verde,2026-10-08T19:03,1.14
via_verde,2026-10-08T19:04,1.14
via_verde,2026-10-08T19:05,1.13
via_verde,2026-10-08T19:06,1.13
corupa,2026-10-08T19:07,0.79
corupa,2026-10-08T19:08,0.79
corupa,2026-10-08T19:09,0.79
corupa,2026-10-08T19:10,0.79
corupa,2026-10-08T19:11,0.76
corupa,2026-10-08T19:12,0.79
corupa,2026-10-08T19:13,0.79
corupa,2026-10-08T19:14,0.78
corupa,2026-10-08T19:15,0.78
corupa,2026-10-08T19:16,0.78
nereu,2026-10-08T19:07,0.81
nereu,2026-10-08T19:08,0.81
nereu,2026-10-08T19:09,0.81
nereu,2026-10-08T19:10,0.81
nereu,2026-10-08T19:11,0.81
nereu,2026-10-08T19:12,0.81
nereu,2026-10-08T19:13,0.81
nereu,2026-10-08T19:14,0.81
nereu,2026-10-08T19:15,0.81
nereu,2026-10-08T19:16,0.81
eta,2026-10-08T19:07,1.16
eta,2026-10-08T19:08,1.16
eta,2026-10-08T19:09,1.16
eta,2026-10-08T19:10,1.16
eta,2026-10-08T19:11,1.16
eta,2026-10-08T19:12,1.16
eta,2026-10-08T19:13,1.16
eta,2026-10-08T19:14,1.16
eta,2026-10-08T19:15,1.15
eta,2026-10-08T19:16,1.15
via_verde,2026-10-08T19:07,1.12
via_verde,2026-10-08T19:08,1.14
via_verde,2026-10-08T19:09,1.13
via_verde,2026-10-08T19:10,1.13
via_verde,2026-10-08T19:11,1.13
via_verde,2026-10-08T19:12,1.13
via_verde,2026-10-08T19:13,1.13
via_verde,2026-10-08T19:14,1.14
via_verde,2026-10-08T19:15,1.13
via_verde,2026-10-08T19:16,1.13
corupa,2026-10-08T19:17,0.78
corupa,2026-10-08T19:18,0.78
corupa,2026-10-08T19:19,0.78
corupa,2026-10-08T19:20,0.78
corupa,2026-10-08T19:21,0.78
corupa,2026-10-08T19:22,0.79
corupa,2026-10-08T19:23,0.79
corupa,2026-10-08T19:24,0.77
corupa,2026-10-08T19:25,0.77
corupa,2026-10-08T19:26,0.78
nereu,2026-10-08T19:17,0.81
nereu,2026-10-08T19:18,0.81
nereu,2026-10-08T19:19,0.81
nereu,2026-10-08T19:20,0.81
nereu,2026-10-08T19:21,0.81
nereu,2026-10-08T19:22,0.81
nereu,2026-10-08T19:23,0.81
nereu,2026-10-08T19:24,0.81
nereu,2026-10-08T19:25,0.81
nereu,2026-10-08T19:26,0.81
eta,2026-10-08T19:17,1.15
eta,2026-10-08T19:18,1.15
eta,2026-10-08T19:19,1.15
eta,2026-10-08T19:20,1.17
eta,2026-10-08T19:21,1.16
eta,2026-10-08T19:22,1.15
eta,2026-10-08T19:23,1.16
eta,2026-10-08T19:24,1.16
eta,2026-10-08T19:25,1.16
eta,2026-10-08T19:26,1.16
via_verde,2026-10-08T19:17,1.13
via_verde,2026-10-08T19:18,1.13
via_verde,2026-10-08T19:19,1.13
via_verde,2026-10-08T19:20,1.14
via_verde,2026-10-08T19:21,1.13
via_verde,2026-10-08T19:22,1.13
via_verde,2026-10-08T19:23,1.13
via_verde,2026-10-08T19:24,1.13
via_verde,2026-10-08T19:25,1.14
via_verde,2026-10-08T19:26,1.13
corupa,2026-10-08T19:27,0.79
corupa,2026-10-08T19:28,0.79
corupa,2026-10-08T19:29,0.78
corupa,2026-10-08T19:30,0.78
corupa,2026-10-08T19:31,0.78
corupa,2026-10-08T19:32,0.78
corupa,2026-10-08T19:33,0.78
corupa,2026-10-08T19:34,0.78
corupa,2026-10-08T19:35,0.78
corupa,2026-10-08T19:36,0.78
nereu,2026-10-08T19:27,0.81
nereu,2026-10-08T19:28,0.8
nereu,2026-10-08T19:29,0.8
nereu,2026-10-08T19:30,0.8
nereu,2026-10-08T19:31,0.8
nereu,2026-10-08T19:32,0.81
nereu,2026-10-08T19:33,0.8
nereu,2026-10-08T19:34,0.8
nereu,2026-10-08T19:35,0.81
nereu,2026-10-08T19:36,0.8
eta,2026-10-08T19:27,1.21
eta,2026-10-08T19:28,1.16
eta,2026-10-08T19:29,1.16
eta,2026-10-08T19:30,1.16
eta,2026-10-08T19:31,1.16
eta,2026-10-08T19:32,1.15
eta,2026-10-08T19:33,1.15
eta,2026-10-08T19:34,1.16
eta,2026-10-08T19:35,1.16
eta,2026-10-08T19:36,1.16
via_verde,2026-10-08T19:27,1.12
via_verde,2026-10-08T19:28,1.13
via_verde,2026-10-08T19:29,1.13
via_verde,2026-10-08T19:30,1.11
via_verde,2026-10-08T19:31,1.13
via_verde,2026-10-08T19:32,1.13
via_verde,2026-10-08T19:33,1.13
via_verde,2026-10-08T19:34,1.14
via_verde,2026-10-08T19:35,1.12
via_verde,2026-10-08T19:36,1.13
corupa,2026-10-08T19:37,0.78
corupa,2026-10-08T19:38,0.78
corupa,2026-10-08T19:39,0.78
corupa,2026-10-08T19:40,0.78
corupa,2026-10-08T19:41,0.77
corupa,2026-10-08T19:42,0.77
corupa,2026-10-08T19:43,0.78
corupa,2026-10-08T19:44,0.78
corupa,2026-10-08T19:45,0.78
corupa,2026-10-08T19:46,0.78
nereu,2026-10-08T19:37,0.81
nereu,2026-10-08T19:38,0.8
nereu,2026-10-08T19:39,0.8
nereu,2026-10-08T19:40,0.8
nereu,2026-10-08T19:41,0.81
nereu,2026-10-08T19:42,0.8
nereu,2026-10-08T19:43,0.8
nereu,2026-10-08T19:44,0.8
nereu,2026-10-08T19:45,0.81
nereu,2026-10-08T19:46,0.8
eta,2026-10-08T19:37,1.15
eta,2026-10-08T19:38,1.15
eta,2026-10-08T19:39,1.16
eta,2026-10-08T19:40,1.15
eta,2026-10-08T19:41,1.16
eta,2026-10-08T19:42,1.15
eta,2026-10-08T19:43,1.15
eta,2026-10-08T19:44,1.15
eta,2026-10-08T19:45,1.15
eta,2026-10-08T19:46,1.15
via_verde,2026-10-08T19:37,1.13
via_verde,2026-10-08T19:38,1.13
via_verde,2026-10-08T19:39,1.13
via_verde,2026-10-08T19:40,1.13
via_verde,2026-10-08T19:41,1.13
via_verde,2026-10-08T19:42,1.13
via_verde,2026-10-08T19:43,1.13
via_verde,2026-10-08T19:44,1.13
via_verde,2026-10-08T19:45,1.12
via_verde,2026-10-08T19:46,1.12
corupa,2026-10-08T19:47,0.78
corupa,2026-10-08T19:48,0.76
corupa,2026-10-08T19:49,0.76
corupa,2026-10-08T19:50,0.77
corupa,2026-10-08T19:51,0.77
corupa,2026-10-08T19:52,0.77
corupa,2026-10-08T19:53,0.76
corupa,2026-10-08T19:54,0.76
corupa,2026-10-08T19:55,0.76
corupa,2026-10-08T19:56,0.76
nereu,2026-10-08T19:47,0.81
nereu,2026-10-08T19:48,0.81
nereu,2026-10-08T19:49,0.8
nereu,2026-10-08T19:50,0.8
nereu,2026-10-08T19:51,0.8
nereu,2026-10-08T19:52,0.81
nereu,2026-10-08T19:53,0.81
nereu,2026-10-08T19:54,0.81
nereu,2026-10-08T19:55,0.8
nereu,2026-10-08T19:56,0.8
eta,2026-10-08T19:47,1.15
eta,2026-10-08T19:48,1.15
eta,2026-10-08T19:49,1.15
eta,2026-10-08T19:50,1.15
eta,2026-10-08T19:51,1.16
eta,2026-10-08T19:52,1.15
eta,2026-10-08T19:53,1.15
eta,2026-10-08T19:54,1.15
eta,2026-10-08T19:55,1.15
eta,2026-10-08T19:56,1.15
via_verde,2026-10-08T19:47,1.13
via_verde,2026-10-08T19:48,1.12
via_verde,2026-10-08T19:49,1.12
via_verde,2026-10-08T19:50,1.12
via_verde,2026-10-08T19:51,1.13
via_verde,2026-10-08T19:52,1.13
via_verde,2026-10-08T19:53,1.12
via_verde,2026-10-08T19:54,1.12
via_verde,2026-10-08T19:55,1.13
via_verde,2026-10-08T19:56,1.12
corupa,2026-10-08T19:57,0.77
corupa,2026-10-08T19:58,0.77
corupa,2026-10-08T19:59,0.76
corupa,2026-10-08T20:00,0.76
corupa,2026-10-08T20:01,0.75
corupa,2026-10-08T20:02,0.77
corupa,2026-10-08T20:03,0.77
corupa,2026-10-08T20:04,0.76
corupa,2026-10-08T20:05,0.76
corupa,2026-10-08T20:06,0.75
nereu,2026-10-08T19:57,0.8
nereu,2026-10-08T19:58,0.8
nereu,2026-10-08T19:59,0.81
nereu,2026-10-08T20:00,0.81
nereu,2026-10-08T20:01,0.8
nereu,2026-10-08T20:02,0.81
nereu,2026-10-08T20:03,0.81
nereu,2026-10-08T20:04,0.8
nereu,2026-10-08T20:05,0.81
nereu,2026-10-08T20:06,0.8
eta,2026-10-08T19:57,1.15
eta,2026-10-08T19:58,1.14
eta,2026-10-08T19:59,1.14
eta,2026-10-08T20:00,1.15
eta,2026-10-08T20:01,1.14
eta,2026-10-08T20:02,1.15
eta,2026-10-08T20:03,1.15
eta,2026-10-08T20:04,1.14
eta,2026-10-08T20:05,1.15
eta,2026-10-08T20:06,1.14
via_verde,2026-10-08T19:57,1.12
via_verde,2026-10-08T19:58,1.12
via_verde,2026-10-08T19:59,1.13
via_verde,2026-10-08T20:00,1.12
via_verde,2026-10-08T20:01,1.12
via_verde,2026-10-08T20:02,1.12
via_verde,2026-10-08T20:03,1.12
via_verde,2026-10-08T20:04,1.13
via_verde,2026-10-08T20:05,1.12
via_verde,2026-10-08T20:06,1.12
corupa,2026-10-08T20:07,0.76
corupa,2026-10-08T20:08,0.76
corupa,2026-10-08T20:09,0.77
corupa,2026-10-08T20:10,0.77
corupa,2026-10-08T20:11,0.77
corupa,2026-10-08T20:12,0.77
corupa,2026-10-08T20:13,0.76
nereu,2026-10-08T20:07,0.81
nereu,2026-10-08T20:08,0.8
nereu,2026-10-08T20:09,0.81
nereu,2026-10-08T20:10,0.8
nereu,2026-10-08T20:11,0.8
nereu,2026-10-08T20:12,0.8
nereu,2026-10-08T20:13,0.8
eta,2026-10-08T20:07,1.14
eta,2026-10-08T20:08,1.14
eta,2026-10-08T20:09,1.14
eta,2026-10-08T20:10,1.14
eta,2026-10-08T20:11,1.15
eta,2026-10-08T20:12,1.15
eta,2026-10-08T20:13,1.15
via_verde,2026-10-08T20:07,1.11
via_verde,2026-10-08T20:08,1.12
via_verde,2026-10-08T20:09,1.12
via_verde,2026-10-08T20:10,1.12
via_verde,2026-10-08T20:11,1.13
via_verde,2026-10-08T20:12,1.12
via_verde,2026-10-08T20:13,1.12
corupa,2026-10-08T20:14,0.76
corupa,2026-10-08T20:15,0.76
corupa,2026-10-08T20:16,0.76
corupa,2026-10-08T20:17,0.76
corupa,2026-10-08T20:18,0.77
corupa,2026-10-08T20:19,0.77
corupa,2026-10-08T20:20,0.77
corupa,2026-10-08T20:21,0.76
nereu,2026-10-08T20:14,0.8
nereu,2026-10-08T20:15,0.8
nereu,2026-10-08T20:16,0.8
nereu,2026-10-08T20:17,0.8
nereu,2026-10-08T20:18,0.8
nereu,2026-10-08T20:19,0.8
nereu,2026-10-08T20:20,0.8
nereu,2026-10-08T20:21,0.8
eta,2026-10-08T20:14,1.14
eta,2026-10-08T20:15,1.15
eta,2026-10-08T20:16,1.14
eta,2026-10-08T20:17,1.14
eta,2026-10-08T20:18,1.14
eta,2026-10-08T20:19,1.14
eta,2026-10-08T20:20,1.14
eta,2026-10-08T20:21,1.14
via_verde,2026-10-08T20:14,1.12
via_verde,2026-10-08T20:15,1.13
via_verde,2026-10-08T20:16,1.12
via_verde,2026-10-08T20:17,1.12
via_verde,2026-10-08T20:18,1.12
via_verde,2026-10-08T20:19,1.12
via_verde,2026-10-08T20:20,1.12
via_verde,2026-10-08T20:21,1.12
corupa,2026-10-08T20:22,0.76
corupa,2026-10-08T20:23,0.77
corupa,2026-10-08T20:24,0.77
corupa,2026-10-08T20:25,0.78
corupa,2026-10-08T20:26,0.78
corupa,2026-10-08T20:27,0.76
corupa,2026-10-08T20:28,0.77
corupa,2026-10-08T20:29,0.77
corupa,2026-10-08T20:30,0.77
corupa,2026-10-08T20:31,0.77
nereu,2026-10-08T20:22,0.8
nereu,2026-10-08T20:23,0.8
nereu,2026-10-08T20:24,0.8
nereu,2026-10-08T20:25,0.8
nereu,2026-10-08T20:26,0.8
nereu,2026-10-08T20:27,0.8
nereu,2026-10-08T20:28,0.8
nereu,2026-10-08T20:29,0.8
nereu,2026-10-08T20:30,0.8
nereu,2026-10-08T20:31,0.8
eta,2026-10-08T20:22,1.14
eta,2026-10-08T20:23,1.15
eta,2026-10-08T20:24,1.15
eta,2026-10-08T20:25,1.14
eta,2026-10-08T20:26,1.14
eta,2026-10-08T20:27,1.14
eta,2026-10-08T20:28,1.14
eta,2026-10-08T20:29,1.14
eta,2026-10-08T20:30,1.13
eta,2026-10-08T20:31,1.14
via_verde,2026-10-08T20:22,1.11
via_verde,2026-10-08T20:23,1.11
via_verde,2026-10-08T20:24,1.11
via_verde,2026-10-08T20:25,1.12
via_verde,2026-10-08T20:26,1.11
via_verde,2026-10-08T20:27,1.12
via_verde,2026-10-08T20:28,1.12
via_verde,2026-10-08T20:29,1.1
via_verde,2026-10-08T20:30,1.11
via_verde,2026-10-08T20:31,1.12
corupa,2026-10-08T20:32,0.77
corupa,2026-10-08T20:33,0.77
corupa,2026-10-08T20:34,0.76
corupa,2026-10-08T20:35,0.77
corupa,2026-10-08T20:36,0.77
corupa,2026-10-08T20:37,0.77
corupa,2026-10-08T20:38,0.77
corupa,2026-10-08T20:39,0.78
corupa,2026-10-08T20:40,0.78
corupa,2026-10-08T20:41,0.77
nereu,2026-10-08T20:32,0.79
nereu,2026-10-08T20:33,0.8
nereu,2026-10-08T20:34,0.8
nereu,2026-10-08T20:35,0.79
nereu,2026-10-08T20:36,0.8
nereu,2026-10-08T20:37,0.79
nereu,2026-10-08T20:38,0.8
nereu,2026-10-08T20:39,0.8
nereu,2026-10-08T20:40,0.8
nereu,2026-10-08T20:41,0.79
eta,2026-10-08T20:32,1.14
eta,2026-10-08T20:33,1.13
eta,2026-10-08T20:34,1.14
eta,2026-10-08T20:35,1.14
eta,2026-10-08T20:36,1.14
eta,2026-10-08T20:37,1.14
eta,2026-10-08T20:38,1.14
eta,2026-10-08T20:39,1.14
eta,2026-10-08T20:40,1.13
eta,2026-10-08T20:41,1.13
via_verde,2026-10-08T20:32,1.12
via_verde,2026-10-08T20:33,1.12
via_verde,2026-10-08T20:34,1.12
via_verde,2026-10-08T20:35,1.12
via_verde,2026-10-08T20:36,1.12
via_verde,2026-10-08T20:37,1.11
via_verde,2026-10-08T20:38,1.12
via_verde,2026-10-08T20:39,1.11
via_verde,2026-10-08T20:40,1.11
via_verde,2026-10-08T20:41,1.11
corupa,2026-10-08T20:42,0.77
corupa,2026-10-08T20:43,0.77
corupa,2026-10-08T20:44,0.77
corupa,2026-10-08T20:45,0.77
corupa,2026-10-08T20:46,0.78
corupa,2026-10-08T20:47,0.78
corupa,2026-10-08T20:48,0.78
corupa,2026-10-08T20:49,0.78
corupa,2026-10-08T20:50,0.77
corupa,2026-10-08T20:51,0.77
nereu,2026-10-08T20:42,0.8
nereu,2026-10-08T20:43,0.8
nereu,2026-10-08T20:44,0.8
nereu,2026-10-08T20:45,0.8
nereu,2026-10-08T20:46,0.8
nereu,2026-10-08T20:47,0.8
nereu,2026-10-08T20:48,0.8
nereu,2026-10-08T20:49,0.8
nereu,2026-10-08T20:50,0.79
nereu,2026-10-08T20:51,0.8
eta,2026-10-08T20:42,1.14
eta,2026-10-08T20:43,1.13
eta,2026-10-08T20:44,1.13
eta,2026-10-08T20:45,1.14
eta,2026-10-08T20:46,1.13
eta,2026-10-08T20:47,1.16
eta,2026-10-08T20:48,1.14
eta,2026-10-08T20:49,1.13
eta,2026-10-08T20:50,1.13
eta,2026-10-08T20:51,1.13
via_verde,2026-10-08T20:42,1.12
via_verde,2026-10-08T20:43,1.11
via_verde,2026-10-08T20:44,1.11
via_verde,2026-10-08T20:45,1.11
via_verde,2026-10-08T20:46,1.11
via_verde,2026-10-08T20:47,1.11
via_verde,2026-10-08T20:48,1.11
via_verde,2026-10-08T20:49,1.11
via_verde,2026-10-08T20:50,1.11
via_verde,2026-10-08T20:51,1.11
corupa,2026-10-08T20:52,0.77
corupa,2026-10-08T20:53,0.77
corupa,2026-10-08T20:54,0.78
corupa,2026-10-08T20:55,0.78
corupa,2026-10-08T20:56,0.77
corupa,2026-10-08T20:57,0.77
nereu,2026-10-08T20:52,0.8
nereu,2026-10-08T20:53,0.8
nereu,2026-10-08T20:54,0.8
nereu,2026-10-08T20:55,0.79
nereu,2026-10-08T20:56,0.79
nereu,2026-10-08T20:57,0.8
eta,2026-10-08T20:52,1.13
eta,2026-10-08T20:53,1.13
eta,2026-10-08T20:54,1.14
eta,2026-10-08T20:55,1.13
eta,2026-10-08T20:56,1.14
eta,2026-10-08T20:57,1.13
via_verde,2026-10-08T20:52,1.11
via_verde,2026-10-08T20:53,1.1
via_verde,2026-10-08T20:54,1.11
via_verde,2026-10-08T20:55,1.09
via_verde,2026-10-08T20:56,1.1
via_verde,2026-10-08T20:57,1.11
corupa,2026-10-08T20:58,0.77
corupa,2026-10-08T20:59,0.77
corupa,2026-10-08T21:00,0.77
corupa,2026-10-08T21:01,0.78
corupa,2026-10-08T21:02,0.78
corupa,2026-10-08T21:03,0.77
corupa,2026-10-08T21:04,0.77
corupa,2026-10-08T21:05,0.77
corupa,2026-10-08T21:06,0.77
corupa,2026-10-08T21:07,0.77
corupa,2026-10-08T21:08,0.77
corupa,2026-10-08T21:09,0.77
corupa,2026-10-08T21:10,0.77
corupa,2026-10-08T21:11,0.77
corupa,2026-10-08T21:12,0.76
corupa,2026-10-08T21:13,0.76
corupa,2026-10-08T21:14,0.78
corupa,2026-10-08T21:15,0.78
corupa,2026-10-08T21:16,0.77
corupa,2026-10-08T21:17,0.78
corupa,2026-10-08T21:18,0.78
corupa,2026-10-08T21:19,0.77
corupa,2026-10-08T21:20,0.77
corupa,2026-10-08T21:21,0.76
corupa,2026-10-08T21:22,0.76
corupa,2026-10-08T21:23,0.76
corupa,2026-10-08T21:24,0.76
corupa,2026-10-08T21:25,0.75
corupa,2026-10-08T21:26,0.73
corupa,2026-10-08T21:27,0.73
corupa,2026-10-08T21:28,0.74
corupa,2026-10-08T21:29,0.74
corupa,2026-10-08T21:30,0.77
corupa,2026-10-08T21:31,0.77
corupa,2026-10-08T21:32,0.77
corupa,2026-10-08T21:33,0.77
corupa,2026-10-08T21:34,0.77
corupa,2026-10-08T21:35,0.77
corupa,2026-10-08T21:36,0.77
corupa,2026-10-08T21:37,0.76
corupa,2026-10-08T21:38,0.76
corupa,2026-10-08T21:39,0.76
corupa,2026-10-08T21:40,0.76
corupa,2026-10-08T21:41,0.77
corupa,2026-10-08T21:42,0.77
corupa,2026-10-08T21:43,0.77
corupa,2026-10-08T21:44,0.77
corupa,2026-10-08T21:45,0.77
corupa,2026-10-08T21:46,0.77
corupa,2026-10-08T21:47,0.75
corupa,2026-10-08T21:48,0.75
corupa,2026-10-08T21:49,0.75
corupa,2026-10-08T21:50,0.75
corupa,2026-10-08T21:51,0.75
corupa,2026-10-08T21:52,0.74
corupa,2026-10-08T21:53,0.74
corupa,2026-10-08T21:54,0.74
corupa,2026-10-08T21:55,0.74
corupa,2026-10-08T21:56,0.77
corupa,2026-10-08T21:57,0.77
corupa,2026-10-08T21:58,0.76
corupa,2026-10-08T21:59,0.76
corupa,2026-10-08T22:00,0.77
corupa,2026-10-08T22:01,0.77
corupa,2026-10-08T22:02,0.76
corupa,2026-10-08T22:03,0.76
corupa,2026-10-08T22:04,0.76
corupa,2026-10-08T22:05,0.76
corupa,2026-10-08T22:06,0.76
corupa,2026-10-08T22:07,0.76
corupa,2026-10-08T22:08,0.76
corupa,2026-10-08T22:09,0.76
corupa,2026-10-08T22:10,0.76
corupa,2026-10-08T22:11,0.76
corupa,2026-10-08T22:12,0.75
corupa,2026-10-08T22:13,0.75
corupa,2026-10-08T22:14,0.75
corupa,2026-10-08T22:15,0.75
corupa,2026-10-08T22:16,0.75
corupa,2026-10-08T22:17,0.75
corupa,2026-10-08T22:18,0.75
corupa,2026-10-08T22:19,0.75
corupa,2026-10-08T22:20,0.75
corupa,2026-10-08T22:21,0.77
corupa,2026-10-08T22:22,0.77
corupa,2026-10-08T22:23,0.77
corupa,2026-10-08T22:24,0.77
corupa,2026-10-08T22:25,0.74
corupa,2026-10-08T22:26,0.74
corupa,2026-10-08T22:27,0.78
corupa,2026-10-08T22:28,0.75
corupa,2026-10-08T22:29,0.75
corupa,2026-10-08T22:30,0.77
corupa,2026-10-08T22:31,0.77
corupa,2026-10-08T22:32,0.74
corupa,2026-10-08T22:33,0.74
corupa,2026-10-08T22:34,0.76
corupa,2026-10-08T22:35,0.75
corupa,2026-10-08T22:36,0.75
corupa,2026-10-08T22:37,0.77
corupa,2026-10-08T22:38,0.77
corupa,2026-10-08T22:39,0.77
corupa,2026-10-08T22:40,0.77
corupa,2026-10-08T22:41,0.75
corupa,2026-10-08T22:42,0.75
corupa,2026-10-08T22:43,0.75
corupa,2026-10-08T22:44,0.75
corupa,2026-10-08T22:45,0.75
corupa,2026-10-08T22:46,0.75
corupa,2026-10-08T22:47,0.75
corupa,2026-10-08T22:48,0.75
corupa,2026-10-08T22:49,0.76
corupa,2026-10-08T22:50,0.76
corupa,2026-10-08T22:51,0.75
corupa,2026-10-08T22:52,0.75
corupa,2026-10-08T22:53,0.75
corupa,2026-10-08T22:54,0.75
corupa,2026-10-08T22:55,0.75
corupa,2026-10-08T22:56,0.75
corupa,2026-10-08T22:57,0.75
corupa,2026-10-08T22:58,0.73
corupa,2026-10-08T22:59,0.73
corupa,2026-10-08T23:00,0.74
corupa,2026-10-08T23:01,0.74
corupa,2026-10-08T23:02,0.74
corupa,2026-10-08T23:03,0.74
corupa,2026-10-08T23:04,0.75
corupa,2026-10-08T23:05,0.75
corupa,2026-10-08T23:06,0.74
corupa,2026-10-08T23:07,0.75
corupa,2026-10-08T23:08,0.75
corupa,2026-10-08T23:09,0.74
corupa,2026-10-08T23:10,0.74
corupa,2026-10-08T23:11,0.75
corupa,2026-10-08T23:12,0.75
corupa,2026-10-08T23:13,0.74
corupa,2026-10-08T23:14,0.73
corupa,2026-10-08T23:15,0.73
corupa,2026-10-08T23:16,0.73
corupa,2026-10-08T23:17,0.73
corupa,2026-10-08T23:18,0.73
corupa,2026-10-08T23:19,0.73
corupa,2026-10-08T23:20,0.73
corupa,2026-10-08T23:21,0.74
corupa,2026-10-08T23:22,0.74
corupa,2026-10-08T23:23,0.73
corupa,2026-10-08T23:24,0.74
corupa,2026-10-08T23:25,0.74
corupa,2026-10-08T23:26,0.71
corupa,2026-10-08T23:27,0.71
corupa,2026-10-08T23:28,0.74
corupa,2026-10-08T23:29,0.74
corupa,2026-10-08T23:30,0.74
corupa,2026-10-08T23:31,0.74
corupa,2026-10-08T23:32,0.74
corupa,2026-10-08T23:33,0.74
corupa,2026-10-08T23:34,0.74
corupa,2026-10-08T23:35,0.72
corupa,2026-10-08T23:36,0.72
corupa,2026-10-08T23:37,0.72
corupa,2026-10-08T23:38,0.72
corupa,2026-10-08T23:39,0.75
corupa,2026-10-08T23:40,0.75
corupa,2026-10-08T23:41,0.74
corupa,2026-10-08T23:42,0.74
corupa,2026-10-08T23:43,0.75
corupa,2026-10-08T23:44,0.75
corupa,2026-10-08T23:45,0.75
corupa,2026-10-08T23:46,0.75
corupa,2026-10-08T23:47,0.75
corupa,2026-10-08T23:48,0.74
corupa,2026-10-08T23:49,0.74
corupa,2026-10-08T23:50,0.75
corupa,2026-10-08T23:51,0.74
corupa,2026-10-08T23:52,0.74
corupa,2026-10-08T23:53,0.75
corupa,2026-10-08T23:54,0.75
corupa,2026-10-08T23:55,0.74
corupa,2026-10-08T23:56,0.74
corupa,2026-10-08T23:57,0.75
corupa,2026-10-08T23:58,0.73
corupa,2026-10-08T23:59,0.73
corupa,2026-10-09T00:00,0.74
corupa,2026-10-09T00:01,0.74
corupa,2026-10-09T00:02,0.75
corupa,2026-10-09T00:03,0.75
corupa,2026-10-09T00:04,0.75
corupa,2026-10-09T00:05,0.75
corupa,2026-10-09T00:06,0.75
corupa,2026-10-09T00:07,0.74
corupa,2026-10-09T00:08,0.74
corupa,2026-10-09T00:09,0.75
corupa,2026-10-09T00:10,0.75
corupa,2026-10-09T00:11,0.74
corupa,2026-10-09T00:12,0.73
corupa,2026-10-09T00:13,0.73
corupa,2026-10-09T00:14,0.75
corupa,2026-10-09T00:15,0.75
corupa,2026-10-09T00:16,0.75
corupa,2026-10-09T00:17,0.75
corupa,2026-10-09T00:18,0.75
corupa,2026-10-09T00:19,0.76
corupa,2026-10-09T00:20,0.76
corupa,2026-10-09T00:21,0.75
corupa,2026-10-09T00:22,0.75
corupa,2026-10-09T00:23,0.74
corupa,2026-10-09T00:24,0.74
corupa,2026-10-09T00:25,0.74
corupa,2026-10-09T00:26,0.74
corupa,2026-10-09T00:27,0.74
corupa,2026-10-09T00:28,0.74
corupa,2026-10-09T00:29,0.74
corupa,2026-10-09T00:30,0.75
corupa,2026-10-09T00:31,0.75
corupa,2026-10-09T00:32,0.74
corupa,2026-10-09T00:33,0.74
corupa,2026-10-09T00:34,0.74
corupa,2026-10-09T00:35,0.75
corupa,2026-10-09T00:36,0.75
corupa,2026-10-09T00:37,0.74
corupa,2026-10-09T00:38,0.74
corupa,2026-10-09T00:39,0.75
corupa,2026-10-09T00:40,0.75
corupa,2026-10-09T00:41,0.74
corupa,2026-10-09T00:42,0.75
corupa,2026-10-09T00:43,0.75
corupa,2026-10-09T00:44,0.74
corupa,2026-10-09T00:45,0.74
corupa,2026-10-09T00:46,0.74
corupa,2026-10-09T00:47,0.74
corupa,2026-10-09T00:48,0.73
corupa,2026-10-09T00:49,0.73
corupa,2026-10-09T00:50,0.73
corupa,2026-10-09T00:51,0.73
corupa,2026-10-09T00:52,0.73
corupa,2026-10-09T00:53,0.73
corupa,2026-10-09T00:54,0.73
corupa,2026-10-09T00:55,0.74
corupa,2026-10-09T00:56,0.74
corupa,2026-10-09T00:57,0.74
corupa,2026-10-09T00:58,0.74
corupa,2026-10-09T00:59,0.73
corupa,2026-10-09T01:00,0.72
corupa,2026-10-09T01:01,0.72
corupa,2026-10-09T01:02,0.74
corupa,2026-10-09T01:03,0.74
corupa,2026-10-09T01:04,0.72
corupa,2026-10-09T01:05,0.72
corupa,2026-10-09T01:06,0.72
corupa,2026-10-09T01:07,0.72
corupa,2026-10-09T01:08,0.72
corupa,2026-10-09T01:09,0.72
corupa,2026-10-09T01:10,0.74
corupa,2026-10-09T01:11,0.74
corupa,2026-10-09T01:12,0.73
corupa,2026-10-09T01:13,0.73
corupa,2026-10-09T01:14,0.73
corupa,2026-10-09T01:15,0.73
corupa,2026-10-09T01:16,0.73
corupa,2026-10-09T01:17,0.73
corupa,2026-10-09T01:18,0.73
corupa,2026-10-09T01:19,0.73
corupa,2026-10-09T01:20,0.73
corupa,2026-10-09T01:21,0.73
corupa,2026-10-09T01:22,0.73
corupa,2026-10-09T01:23,0.73
corupa,2026-10-09T01:24,0.73
corupa,2026-10-09T01:25,0.73
corupa,2026-10-09T01:26,0.73
corupa,2026-10-09T01:27,0.73
corupa,2026-10-09T01:28,0.73
corupa,2026-10-09T01:29,0.74
corupa,2026-10-09T01:30,0.74
corupa,2026-10-09T01:31,0.73
corupa,2026-10-09T01:32,0.73
corupa,2026-10-09T01:33,0.72
corupa,2026-10-09T01:34,0.73
corupa,2026-10-09T01:35,0.73
corupa,2026-10-09T01:36,0.72
corupa,2026-10-09T01:37,0.72
corupa,2026-10-09T01:38,0.73
corupa,2026-10-09T01:39,0.73
corupa,2026-10-09T01:40,0.72
corupa,2026-10-09T01:41,0.73
corupa,2026-10-09T01:42,0.73
corupa,2026-10-09T01:43,0.72
corupa,2026-10-09T01:44,0.72
corupa,2026-10-09T01:45,0.72
corupa,2026-10-09T01:46,0.73
corupa,2026-10-09T01:47,0.73
corupa,2026-10-09T01:48,0.73
corupa,2026-10-09T01:49,0.72
corupa,2026-10-09T01:50,0.72
corupa,2026-10-09T01:51,0.73
corupa,2026-10-09T01:52,0.73
corupa,2026-10-09T01:53,0.72
corupa,2026-10-09T01:54,0.72
corupa,2026-10-09T01:55,0.72
corupa,2026-10-09T01:56,0.72
corupa,2026-10-09T01:57,0.73
corupa,2026-10-09T01:58,0.73
corupa,2026-10-09T01:59,0.74
corupa,2026-10-09T02:00,0.71
corupa,2026-10-09T02:01,0.71
corupa,2026-10-09T02:02,0.73
corupa,2026-10-09T02:03,0.73
corupa,2026-10-09T02:04,0.72
corupa,2026-10-09T02:05,0.72
corupa,2026-10-09T02:06,0.74
corupa,2026-10-09T02:07,0.73
corupa,2026-10-09T02:08,0.73
corupa,2026-10-09T02:09,0.72
corupa,2026-10-09T02:10,0.71
corupa,2026-10-09T02:11,0.71
corupa,2026-10-09T02:12,0.72
corupa,2026-10-09T02:13,0.72
nereu,2026-10-08T20:58,0.8
nereu,2026-10-08T20:59,0.79
nereu,2026-10-08T21:00,0.79
nereu,2026-10-08T21:01,0.8
nereu,2026-10-08T21:02,0.79
nereu,2026-10-08T21:03,0.8
nereu,2026-10-08T21:04,0.79
nereu,2026-10-08T21:05,0.79
nereu,2026-10-08T21:06,0.79
nereu,2026-10-08T21:07,0.8
nereu,2026-10-08T21:08,0.79
nereu,2026-10-08T21:09,0.79
nereu,2026-10-08T21:10,0.79
nereu,2026-10-08T21:11,0.79
nereu,2026-10-08T21:12,0.79
nereu,2026-10-08T21:13,0.79
nereu,2026-10-08T21:14,0.79
nereu,2026-10-08T21:15,0.8
nereu,2026-10-08T21:16,0.79
nereu,2026-10-08T21:17,0.79
nereu,2026-10-08T21:18,0.79
nereu,2026-10-08T21:19,0.79
nereu,2026-10-08T21:20,0.79
nereu,2026-10-08T21:21,0.79
nereu,2026-10-08T21:22,0.79
nereu,2026-10-08T21:23,0.79
nereu,2026-10-08T21:24,0.79
nereu,2026-10-08T21:25,0.79
nereu,2026-10-08T21:26,0.79
nereu,2026-10-08T21:27,0.79
nereu,2026-10-08T21:28,0.79
nereu,2026-10-08T21:29,0.79
nereu,2026-10-08T21:30,0.79
nereu,2026-10-08T21:31,0.79
nereu,2026-10-08T21:32,0.79
nereu,2026-10-08T21:33,0.79
nereu,2026-10-08T21:34,0.79
nereu,2026-10-08T21:35,0.79
nereu,2026-10-08T21:36,0.79
nereu,2026-10-08T21:37,0.79
nereu,2026-10-08T21:38,0.79
nereu,2026-10-08T21:39,0.79
nereu,2026-10-08T21:40,0.79
nereu,2026-10-08T21:41,0.79
nereu,2026-10-08T21:42,0.79
nereu,2026-10-08T21:43,0.79
nereu,2026-10-08T21:44,0.79
nereu,2026-10-08T21:45,0.79
nereu,2026-10-08T21:46,0.79
nereu,2026-10-08T21:47,0.79
nereu,2026-10-08T21:48,0.79
nereu,2026-10-08T21:49,0.79
nereu,2026-10-08T21:50,0.79
nereu,2026-10-08T21:51,0.79
nereu,2026-10-08T21:52,0.79
nereu,2026-10-08T21:53,0.79
nereu,2026-10-08T21:54,0.79
nereu,2026-10-08T21:55,0.79
nereu,2026-10-08T21:56,0.79
nereu,2026-10-08T21:57,0.79
nereu,2026-10-08T21:58,0.79
nereu,2026-10-08T21:59,0.79
nereu,2026-10-08T22:00,0.79
nereu,2026-10-08T22:01,0.79
nereu,2026-10-08T22:02,0.79
nereu,2026-10-08T22:03,0.79
nereu,2026-10-08T22:04,0.79
nereu,2026-10-08T22:05,0.79
nereu,2026-10-08T22:06,0.79
nereu,2026-10-08T22:07,0.79
nereu,2026-10-08T22:08,0.79
nereu,2026-10-08T22:09,0.79
nereu,2026-10-08T22:10,0.79
nereu,2026-10-08T22:11,0.79
nereu,2026-10-08T22:12,0.79
nereu,2026-10-08T22:13,0.79
nereu,2026-10-08T22:14,0.79
nereu,2026-10-08T22:15,0.79
nereu,2026-10-08T22:16,0.79
nereu,2026-10-08T22:17,0.79
nereu,2026-10-08T22:18,0.79
nereu,2026-10-08T22:19,0.79
nereu,2026-10-08T22:20,0.79
nereu,2026-10-08T22:21,0.79
nereu,2026-10-08T22:22,0.79
nereu,2026-10-08T22:23,0.79
nereu,2026-10-08T22:24,0.8
nereu,2026-10-08T22:25,0.8
nereu,2026-10-08T22:26,0.8
nereu,2026-10-08T22:27,0.81
nereu,2026-10-08T22:28,0.8
nereu,2026-10-08T22:29,0.81
nereu,2026-10-08T22:30,0.81
nereu,2026-10-08T22:31,0.81
nereu,2026-10-08T22:32,0.81
nereu,2026-10-08T22:33,0.81
nereu,2026-10-08T22:34,0.81
nereu,2026-10-08T22:35,0.8
nereu,2026-10-08T22:36,0.8
nereu,2026-10-08T22:37,0.8
nereu,2026-10-08T22:38,0.81
nereu,2026-10-08T22:39,0.8
nereu,2026-10-08T22:40,0.8
nereu,2026-10-08T22:41,0.8
nereu,2026-10-08T22:42,0.81
nereu,2026-10-08T22:43,0.8
nereu,2026-10-08T22:44,0.8
nereu,2026-10-08T22:45,0.8
nereu,2026-10-08T22:46,0.8
nereu,2026-10-08T22:47,0.8
nereu,2026-10-08T22:48,0.79
nereu,2026-10-08T22:49,0.79
nereu,2026-10-08T22:50,0.8
nereu,2026-10-08T22:51,0.8
nereu,2026-10-08T22:52,0.79
nereu,2026-10-08T22:53,0.79
nereu,2026-10-08T22:54,0.79
nereu,2026-10-08T22:55,0.8
nereu,2026-10-08T22:56,0.8
nereu,2026-10-08T22:57,0.79
nereu,2026-10-08T22:58,0.79
nereu,2026-10-08T22:59,0.79
nereu,2026-10-08T23:00,0.79
nereu,2026-10-08T23:01,0.8
nereu,2026-10-08T23:02,0.79
nereu,2026-10-08T23:03,0.79
nereu,2026-10-08T23:04,0.79
nereu,2026-10-08T23:05,0.8
nereu,2026-10-08T23:06,0.79
nereu,2026-10-08T23:07,0.79
nereu,2026-10-08T23:08,0.8
nereu,2026-10-08T23:09,0.79
nereu,2026-10-08T23:10,0.79
nereu,2026-10-08T23:11,0.79
nereu,2026-10-08T23:12,0.8
nereu,2026-10-08T23:13,0.79
nereu,2026-10-08T23:14,0.8
nereu,2026-10-08T23:15,0.79
nereu,2026-10-08T23:16,0.79
nereu,2026-10-08T23:17,0.79
nereu,2026-10-08T23:18,0.79
nereu,2026-10-08T23:19,0.79
nereu,2026-10-08T23:20,0.8
nereu,2026-10-08T23:21,0.8
nereu,2026-10-08T23:22,0.79
nereu,2026-10-08T23:23,0.79
nereu,2026-10-08T23:24,0.79
nereu,2026-10-08T23:25,0.79
nereu,2026-10-08T23:26,0.79
nereu,2026-10-08T23:27,0.8
nereu,2026-10-08T23:28,0.79
nereu,2026-10-08T23:29,0.79
nereu,2026-10-08T23:30,0.79
nereu,2026-10-08T23:31,0.8
nereu,2026-10-08T23:32,0.79
nereu,2026-10-08T23:33,0.8
nereu,2026-10-08T23:34,0.79
nereu,2026-10-08T23:35,0.79
nereu,2026-10-08T23:36,0.79
nereu,2026-10-08T23:37,0.8
nereu,2026-10-08T23:38,0.8
nereu,2026-10-08T23:39,0.8
nereu,2026-10-08T23:40,0.79
nereu,2026-10-08T23:41,0.79
nereu,2026-10-08T23:42,0.79
nereu,2026-10-08T23:43,0.8
nereu,2026-10-08T23:44,0.79
nereu,2026-10-08T23:45,0.79
nereu,2026-10-08T23:46,0.79
nereu,2026-10-08T23:47,0.79
nereu,2026-10-08T23:48,0.79
nereu,2026-10-08T23:49,0.8
nereu,2026-10-08T23:50,0.8
nereu,2026-10-08T23:51,0.79
nereu,2026-10-08T23:52,0.8
nereu,2026-10-08T23:53,0.8
nereu,2026-10-08T23:54,0.79
nereu,2026-10-08T23:55,0.79
nereu,2026-10-08T23:56,0.8
nereu,2026-10-08T23:57,0.8
nereu,2026-10-08T23:58,0.79
nereu,2026-10-08T23:59,0.79
nereu,2026-10-09T00:00,0.79
nereu,2026-10-09T00:01,0.79
nereu,2026-10-09T00:02,0.79
nereu,2026-10-09T00:03,0.79
nereu,2026-10-09T00:04,0.79
nereu,2026-10-09T00:05,0.79
nereu,2026-10-09T00:06,0.79
nereu,2026-10-09T00:07,0.79
nereu,2026-10-09T00:08,0.79
nereu,2026-10-09T00:09,0.79
nereu,2026-10-09T00:10,0.79
nereu,2026-10-09T00:11,0.79
nereu,2026-10-09T00:12,0.79
nereu,2026-10-09T00:13,0.79
nereu,2026-10-09T00:14,0.79
nereu,2026-10-09T00:15,0.79
nereu,2026-10-09T00:16,0.79
nereu,2026-10-09T00:17,0.78
nereu,2026-10-09T00:18,0.78
nereu,2026-10-09T00:19,0.78
nereu,2026-10-09T00:20,0.78
nereu,2026-10-09T00:21,0.78
nereu,2026-10-09T00:22,0.78
nereu,2026-10-09T00:23,0.78
nereu,2026-10-09T00:24,0.78
nereu,2026-10-09T00:25,0.78
nereu,2026-10-09T00:26,0.78
nereu,2026-10-09T00:27,0.79
nereu,2026-10-09T00:28,0.79
nereu,2026-10-09T00:29,0.78
nereu,2026-10-09T00:30,0.78
nereu,2026-10-09T00:31,0.78
nereu,2026-10-09T00:32,0.78
nereu,2026-10-09T00:33,0.78
nereu,2026-10-09T00:34,0.78
nereu,2026-10-09T00:35,0.78
nereu,2026-10-09T00:36,0.78
nereu,2026-10-09T00:37,0.78
nereu,2026-10-09T00:38,0.78
nereu,2026-10-09T00:39,0.77
nereu,2026-10-09T00:40,0.78
nereu,2026-10-09T00:41,0.78
nereu,2026-10-09T00:42,0.78
nereu,2026-10-09T00:43,0.77
nereu,2026-10-09T00:44,0.78
nereu,2026-10-09T00:45,0.78
nereu,2026-10-09T00:46,0.77
nereu,2026-10-09T00:47,0.77
nereu,2026-10-09T00:48,0.77
nereu,2026-10-09T00:49,0.77
nereu,2026-10-09T00:50,0.78
nereu,2026-10-09T00:51,0.77
nereu,2026-10-09T00:52,0.77
nereu,2026-10-09T00:53,0.77
nereu,2026-10-09T00:54,0.78
nereu,2026-10-09T00:55,0.77
nereu,2026-10-09T00:56,0.77
nereu,2026-10-09T00:57,0.77
nereu,2026-10-09T00:58,0.77
nereu,2026-10-09T00:59,0.77
nereu,2026-10-09T01:00,0.77
nereu,2026-10-09T01:01,0.77
nereu,2026-10-09T01:02,0.76
nereu,2026-10-09T01:03,0.77
nereu,2026-10-09T01:04,0.77
nereu,2026-10-09T01:05,0.77
nereu,2026-10-09T01:06,0.77
nereu,2026-10-09T01:07,0.78
nereu,2026-10-09T01:08,0.78
nereu,2026-10-09T01:09,0.77
nereu,2026-10-09T01:10,0.77
nereu,2026-10-09T01:11,0.77
nereu,2026-10-09T01:12,0.77
nereu,2026-10-09T01:13,0.77
nereu,2026-10-09T01:14,0.77
nereu,2026-10-09T01:15,0.77
nereu,2026-10-09T01:16,0.77
nereu,2026-10-09T01:17,0.77
nereu,2026-10-09T01:18,0.77
nereu,2026-10-09T01:19,0.77
nereu,2026-10-09T01:20,0.77
nereu,2026-10-09T01:21,0.77
nereu,2026-10-09T01:22,0.77
nereu,2026-10-09T01:23,0.77
nereu,2026-10-09T01:24,0.77
nereu,2026-10-09T01:25,0.77
nereu,2026-10-09T01:26,0.78
nereu,2026-10-09T01:27,0.78
nereu,2026-10-09T01:28,0.78
nereu,2026-10-09T01:29,0.78
nereu,2026-10-09T01:30,0.78
nereu,2026-10-09T01:31,0.78
nereu,2026-10-09T01:32,0.78
nereu,2026-10-09T01:33,0.78
nereu,2026-10-09T01:34,0.78
nereu,2026-10-09T01:35,0.78
nereu,2026-10-09T01:36,0.78
nereu,2026-10-09T01:37,0.78
nereu,2026-10-09T01:38,0.78
nereu,2026-10-09T01:39,0.78
nereu,2026-10-09T01:40,0.78
nereu,2026-10-09T01:41,0.78
nereu,2026-10-09T01:42,0.78
nereu,2026-10-09T01:43,0.78
nereu,2026-10-09T01:44,0.78
nereu,2026-10-09T01:45,0.78
nereu,2026-10-09T01:46,0.78
nereu,2026-10-09T01:47,0.78
nereu,2026-10-09T01:48,0.78
nereu,2026-10-09T01:49,0.79
nereu,2026-10-09T01:50,0.78
nereu,2026-10-09T01:51,0.78
nereu,2026-10-09T01:52,0.79
nereu,2026-10-09T01:53,0.78
nereu,2026-10-09T01:54,0.78
nereu,2026-10-09T01:55,0.78
nereu,2026-10-09T01:56,0.78
nereu,2026-10-09T01:57,0.78
nereu,2026-10-09T01:58,0.79
nereu,2026-10-09T01:59,0.79
nereu,2026-10-09T02:00,0.78
nereu,2026-10-09T02:01,0.78
nereu,2026-10-09T02:02,0.79
nereu,2026-10-09T02:03,0.78
nereu,2026-10-09T02:04,0.79
nereu,2026-10-09T02:05,0.79
nereu,2026-10-09T02:06,0.79
nereu,2026-10-09T02:07,0.79
nereu,2026-10-09T02:08,0.79
nereu,2026-10-09T02:09,0.79
nereu,2026-10-09T02:10,0.79
nereu,2026-10-09T02:11,0.79
nereu,2026-10-09T02:12,0.79
nereu,2026-10-09T02:13,0.79
eta,2026-10-08T20:58,1.13
eta,2026-10-08T20:59,1.13
eta,2026-10-08T21:00,1.13
eta,2026-10-08T21:01,1.13
eta,2026-10-08T21:02,1.13
eta,2026-10-08T21:03,1.12
eta,2026-10-08T21:04,1.13
eta,2026-10-08T21:05,1.13
eta,2026-10-08T21:06,1.13
eta,2026-10-08T21:07,1.13
eta,2026-10-08T21:08,1.13
eta,2026-10-08T21:09,1.13
eta,2026-10-08T21:10,1.13
eta,2026-10-08T21:11,1.13
eta,2026-10-08T21:12,1.13
eta,2026-10-08T21:13,1.16
eta,2026-10-08T21:14,1.13
eta,2026-10-08T21:15,1.13
eta,2026-10-08T21:16,1.13
eta,2026-10-08T21:17,1.13
eta,2026-10-08T21:18,1.12
eta,2026-10-08T21:19,1.13
eta,2026-10-08T21:20,1.13
eta,2026-10-08T21:21,1.13
eta,2026-10-08T21:22,1.13
eta,2026-10-08T21:23,1.13
eta,2026-10-08T21:24,1.13
eta,2026-10-08T21:25,1.12
eta,2026-10-08T21:26,1.13
eta,2026-10-08T21:27,1.12
eta,2026-10-08T21:28,1.12
eta,2026-10-08T21:29,1.13
eta,2026-10-08T21:30,1.13
eta,2026-10-08T21:31,1.13
eta,2026-10-08T21:32,1.12
eta,2026-10-08T21:33,1.13
eta,2026-10-08T21:34,1.13
eta,2026-10-08T21:35,1.13
eta,2026-10-08T21:36,1.12
eta,2026-10-08T21:37,1.13
eta,2026-10-08T21:38,1.12
eta,2026-10-08T21:39,1.12
eta,2026-10-08T21:40,1.12
eta,2026-10-08T21:41,1.12
eta,2026-10-08T21:42,1.12
eta,2026-10-08T21:43,1.12
eta,2026-10-08T21:44,1.13
eta,2026-10-08T21:45,1.12
eta,2026-10-08T21:46,1.13
eta,2026-10-08T21:47,1.12
eta,2026-10-08T21:48,1.12
eta,2026-10-08T21:49,1.12
eta,2026-10-08T21:50,1.12
eta,2026-10-08T21:51,1.13
eta,2026-10-08T21:52,1.13
eta,2026-10-08T21:53,1.12
eta,2026-10-08T21:54,1.12
eta,2026-10-08T21:55,1.11
eta,2026-10-08T21:56,1.12
eta,2026-10-08T21:57,1.12
eta,2026-10-08T21:58,1.12
eta,2026-10-08T21:59,1.12
eta,2026-10-08T22:00,1.12
eta,2026-10-08T22:01,1.11
eta,2026-10-08T22:02,1.12
eta,2026-10-08T22:03,1.12
eta,2026-10-08T22:04,1.11
eta,2026-10-08T22:05,1.12
eta,2026-10-08T22:06,1.11
eta,2026-10-08T22:07,1.12
eta,2026-10-08T22:08,1.12
eta,2026-10-08T22:09,1.12
eta,2026-10-08T22:10,1.12
eta,2026-10-08T22:11,1.12
eta,2026-10-08T22:12,1.11
eta,2026-10-08T22:13,1.12
eta,2026-10-08T22:14,1.11
eta,2026-10-08T22:15,1.12
eta,2026-10-08T22:16,1.11
eta,2026-10-08T22:17,1.11
eta,2026-10-08T22:18,1.12
eta,2026-10-08T22:19,1.12
eta,2026-10-08T22:20,1.11
eta,2026-10-08T22:21,1.12
eta,2026-10-08T22:22,1.12
eta,2026-10-08T22:23,1.11
eta,2026-10-08T22:24,1.12
eta,2026-10-08T22:25,1.11
eta,2026-10-08T22:26,1.12
eta,2026-10-08T22:27,1.11
eta,2026-10-08T22:28,1.11
eta,2026-10-08T22:29,1.11
eta,2026-10-08T22:30,1.12
eta,2026-10-08T22:31,1.11
eta,2026-10-08T22:32,1.11
eta,2026-10-08T22:33,1.11
eta,2026-10-08T22:34,1.11
eta,2026-10-08T22:35,1.11
eta,2026-10-08T22:36,1.11
eta,2026-10-08T22:37,1.11
eta,2026-10-08T22:38,1.11
eta,2026-10-08T22:39,1.11
eta,2026-10-08T22:40,1.11
eta,2026-10-08T22:41,1.11
eta,2026-10-08T22:42,1.11
eta,2026-10-08T22:43,1.11
eta,2026-10-08T22:44,1.11
eta,2026-10-08T22:45,1.11
eta,2026-10-08T22:46,1.11
eta,2026-10-08T22:47,1.11
eta,2026-10-08T22:48,1.11
eta,2026-10-08T22:49,1.11
eta,2026-10-08T22:50,1.11
eta,2026-10-08T22:51,1.11
eta,2026-10-08T22:52,1.11
eta,2026-10-08T22:53,1.11
eta,2026-10-08T22:54,1.11
eta,2026-10-08T22:55,1.11
eta,2026-10-08T22:56,1.11
eta,2026-10-08T22:57,1.11
eta,2026-10-08T22:58,1.11
eta,2026-10-08T22:59,1.11
eta,2026-10-08T23:00,1.11
eta,2026-10-08T23:01,1.11
eta,2026-10-08T23:02,1.11
eta,2026-10-08T23:03,1.11
eta,2026-10-08T23:04,1.11
eta,2026-10-08T23:05,1.11
eta,2026-10-08T23:06,1.1
eta,2026-10-08T23:07,1.11
eta,2026-10-08T23:08,1.1
eta,2026-10-08T23:09,1.11
eta,2026-10-08T23:10,1.11
eta,2026-10-08T23:11,1.11
eta,2026-10-08T23:12,1.11
eta,2026-10-08T23:13,1.11
eta,2026-10-08T23:14,1.1
eta,2026-10-08T23:15,1.11
eta,2026-10-08T23:16,1.11
eta,2026-10-08T23:17,1.1
eta,2026-10-08T23:18,1.1
eta,2026-10-08T23:19,1.11
eta,2026-10-08T23:20,1.11
eta,2026-10-08T23:21,1.1
eta,2026-10-08T23:22,1.11
eta,2026-10-08T23:23,1.11
eta,2026-10-08T23:24,1.11
eta,2026-10-08T23:25,1.11
eta,2026-10-08T23:26,1.1
eta,2026-10-08T23:27,1.11
eta,2026-10-08T23:28,1.11
eta,2026-10-08T23:29,1.11
eta,2026-10-08T23:30,1.11
eta,2026-10-08T23:31,1.11
eta,2026-10-08T23:32,1.11
eta,2026-10-08T23:33,1.11
eta,2026-10-08T23:34,1.11
eta,2026-10-08T23:35,1.11
eta,2026-10-08T23:36,1.11
eta,2026-10-08T23:37,1.11
eta,2026-10-08T23:38,1.1
eta,2026-10-08T23:39,1.11
eta,2026-10-08T23:40,1.1
eta,2026-10-08T23:41,1.1
eta,2026-10-08T23:42,1.11
eta,2026-10-08T23:43,1.11
eta,2026-10-08T23:44,1.1
eta,2026-10-08T23:45,1.1
eta,2026-10-08T23:46,1.1
eta,2026-10-08T23:47,1.11
eta,2026-10-08T23:48,1.11
eta,2026-10-08T23:49,1.11
eta,2026-10-08T23:50,1.11
eta,2026-10-08T23:51,1.11
eta,2026-10-08T23:52,1.12
eta,2026-10-08T23:53,1.11
eta,2026-10-08T23:54,1.1
eta,2026-10-08T23:55,1.11
eta,2026-10-08T23:56,1.11
eta,2026-10-08T23:57,1.12
eta,2026-10-08T23:58,1.11
eta,2026-10-08T23:59,1.11
eta,2026-10-09T00:00,1.11
eta,2026-10-09T00:01,1.11
eta,2026-10-09T00:02,1.11
eta,2026-10-09T00:03,1.1
eta,2026-10-09T00:04,1.11
eta,2026-10-09T00:05,1.11
eta,2026-10-09T00:06,1.11
eta,2026-10-09T00:07,1.11
eta,2026-10-09T00:08,1.11
eta,2026-10-09T00:09,1.11
eta,2026-10-09T00:10,1.11
eta,2026-10-09T00:11,1.11
eta,2026-10-09T00:12,1.1
eta,2026-10-09T00:13,1.1
eta,2026-10-09T00:14,1.11
eta,2026-10-09T00:15,1.12
eta,2026-10-09T00:16,1.11
eta,2026-10-09T00:17,1.11
eta,2026-10-09T00:18,1.11
eta,2026-10-09T00:19,1.11
eta,2026-10-09T00:20,1.11
eta,2026-10-09T00:21,1.1
eta,2026-10-09T00:22,1.11
eta,2026-10-09T00:23,1.11
eta,2026-10-09T00:24,1.11
eta,2026-10-09T00:25,1.11
eta,2026-10-09T00:26,1.11
eta,2026-10-09T00:27,1.11
eta,2026-10-09T00:28,1.1
eta,2026-10-09T00:29,1.11
eta,2026-10-09T00:30,1.1
eta,2026-10-09T00:31,1.11
eta,2026-10-09T00:32,1.1
eta,2026-10-09T00:33,1.11
eta,2026-10-09T00:34,1.11
eta,2026-10-09T00:35,1.11
eta,2026-10-09T00:36,1.11
eta,2026-10-09T00:37,1.11
eta,2026-10-09T00:38,1.11
eta,2026-10-09T00:39,1.11
eta,2026-10-09T00:40,1.11
eta,2026-10-09T00:41,1.11
eta,2026-10-09T00:42,1.1
eta,2026-10-09T00:43,1.11
eta,2026-10-09T00:44,1.11
eta,2026-10-09T00:45,1.1
eta,2026-10-09T00:46,1.11
eta,2026-10-09T00:47,1.11
eta,2026-10-09T00:48,1.11
eta,2026-10-09T00:49,1.11
eta,2026-10-09T00:50,1.11
eta,2026-10-09T00:51,1.11
eta,2026-10-09T00:52,1.1
eta,2026-10-09T00:53,1.11
eta,2026-10-09T00:54,1.11
eta,2026-10-09T00:55,1.11
eta,2026-10-09T00:56,1.11
eta,2026-10-09T00:57,1.11
eta,2026-10-09T00:58,1.11
eta,2026-10-09T00:59,1.11
eta,2026-10-09T01:00,1.1
eta,2026-10-09T01:01,1.11
eta,2026-10-09T01:02,1.11
eta,2026-10-09T01:03,1.1
eta,2026-10-09T01:04,1.1
eta,2026-10-09T01:05,1.11
eta,2026-10-09T01:06,1.11
eta,2026-10-09T01:07,1.11
eta,2026-10-09T01:08,1.11
eta,2026-10-09T01:09,1.1
eta,2026-10-09T01:10,1.11
eta,2026-10-09T01:11,1.11
eta,2026-10-09T01:12,1.11
eta,2026-10-09T01:13,1.1
eta,2026-10-09T01:14,1.09
eta,2026-10-09T01:15,1.11
eta,2026-10-09T01:16,1.11
eta,2026-10-09T01:17,1.1
eta,2026-10-09T01:18,1.1
eta,2026-10-09T01:19,1.1
eta,2026-10-09T01:20,1.1
eta,2026-10-09T01:21,1.1
eta,2026-10-09T01:22,1.1
eta,2026-10-09T01:23,1.1
eta,2026-10-09T01:24,1.1
eta,2026-10-09T01:25,1.1
eta,2026-10-09T01:26,1.1
eta,2026-10-09T01:27,1.1
eta,2026-10-09T01:28,1.1
eta,2026-10-09T01:29,1.1
eta,2026-10-09T01:30,1.1
eta,2026-10-09T01:31,1.1
eta,2026-10-09T01:32,1.1
eta,2026-10-09T01:33,1.09
eta,2026-10-09T01:34,1.09
eta,2026-10-09T01:35,1.09
eta,2026-10-09T01:36,1.09
eta,2026-10-09T01:37,1.09
eta,2026-10-09T01:38,1.09
eta,2026-10-09T01:39,1.1
eta,2026-10-09T01:40,1.09
eta,2026-10-09T01:41,1.09
eta,2026-10-09T01:42,1.09
eta,2026-10-09T01:43,1.1
eta,2026-10-09T01:44,1.08
eta,2026-10-09T01:45,1.09
eta,2026-10-09T01:46,1.08
eta,2026-10-09T01:47,1.08
eta,2026-10-09T01:48,1.08
eta,2026-10-09T01:49,1.08
eta,2026-10-09T01:50,1.08
eta,2026-10-09T01:51,1.08
eta,2026-10-09T01:52,1.08
eta,2026-10-09T01:53,1.08
eta,2026-10-09T01:54,1.08
eta,2026-10-09T01:55,1.07
eta,2026-10-09T01:56,1.08
eta,2026-10-09T01:57,1.08
eta,2026-10-09T01:58,1.08
eta,2026-10-09T01:59,1.08
eta,2026-10-09T02:00,1.08
eta,2026-10-09T02:01,1.08
eta,2026-10-09T02:02,1.08
eta,2026-10-09T02:03,1.08
eta,2026-10-09T02:04,1.08
eta,2026-10-09T02:05,1.07
eta,2026-10-09T02:06,1.08
eta,2026-10-09T02:07,1.08
eta,2026-10-09T02:08,1.08
eta,2026-10-09T02:09,1.08
eta,2026-10-09T02:10,1.07
eta,2026-10-09T02:11,1.08
eta,2026-10-09T02:12,1.07
eta,2026-10-09T02:13,1.07
via_verde,2026-10-08T20:58,1.1
via_verde,2026-10-08T20:59,1.1
via_verde,2026-10-08T21:00,1.1
via_verde,2026-10-08T21:01,1.1
via_verde,2026-10-08T21:02,1.11
via_verde,2026-10-08T21:03,1.09
via_verde,2026-10-08T21:04,1.09
via_verde,2026-10-08T21:05,1.09
via_verde,2026-10-08T21:06,1.11
via_verde,2026-10-08T21:07,1.09
via_verde,2026-10-08T21:08,1.09
via_verde,2026-10-08T21:09,1.11
via_verde,2026-10-08T21:10,1.08
via_verde,2026-10-08T21:11,1.09
via_verde,2026-10-08T21:12,1.09
via_verde,2026-10-08T21:13,1.1
via_verde,2026-10-08T21:14,1.09
via_verde,2026-10-08T21:15,1.1
via_verde,2026-10-08T21:16,1.09
via_verde,2026-10-08T21:17,1.1
via_verde,2026-10-08T21:18,1.1
via_verde,2026-10-08T21:19,1.11
via_verde,2026-10-08T21:20,1.09
via_verde,2026-10-08T21:21,1.09
via_verde,2026-10-08T21:22,1.1
via_verde,2026-10-08T21:23,1.1
via_verde,2026-10-08T21:24,1.09
via_verde,2026-10-08T21:25,1.1
via_verde,2026-10-08T21:26,1.1
via_verde,2026-10-08T21:27,1.1
via_verde,2026-10-08T21:28,1.09
via_verde,2026-10-08T21:29,1.1
via_verde,2026-10-08T21:30,1.09
via_verde,2026-10-08T21:31,1.09
via_verde,2026-10-08T21:32,1.09
via_verde,2026-10-08T21:33,1.09
via_verde,2026-10-08T21:34,1.08
via_verde,2026-10-08T21:35,1.09
via_verde,2026-10-08T21:36,1.09
via_verde,2026-10-08T21:37,1.09
via_verde,2026-10-08T21:38,1.09
via_verde,2026-10-08T21:39,1.08
via_verde,2026-10-08T21:40,1.09
via_verde,2026-10-08T21:41,1.08
via_verde,2026-10-08T21:42,1.08
via_verde,2026-10-08T21:43,1.09
via_verde,2026-10-08T21:44,1.08
via_verde,2026-10-08T21:45,1.09
via_verde,2026-10-08T21:46,1.09
via_verde,2026-10-08T21:47,1.09
via_verde,2026-10-08T21:48,1.09
via_verde,2026-10-08T21:49,1.09
via_verde,2026-10-08T21:50,1.08
via_verde,2026-10-08T21:51,1.09
via_verde,2026-10-08T21:52,1.08
via_verde,2026-10-08T21:53,1.09
via_verde,2026-10-08T21:54,1.09
via_verde,2026-10-08T21:55,1.08
via_verde,2026-10-08T21:56,1.08
via_verde,2026-10-08T21:57,1.09
via_verde,2026-10-08T21:58,1.09
via_verde,2026-10-08T21:59,1.09
via_verde,2026-10-08T22:00,1.1
via_verde,2026-10-08T22:01,1.08
via_verde,2026-10-08T22:02,1.08
via_verde,2026-10-08T22:03,1.08
via_verde,2026-10-08T22:04,1.09
via_verde,2026-10-08T22:05,1.08
via_verde,2026-10-08T22:06,1.08
via_verde,2026-10-08T22:07,1.08
via_verde,2026-10-08T22:08,1.07
via_verde,2026-10-08T22:09,1.08
via_verde,2026-10-08T22:10,1.08
via_verde,2026-10-08T22:11,1.07
via_verde,2026-10-08T22:12,1.07
via_verde,2026-10-08T22:13,1.07
via_verde,2026-10-08T22:14,1.07
via_verde,2026-10-08T22:15,1.08
via_verde,2026-10-08T22:16,1.07
via_verde,2026-10-08T22:17,1.08
via_verde,2026-10-08T22:18,1.09
via_verde,2026-10-08T22:19,1.09
via_verde,2026-10-08T22:20,1.08
via_verde,2026-10-08T22:21,1.08
via_verde,2026-10-08T22:22,1.08
via_verde,2026-10-08T22:23,1.08
via_verde,2026-10-08T22:24,1.08
via_verde,2026-10-08T22:25,1.08
via_verde,2026-10-08T22:26,1.08
via_verde,2026-10-08T22:27,1.08
via_verde,2026-10-08T22:28,1.09
via_verde,2026-10-08T22:29,1.08
via_verde,2026-10-08T22:30,1.08
via_verde,2026-10-08T22:31,1.08
via_verde,2026-10-08T22:32,1.08
via_verde,2026-10-08T22:33,1.07
via_verde,2026-10-08T22:34,1.08
via_verde,2026-10-08T22:35,1.06
via_verde,2026-10-08T22:36,1.08
via_verde,2026-10-08T22:37,1.07
via_verde,2026-10-08T22:38,1.07
via_verde,2026-10-08T22:39,1.08
via_verde,2026-10-08T22:40,1.08
via_verde,2026-10-08T22:41,1.08
via_verde,2026-10-08T22:42,1.08
via_verde,2026-10-08T22:43,1.08
via_verde,2026-10-08T22:44,1.08
via_verde,2026-10-08T22:45,1.08
via_verde,2026-10-08T22:46,1.07
via_verde,2026-10-08T22:47,1.08
via_verde,2026-10-08T22:48,1.07
via_verde,2026-10-08T22:49,1.08
via_verde,2026-10-08T22:50,1.08
via_verde,2026-10-08T22:51,1.07
via_verde,2026-10-08T22:52,1.08
via_verde,2026-10-08T22:53,1.09
via_verde,2026-10-08T22:54,1.08
via_verde,2026-10-08T22:55,1.07
via_verde,2026-10-08T22:56,1.08
via_verde,2026-10-08T22:57,1.08
via_verde,2026-10-08T22:58,1.07
via_verde,2026-10-08T22:59,1.08
via_verde,2026-10-08T23:00,1.08
via_verde,2026-10-08T23:01,1.07
via_verde,2026-10-08T23:02,1.07
via_verde,2026-10-08T23:03,1.07
via_verde,2026-10-08T23:04,1.08
via_verde,2026-10-08T23:05,1.08
via_verde,2026-10-08T23:06,1.08
via_verde,2026-10-08T23:07,1.08
via_verde,2026-10-08T23:08,1.08
via_verde,2026-10-08T23:09,1.08
via_verde,2026-10-08T23:10,1.07
via_verde,2026-10-08T23:11,1.08
via_verde,2026-10-08T23:12,1.07
via_verde,2026-10-08T23:13,1.08
via_verde,2026-10-08T23:14,1.07
via_verde,2026-10-08T23:15,1.07
via_verde,2026-10-08T23:16,1.07
via_verde,2026-10-08T23:17,1.08
via_verde,2026-10-08T23:18,1.08
via_verde,2026-10-08T23:19,1.07
via_verde,2026-10-08T23:20,1.07
via_verde,2026-10-08T23:21,1.08
via_verde,2026-10-08T23:22,1.08
via_verde,2026-10-08T23:23,1.07
via_verde,2026-10-08T23:24,1.07
via_verde,2026-10-08T23:25,1.07
via_verde,2026-10-08T23:26,1.07
via_verde,2026-10-08T23:27,1.07
via_verde,2026-10-08T23:28,1.07
via_verde,2026-10-08T23:29,1.06
via_verde,2026-10-08T23:30,1.07
via_verde,2026-10-08T23:31,1.07
via_verde,2026-10-08T23:32,1.07
via_verde,2026-10-08T23:33,1.07
via_verde,2026-10-08T23:34,1.07
via_verde,2026-10-08T23:35,1.07
via_verde,2026-10-08T23:36,1.07
via_verde,2026-10-08T23:37,1.06
via_verde,2026-10-08T23:38,1.07
via_verde,2026-10-08T23:39,1.07
via_verde,2026-10-08T23:40,1.07
via_verde,2026-10-08T23:41,1.07
via_verde,2026-10-08T23:42,1.07
via_verde,2026-10-08T23:43,1.07
via_verde,2026-10-08T23:44,1.07
via_verde,2026-10-08T23:45,1.07
via_verde,2026-10-08T23:46,1.06
via_verde,2026-10-08T23:47,1.07
via_verde,2026-10-08T23:48,1.07
via_verde,2026-10-08T23:49,1.06
via_verde,2026-10-08T23:50,1.07
via_verde,2026-10-08T23:51,1.07
via_verde,2026-10-08T23:52,1.07
via_verde,2026-10-08T23:53,1.07
via_verde,2026-10-08T23:54,1.07
via_verde,2026-10-08T23:55,1.06
via_verde,2026-10-08T23:56,1.06
via_verde,2026-10-08T23:57,1.06
via_verde,2026-10-08T23:58,1.07
via_verde,2026-10-08T23:59,1.06
via_verde,2026-10-09T00:00,1.06
via_verde,2026-10-09T00:01,1.06
via_verde,2026-10-09T00:02,1.06
via_verde,2026-10-09T00:03,1.07
via_verde,2026-10-09T00:04,1.07
via_verde,2026-10-09T00:05,1.07
via_verde,2026-10-09T00:06,1.07
via_verde,2026-10-09T00:07,1.07
via_verde,2026-10-09T00:08,1.07
via_verde,2026-10-09T00:09,1.06
via_verde,2026-10-09T00:10,1.06
via_verde,2026-10-09T00:11,1.06
via_verde,2026-10-09T00:12,1.07
via_verde,2026-10-09T00:13,1.06
via_verde,2026-10-09T00:14,1.06
via_verde,2026-10-09T00:15,1.06
via_verde,2026-10-09T00:16,1.06
via_verde,2026-10-09T00:17,1.06
via_verde,2026-10-09T00:18,1.06
via_verde,2026-10-09T00:19,1.06
via_verde,2026-10-09T00:20,1.06
via_verde,2026-10-09T00:21,1.05
via_verde,2026-10-09T00:22,1.06
via_verde,2026-10-09T00:23,1.05
via_verde,2026-10-09T00:24,1.06
via_verde,2026-10-09T00:25,1.06
via_verde,2026-10-09T00:26,1.06
via_verde,2026-10-09T00:27,1.06
via_verde,2026-10-09T00:28,1.06
via_verde,2026-10-09T00:29,1.06
via_verde,2026-10-09T00:30,1.06
via_verde,2026-10-09T00:31,1.06
via_verde,2026-10-09T00:32,1.05
via_verde,2026-10-09T00:33,1.05
via_verde,2026-10-09T00:34,1.05
via_verde,2026-10-09T00:35,1.05
via_verde,2026-10-09T00:36,1.06
via_verde,2026-10-09T00:37,1.05
via_verde,2026-10-09T00:38,1.06
via_verde,2026-10-09T00:39,1.05
via_verde,2026-10-09T00:40,1.05
via_verde,2026-10-09T00:41,1.06
via_verde,2026-10-09T00:42,1.05
via_verde,2026-10-09T00:43,1.06
via_verde,2026-10-09T00:44,1.06
via_verde,2026-10-09T00:45,1.06
via_verde,2026-10-09T00:46,1.06
via_verde,2026-10-09T00:47,1.06
via_verde,2026-10-09T00:48,1.06
via_verde,2026-10-09T00:49,1.05
via_verde,2026-10-09T00:50,1.05
via_verde,2026-10-09T00:51,1.06
via_verde,2026-10-09T00:52,1.05
via_verde,2026-10-09T00:53,1.06
via_verde,2026-10-09T00:54,1.06
via_verde,2026-10-09T00:55,1.06
via_verde,2026-10-09T00:56,1.06
via_verde,2026-10-09T00:57,1.05
via_verde,2026-10-09T00:58,1.05
via_verde,2026-10-09T00:59,1.06
via_verde,2026-10-09T01:00,1.06
via_verde,2026-10-09T01:01,1.05
via_verde,2026-10-09T01:02,1.06
via_verde,2026-10-09T01:03,1.06
via_verde,2026-10-09T01:04,1.06
via_verde,2026-10-09T01:05,1.06
via_verde,2026-10-09T01:06,1.06
via_verde,2026-10-09T01:07,1.06
via_verde,2026-10-09T01:08,1.06
via_verde,2026-10-09T01:09,1.05
via_verde,2026-10-09T01:10,1.06
via_verde,2026-10-09T01:11,1.06
via_verde,2026-10-09T01:12,1.05
via_verde,2026-10-09T01:13,1.06
via_verde,2026-10-09T01:14,1.06
via_verde,2026-10-09T01:15,1.06
via_verde,2026-10-09T01:16,1.06
via_verde,2026-10-09T01:17,1.06
via_verde,2026-10-09T01:18,1.06
via_verde,2026-10-09T01:19,1.06
via_verde,2026-10-09T01:20,1.06
via_verde,2026-10-09T01:21,1.06
via_verde,2026-10-09T01:22,1.06
via_verde,2026-10-09T01:23,1.06
via_verde,2026-10-09T01:24,1.06
via_verde,2026-10-09T01:25,1.06
via_verde,2026-10-09T01:26,1.05
via_verde,2026-10-09T01:27,1.06
via_verde,2026-10-09T01:28,1.05
via_verde,2026-10-09T01:29,1.06
via_verde,2026-10-09T01:30,1.06
via_verde,2026-10-09T01:31,1.06
via_verde,2026-10-09T01:32,1.06
via_verde,2026-10-09T01:33,1.06
via_verde,2026-10-09T01:34,1.06
via_verde,2026-10-09T01:35,1.06
via_verde,2026-10-09T01:36,1.06
via_verde,2026-10-09T01:37,1.06
via_verde,2026-10-09T01:38,1.05
via_verde,2026-10-09T01:39,1.06
via_verde,2026-10-09T01:40,1.05
via_verde,2026-10-09T01:41,1.06
via_verde,2026-10-09T01:42,1.06
via_verde,2026-10-09T01:43,1.06
via_verde,2026-10-09T01:44,1.06
via_verde,2026-10-09T01:45,1.06
via_verde,2026-10-09T01:46,1.06
via_verde,2026-10-09T01:47,1.05
via_verde,2026-10-09T01:48,1.06
via_verde,2026-10-09T01:49,1.06
via_verde,2026-10-09T01:50,1.06
via_verde,2026-10-09T01:51,1.05
via_verde,2026-10-09T01:52,1.05
via_verde,2026-10-09T01:53,1.05
via_verde,2026-10-09T01:54,1.06
via_verde,2026-10-09T01:55,1.06
via_verde,2026-10-09T01:56,1.05
via_verde,2026-10-09T01:57,1.05
via_verde,2026-10-09T01:58,1.06
via_verde,2026-10-09T01:59,1.05
via_verde,2026-10-09T02:00,1.05
via_verde,2026-10-09T02:01,1.03
via_verde,2026-10-09T02:02,1.06
via_verde,2026-10-09T02:03,1.06
via_verde,2026-10-09T02:04,1.05
via_verde,2026-10-09T02:05,1.06
via_verde,2026-10-09T02:06,1.05
via_verde,2026-10-09T02:07,1.03
via_verde,2026-10-09T02:08,1.05
via_verde,2026-10-09T02:09,1.05
via_verde,2026-10-09T02:10,1.04
via_verde,2026-10-09T02:11,1.05
via_verde,2026-10-09T02:12,1.05
via_verde,2026-10-09T02:13,1.05
corupa,2026-10-09T02:14,0.71
corupa,2026-10-09T02:15,0.71
nereu,2026-10-09T02:14,0.79
nereu,2026-10-09T02:15,0.79
eta,2026-10-09T02:14,1.07
eta,2026-10-09T02:15,1.07
via_verde,2026-10-09T02:14,1.06
via_verde,2026-10-09T02:15,1.05
corupa,2026-10-09T02:16,0.71
corupa,2026-10-09T02:17,0.71
corupa,2026-10-09T02:18,0.71
corupa,2026-10-09T02:19,0.72
corupa,2026-10-09T02:20,0.72
corupa,2026-10-09T02:21,0.71
corupa,2026-10-09T02:22,0.71
corupa,2026-10-09T02:23,0.71
corupa,2026-10-09T02:24,0.72
corupa,2026-10-09T02:25,0.72
corupa,2026-10-09T02:26,0.72
corupa,2026-10-09T02:27,0.7
corupa,2026-10-09T02:28,0.7
corupa,2026-10-09T02:29,0.72
corupa,2026-10-09T02:30,0.72
corupa,2026-10-09T02:31,0.72
corupa,2026-10-09T02:32,0.72
corupa,2026-10-09T02:33,0.72
corupa,2026-10-09T02:34,0.72
corupa,2026-10-09T02:35,0.71
corupa,2026-10-09T02:36,0.71
corupa,2026-10-09T02:37,0.71
corupa,2026-10-09T02:38,0.71
corupa,2026-10-09T02:39,0.71
corupa,2026-10-09T02:40,0.71
corupa,2026-10-09T02:41,0.71
corupa,2026-10-09T02:42,0.71
corupa,2026-10-09T02:43,0.71
corupa,2026-10-09T02:44,0.71
corupa,2026-10-09T02:45,0.71
corupa,2026-10-09T02:46,0.71
nereu,2026-10-09T02:16,0.79
nereu,2026-10-09T02:17,0.79
nereu,2026-10-09T02:18,0.79
nereu,2026-10-09T02:19,0.79
nereu,2026-10-09T02:20,0.79
nereu,2026-10-09T02:21,0.79
nereu,2026-10-09T02:22,0.79
nereu,2026-10-09T02:23,0.79
nereu,2026-10-09T02:24,0.79
nereu,2026-10-09T02:25,0.79
nereu,2026-10-09T02:26,0.79
nereu,2026-10-09T02:27,0.79
nereu,2026-10-09T02:28,0.78
nereu,2026-10-09T02:29,0.79
nereu,2026-10-09T02:30,0.78
nereu,2026-10-09T02:31,0.79
nereu,2026-10-09T02:32,0.79
nereu,2026-10-09T02:33,0.79
nereu,2026-10-09T02:34,0.79
nereu,2026-10-09T02:35,0.79
nereu,2026-10-09T02:36,0.79
nereu,2026-10-09T02:37,0.79
nereu,2026-10-09T02:38,0.79
nereu,2026-10-09T02:39,0.79
nereu,2026-10-09T02:40,0.78
nereu,2026-10-09T02:41,0.78
nereu,2026-10-09T02:42,0.78
nereu,2026-10-09T02:43,0.78
nereu,2026-10-09T02:44,0.78
nereu,2026-10-09T02:45,0.78
nereu,2026-10-09T02:46,0.78
eta,2026-10-09T02:16,1.07
eta,2026-10-09T02:17,1.07
eta,2026-10-09T02:18,1.07
eta,2026-10-09T02:19,1.07
eta,2026-10-09T02:20,1.07
eta,2026-10-09T02:21,1.08
eta,2026-10-09T02:22,1.07
eta,2026-10-09T02:23,1.07
eta,2026-10-09T02:24,1.07
eta,2026-10-09T02:25,1.07
eta,2026-10-09T02:26,1.07
eta,2026-10-09T02:27,1.07
eta,2026-10-09T02:28,1.07
eta,2026-10-09T02:29,1.07
eta,2026-10-09T02:30,1.07
eta,2026-10-09T02:31,1.07
eta,2026-10-09T02:32,1.07
eta,2026-10-09T02:33,1.07
eta,2026-10-09T02:34,1.07
eta,2026-10-09T02:35,1.07
eta,2026-10-09T02:36,1.07
eta,2026-10-09T02:37,1.07
eta,2026-10-09T02:38,1.07
eta,2026-10-09T02:39,1.07
eta,2026-10-09T02:40,1.07
eta,2026-10-09T02:41,1.07
eta,2026-10-09T02:42,1.07
eta,2026-10-09T02:43,1.07
eta,2026-10-09T02:44,1.07
eta,2026-10-09T02:45,1.07
eta,2026-10-09T02:46,1.07
via_verde,2026-10-09T02:16,1.05
via_verde,2026-10-09T02:17,1.02
via_verde,2026-10-09T02:18,1.04
via_verde,2026-10-09T02:19,1.05
via_verde,2026-10-09T02:20,1.05
via_verde,2026-10-09T02:21,1.03
via_verde,2026-10-09T02:22,1.05
via_verde,2026-10-09T02:23,1.04
via_verde,2026-10-09T02:24,1.03
via_verde,2026-10-09T02:25,1.04
via_verde,2026-10-09T02:26,1.04
via_verde,2026-10-09T02:27,1.04
via_verde,2026-10-09T02:28,1.04
via_verde,2026-10-09T02:29,1.03
via_verde,2026-10-09T02:30,1.04
via_verde,2026-10-09T02:31,1.04
via_verde,2026-10-09T02:32,1.04
via_verde,2026-10-09T02:33,1.04
via_verde,2026-10-09T02:34,1.03
via_verde,2026-10-09T02:35,1.05
via_verde,2026-10-09T02:36,1.03
via_verde,2026-10-09T02:37,1.05
via_verde,2026-10-09T02:38,1.04
via_verde,2026-10-09T02:39,1.04
via_verde,2026-10-09T02:40,1.04
via_verde,2026-10-09T02:41,1.03
via_verde,2026-10-09T02:42,1.04
via_verde,2026-10-09T02:43,1.03
via_verde,2026-10-09T02:44,1.03
via_verde,2026-10-09T02:45,1.03
via_verde,2026-10-09T02:46,1.04
via_verde,2026-10-09T02:47,1.03
corupa,2026-10-09T02:47,0.71
corupa,2026-10-09T02:48,0.71
corupa,2026-10-09T02:49,0.72
corupa,2026-10-09T02:50,0.71
corupa,2026-10-09T02:51,0.71
corupa,2026-10-09T02:52,0.71
corupa,2026-10-09T02:53,0.72
corupa,2026-10-09T02:54,0.72
corupa,2026-10-09T02:55,0.71
corupa,2026-10-09T02:56,0.71
corupa,2026-10-09T02:57,0.7
corupa,2026-10-09T02:58,0.7
corupa,2026-10-09T02:59,0.71
corupa,2026-10-09T03:00,0.71
corupa,2026-10-09T03:01,0.71
corupa,2026-10-09T03:02,0.72
corupa,2026-10-09T03:03,0.72
corupa,2026-10-09T03:04,0.71
corupa,2026-10-09T03:05,0.71
corupa,2026-10-09T03:06,0.7
corupa,2026-10-09T03:07,0.7
corupa,2026-10-09T03:08,0.7
corupa,2026-10-09T03:09,0.69
corupa,2026-10-09T03:10,0.69
corupa,2026-10-09T03:11,0.71
corupa,2026-10-09T03:12,0.71
corupa,2026-10-09T03:13,0.71
corupa,2026-10-09T03:14,0.72
corupa,2026-10-09T03:15,0.71
corupa,2026-10-09T03:16,0.71
corupa,2026-10-09T03:17,0.71
corupa,2026-10-09T03:18,0.71
corupa,2026-10-09T03:19,0.7
corupa,2026-10-09T03:20,0.7
corupa,2026-10-09T03:21,0.71
corupa,2026-10-09T03:22,0.71
corupa,2026-10-09T03:23,0.71
corupa,2026-10-09T03:24,0.71
corupa,2026-10-09T03:25,0.71
corupa,2026-10-09T03:26,0.71
corupa,2026-10-09T03:27,0.71
corupa,2026-10-09T03:28,0.71
corupa,2026-10-09T03:29,0.7
corupa,2026-10-09T03:30,0.7
corupa,2026-10-09T03:31,0.71
corupa,2026-10-09T03:32,0.71
corupa,2026-10-09T03:33,0.7
corupa,2026-10-09T03:34,0.71
corupa,2026-10-09T03:35,0.71
corupa,2026-10-09T03:36,0.71
corupa,2026-10-09T03:37,0.71
corupa,2026-10-09T03:38,0.71
corupa,2026-10-09T03:39,0.71
corupa,2026-10-09T03:40,0.71
corupa,2026-10-09T03:41,0.71
corupa,2026-10-09T03:42,0.7
corupa,2026-10-09T03:43,0.7
corupa,2026-10-09T03:44,0.7
corupa,2026-10-09T03:45,0.7
corupa,2026-10-09T03:46,0.7
corupa,2026-10-09T03:47,0.7
corupa,2026-10-09T03:48,0.7
corupa,2026-10-09T03:49,0.7
corupa,2026-10-09T03:50,0.7
corupa,2026-10-09T03:51,0.7
corupa,2026-10-09T03:52,0.7
corupa,2026-10-09T03:53,0.7
corupa,2026-10-09T03:54,0.71
corupa,2026-10-09T03:55,0.71
corupa,2026-10-09T03:56,0.71
corupa,2026-10-09T03:57,0.7
corupa,2026-10-09T03:58,0.7
corupa,2026-10-09T03:59,0.71
corupa,2026-10-09T04:00,0.71
corupa,2026-10-09T04:01,0.7
corupa,2026-10-09T04:02,0.7
corupa,2026-10-09T04:03,0.7
corupa,2026-10-09T04:04,0.7
corupa,2026-10-09T04:05,0.7
corupa,2026-10-09T04:06,0.67
corupa,2026-10-09T04:07,0.67
corupa,2026-10-09T04:08,0.7
corupa,2026-10-09T04:09,0.7
corupa,2026-10-09T04:10,0.7
corupa,2026-10-09T04:11,0.7
corupa,2026-10-09T04:12,0.71
corupa,2026-10-09T04:13,0.71
corupa,2026-10-09T04:14,0.69
corupa,2026-10-09T04:15,0.69
corupa,2026-10-09T04:16,0.71
corupa,2026-10-09T04:17,0.7
corupa,2026-10-09T04:18,0.7
corupa,2026-10-09T04:19,0.7
corupa,2026-10-09T04:20,0.7
corupa,2026-10-09T04:21,0.7
corupa,2026-10-09T04:22,0.7
corupa,2026-10-09T04:23,0.68
corupa,2026-10-09T04:24,0.68
corupa,2026-10-09T04:25,0.69
corupa,2026-10-09T04:26,0.69
corupa,2026-10-09T04:27,0.7
corupa,2026-10-09T04:28,0.69
corupa,2026-10-09T04:29,0.69
corupa,2026-10-09T04:30,0.7
corupa,2026-10-09T04:31,0.7
corupa,2026-10-09T04:32,0.7
corupa,2026-10-09T04:33,0.7
corupa,2026-10-09T04:34,0.71
corupa,2026-10-09T04:35,0.69
corupa,2026-10-09T04:36,0.69
corupa,2026-10-09T04:37,0.7
corupa,2026-10-09T04:38,0.7
corupa,2026-10-09T04:39,0.72
corupa,2026-10-09T04:40,0.72
corupa,2026-10-09T04:41,0.69
corupa,2026-10-09T04:42,0.69
corupa,2026-10-09T04:43,0.7
corupa,2026-10-09T04:44,0.7
corupa,2026-10-09T04:45,0.7
corupa,2026-10-09T04:46,0.69
corupa,2026-10-09T04:47,0.69
corupa,2026-10-09T04:48,0.7
corupa,2026-10-09T04:49,0.7
corupa,2026-10-09T04:50,0.69
corupa,2026-10-09T04:51,0.69
corupa,2026-10-09T04:52,0.69
corupa,2026-10-09T04:53,0.69
corupa,2026-10-09T04:54,0.68
corupa,2026-10-09T04:55,0.68
corupa,2026-10-09T04:56,0.69
corupa,2026-10-09T04:57,0.69
corupa,2026-10-09T04:58,0.69
corupa,2026-10-09T04:59,0.69
corupa,2026-10-09T05:00,0.69
corupa,2026-10-09T05:01,0.69
corupa,2026-10-09T05:02,0.7
corupa,2026-10-09T05:03,0.7
corupa,2026-10-09T05:04,0.69
corupa,2026-10-09T05:05,0.69
corupa,2026-10-09T05:06,0.7
corupa,2026-10-09T05:07,0.7
corupa,2026-10-09T05:08,0.7
corupa,2026-10-09T05:09,0.7
corupa,2026-10-09T05:10,0.69
corupa,2026-10-09T05:11,0.69
corupa,2026-10-09T05:12,0.69
corupa,2026-10-09T05:13,0.69
corupa,2026-10-09T05:14,0.69
corupa,2026-10-09T05:15,0.7
corupa,2026-10-09T05:16,0.7
corupa,2026-10-09T05:17,0.69
corupa,2026-10-09T05:18,0.69
corupa,2026-10-09T05:19,0.7
corupa,2026-10-09T05:20,0.7
corupa,2026-10-09T05:21,0.7
corupa,2026-10-09T05:22,0.7
corupa,2026-10-09T05:23,0.7
corupa,2026-10-09T05:24,0.68
corupa,2026-10-09T05:25,0.68
corupa,2026-10-09T05:26,0.68
corupa,2026-10-09T05:27,0.68
corupa,2026-10-09T05:28,0.69
corupa,2026-10-09T05:29,0.69
corupa,2026-10-09T05:30,0.68
corupa,2026-10-09T05:31,0.68
corupa,2026-10-09T05:32,0.68
corupa,2026-10-09T05:33,0.68
corupa,2026-10-09T05:34,0.7
corupa,2026-10-09T05:35,0.69
corupa,2026-10-09T05:36,0.69
corupa,2026-10-09T05:37,0.69
corupa,2026-10-09T05:38,0.69
corupa,2026-10-09T05:39,0.69
corupa,2026-10-09T05:40,0.69
corupa,2026-10-09T05:41,0.7
corupa,2026-10-09T05:42,0.7
corupa,2026-10-09T05:43,0.69
corupa,2026-10-09T05:44,0.69
corupa,2026-10-09T05:45,0.68
corupa,2026-10-09T05:46,0.69
corupa,2026-10-09T05:47,0.69
corupa,2026-10-09T05:48,0.68
corupa,2026-10-09T05:49,0.68
corupa,2026-10-09T05:50,0.7
corupa,2026-10-09T05:51,0.7
corupa,2026-10-09T05:52,0.69
corupa,2026-10-09T05:53,0.69
corupa,2026-10-09T05:54,0.68
corupa,2026-10-09T05:55,0.68
corupa,2026-10-09T05:56,0.68
corupa,2026-10-09T05:57,0.68
corupa,2026-10-09T05:58,0.68
corupa,2026-10-09T05:59,0.68
corupa,2026-10-09T06:00,0.68
corupa,2026-10-09T06:01,0.68
corupa,2026-10-09T06:02,0.68
corupa,2026-10-09T06:03,0.68
corupa,2026-10-09T06:04,0.67
corupa,2026-10-09T06:05,0.67
corupa,2026-10-09T06:06,0.69
corupa,2026-10-09T06:07,0.69
corupa,2026-10-09T06:08,0.7
corupa,2026-10-09T06:09,0.69
corupa,2026-10-09T06:10,0.69
corupa,2026-10-09T06:11,0.69
corupa,2026-10-09T06:12,0.69
corupa,2026-10-09T06:13,0.69
corupa,2026-10-09T06:14,0.68
corupa,2026-10-09T06:15,0.68
corupa,2026-10-09T06:16,0.68
corupa,2026-10-09T06:17,0.68
corupa,2026-10-09T06:18,0.69
corupa,2026-10-09T06:19,0.69
corupa,2026-10-09T06:20,0.69
corupa,2026-10-09T06:21,0.69
corupa,2026-10-09T06:22,0.69
corupa,2026-10-09T06:23,0.67
corupa,2026-10-09T06:24,0.67
corupa,2026-10-09T06:25,0.69
corupa,2026-10-09T06:26,0.69
corupa,2026-10-09T06:27,0.68
corupa,2026-10-09T06:28,0.68
corupa,2026-10-09T06:29,0.69
corupa,2026-10-09T06:30,0.67
corupa,2026-10-09T06:31,0.67
corupa,2026-10-09T06:32,0.67
corupa,2026-10-09T06:33,0.67
corupa,2026-10-09T06:34,0.66
corupa,2026-10-09T06:35,0.66
corupa,2026-10-09T06:36,0.68
corupa,2026-10-09T06:37,0.68
corupa,2026-10-09T06:38,0.69
corupa,2026-10-09T06:39,0.68
corupa,2026-10-09T06:40,0.68
corupa,2026-10-09T06:41,0.69
corupa,2026-10-09T06:42,0.69
corupa,2026-10-09T06:43,0.68
corupa,2026-10-09T06:44,0.68
corupa,2026-10-09T06:45,0.68
corupa,2026-10-09T06:46,0.68
corupa,2026-10-09T06:47,0.68
corupa,2026-10-09T06:48,0.69
corupa,2026-10-09T06:49,0.69
corupa,2026-10-09T06:50,0.69
corupa,2026-10-09T06:51,0.69
corupa,2026-10-09T06:52,0.68
corupa,2026-10-09T06:53,0.68
corupa,2026-10-09T06:54,0.7
corupa,2026-10-09T06:55,0.7
corupa,2026-10-09T06:56,0.69
corupa,2026-10-09T06:57,0.69
corupa,2026-10-09T06:58,0.68
corupa,2026-10-09T06:59,0.68
corupa,2026-10-09T07:00,0.68
corupa,2026-10-09T07:01,0.68
corupa,2026-10-09T07:02,0.67
corupa,2026-10-09T07:03,0.67
corupa,2026-10-09T07:04,0.67
corupa,2026-10-09T07:05,0.67
corupa,2026-10-09T07:06,0.68
corupa,2026-10-09T07:07,0.67
corupa,2026-10-09T07:08,0.67
corupa,2026-10-09T07:09,0.66
corupa,2026-10-09T07:10,0.66
corupa,2026-10-09T07:11,0.67
corupa,2026-10-09T07:12,0.67
corupa,2026-10-09T07:13,0.69
corupa,2026-10-09T07:14,0.69
corupa,2026-10-09T07:15,0.69
corupa,2026-10-09T07:16,0.69
corupa,2026-10-09T07:17,0.69
corupa,2026-10-09T07:18,0.69
corupa,2026-10-09T07:19,0.69
corupa,2026-10-09T07:20,0.67
corupa,2026-10-09T07:21,0.67
corupa,2026-10-09T07:22,0.68
corupa,2026-10-09T07:23,0.68
corupa,2026-10-09T07:24,0.68
corupa,2026-10-09T07:25,0.68
corupa,2026-10-09T07:26,0.67
corupa,2026-10-09T07:27,0.67
corupa,2026-10-09T07:28,0.67
corupa,2026-10-09T07:29,0.67
corupa,2026-10-09T07:30,0.67
corupa,2026-10-09T07:31,0.67
corupa,2026-10-09T07:32,0.67
corupa,2026-10-09T07:33,0.68
corupa,2026-10-09T07:34,0.68
corupa,2026-10-09T07:35,0.66
corupa,2026-10-09T07:36,0.66
corupa,2026-10-09T07:37,0.67
corupa,2026-10-09T07:38,0.67
corupa,2026-10-09T07:39,0.67
corupa,2026-10-09T07:40,0.69
corupa,2026-10-09T07:41,0.69
corupa,2026-10-09T07:42,0.68
corupa,2026-10-09T07:43,0.68
corupa,2026-10-09T07:44,0.67
corupa,2026-10-09T07:45,0.67
corupa,2026-10-09T07:46,0.67
corupa,2026-10-09T07:47,0.67
corupa,2026-10-09T07:48,0.68
corupa,2026-10-09T07:49,0.68
corupa,2026-10-09T07:50,0.68
corupa,2026-10-09T07:51,0.68
corupa,2026-10-09T07:52,0.68
corupa,2026-10-09T07:53,0.68
corupa,2026-10-09T07:54,0.67
corupa,2026-10-09T07:55,0.67
corupa,2026-10-09T07:56,0.68
corupa,2026-10-09T07:57,0.68
corupa,2026-10-09T07:58,0.67
corupa,2026-10-09T07:59,0.67
corupa,2026-10-09T08:00,0.67
corupa,2026-10-09T08:01,0.67
corupa,2026-10-09T08:02,0.66
corupa,2026-10-09T08:03,0.66
corupa,2026-10-09T08:04,0.68
corupa,2026-10-09T08:05,0.68
corupa,2026-10-09T08:06,0.68
corupa,2026-10-09T08:07,0.67
corupa,2026-10-09T08:08,0.67
corupa,2026-10-09T08:09,0.67
corupa,2026-10-09T08:10,0.66
corupa,2026-10-09T08:11,0.66
corupa,2026-10-09T08:12,0.68
corupa,2026-10-09T08:13,0.68
corupa,2026-10-09T08:14,0.66
corupa,2026-10-09T08:15,0.66
corupa,2026-10-09T08:16,0.67
corupa,2026-10-09T08:17,0.67
corupa,2026-10-09T08:18,0.67
corupa,2026-10-09T08:19,0.67
corupa,2026-10-09T08:20,0.67
corupa,2026-10-09T08:21,0.67
corupa,2026-10-09T08:22,0.67
corupa,2026-10-09T08:23,0.68
corupa,2026-10-09T08:24,0.68
corupa,2026-10-09T08:25,0.68
corupa,2026-10-09T08:26,0.68
corupa,2026-10-09T08:27,0.65
corupa,2026-10-09T08:28,0.65
corupa,2026-10-09T08:29,0.67
corupa,2026-10-09T08:30,0.67
corupa,2026-10-09T08:31,0.66
corupa,2026-10-09T08:32,0.67
corupa,2026-10-09T08:33,0.67
corupa,2026-10-09T08:34,0.67
corupa,2026-10-09T08:35,0.66
corupa,2026-10-09T08:36,0.66
corupa,2026-10-09T08:37,0.66
corupa,2026-10-09T08:38,0.67
corupa,2026-10-09T08:39,0.67
corupa,2026-10-09T08:40,0.67
corupa,2026-10-09T08:41,0.67
corupa,2026-10-09T08:42,0.68
corupa,2026-10-09T08:43,0.68
corupa,2026-10-09T08:44,0.65
corupa,2026-10-09T08:45,0.65
nereu,2026-10-09T02:47,0.78
nereu,2026-10-09T02:48,0.78
nereu,2026-10-09T02:49,0.78
nereu,2026-10-09T02:50,0.78
nereu,2026-10-09T02:51,0.78
nereu,2026-10-09T02:52,0.78
nereu,2026-10-09T02:53,0.79
nereu,2026-10-09T02:54,0.78
nereu,2026-10-09T02:55,0.78
nereu,2026-10-09T02:56,0.78
nereu,2026-10-09T02:57,0.78
nereu,2026-10-09T02:58,0.78
nereu,2026-10-09T02:59,0.78
nereu,2026-10-09T03:00,0.78
nereu,2026-10-09T03:01,0.77
nereu,2026-10-09T03:02,0.78
nereu,2026-10-09T03:03,0.78
nereu,2026-10-09T03:04,0.78
nereu,2026-10-09T03:05,0.78
nereu,2026-10-09T03:06,0.78
nereu,2026-10-09T03:07,0.78
nereu,2026-10-09T03:08,0.78
nereu,2026-10-09T03:09,0.78
nereu,2026-10-09T03:10,0.78
nereu,2026-10-09T03:11,0.78
nereu,2026-10-09T03:12,0.78
nereu,2026-10-09T03:13,0.78
nereu,2026-10-09T03:14,0.78
nereu,2026-10-09T03:15,0.78
nereu,2026-10-09T03:16,0.78
nereu,2026-10-09T03:17,0.78
nereu,2026-10-09T03:18,0.78
nereu,2026-10-09T03:19,0.78
nereu,2026-10-09T03:20,0.78
nereu,2026-10-09T03:21,0.77
nereu,2026-10-09T03:22,0.77
nereu,2026-10-09T03:23,0.77
nereu,2026-10-09T03:24,0.78
nereu,2026-10-09T03:25,0.78
nereu,2026-10-09T03:26,0.77
nereu,2026-10-09T03:27,0.78
nereu,2026-10-09T03:28,0.78
nereu,2026-10-09T03:29,0.78
nereu,2026-10-09T03:30,0.78
nereu,2026-10-09T03:31,0.77
nereu,2026-10-09T03:32,0.78
nereu,2026-10-09T03:33,0.77
nereu,2026-10-09T03:34,0.78
nereu,2026-10-09T03:35,0.78
nereu,2026-10-09T03:36,0.78
nereu,2026-10-09T03:37,0.77
nereu,2026-10-09T03:38,0.78
nereu,2026-10-09T03:39,0.78
nereu,2026-10-09T03:40,0.77
nereu,2026-10-09T03:41,0.77
nereu,2026-10-09T03:42,0.78
nereu,2026-10-09T03:43,0.78
nereu,2026-10-09T03:44,0.77
nereu,2026-10-09T03:45,0.77
nereu,2026-10-09T03:46,0.77
nereu,2026-10-09T03:47,0.77
nereu,2026-10-09T03:48,0.77
nereu,2026-10-09T03:49,0.77
nereu,2026-10-09T03:50,0.77
nereu,2026-10-09T03:51,0.77
nereu,2026-10-09T03:52,0.77
nereu,2026-10-09T03:53,0.77
nereu,2026-10-09T03:54,0.77
nereu,2026-10-09T03:55,0.78
nereu,2026-10-09T03:56,0.77
nereu,2026-10-09T03:57,0.77
nereu,2026-10-09T03:58,0.77
nereu,2026-10-09T03:59,0.77
nereu,2026-10-09T04:00,0.77
nereu,2026-10-09T04:01,0.77
nereu,2026-10-09T04:02,0.77
nereu,2026-10-09T04:03,0.77
nereu,2026-10-09T04:04,0.77
nereu,2026-10-09T04:05,0.77
nereu,2026-10-09T04:06,0.77
nereu,2026-10-09T04:07,0.77
nereu,2026-10-09T04:08,0.77
nereu,2026-10-09T04:09,0.77
nereu,2026-10-09T04:10,0.77
nereu,2026-10-09T04:11,0.77
nereu,2026-10-09T04:12,0.77
nereu,2026-10-09T04:13,0.77
nereu,2026-10-09T04:14,0.77
nereu,2026-10-09T04:15,0.77
nereu,2026-10-09T04:16,0.77
nereu,2026-10-09T04:17,0.77
nereu,2026-10-09T04:18,0.77
nereu,2026-10-09T04:19,0.77
nereu,2026-10-09T04:20,0.77
nereu,2026-10-09T04:21,0.77
nereu,2026-10-09T04:22,0.77
nereu,2026-10-09T04:23,0.77
nereu,2026-10-09T04:24,0.76
nereu,2026-10-09T04:25,0.76
nereu,2026-10-09T04:26,0.77
nereu,2026-10-09T04:27,0.77
nereu,2026-10-09T04:28,0.77
nereu,2026-10-09T04:29,0.76
nereu,2026-10-09T04:30,0.77
nereu,2026-10-09T04:31,0.76
nereu,2026-10-09T04:32,0.77
nereu,2026-10-09T04:33,0.76
nereu,2026-10-09T04:34,0.77
nereu,2026-10-09T04:35,0.77
nereu,2026-10-09T04:36,0.77
nereu,2026-10-09T04:37,0.77
nereu,2026-10-09T04:38,0.77
nereu,2026-10-09T04:39,0.77
nereu,2026-10-09T04:40,0.77
nereu,2026-10-09T04:41,0.77
nereu,2026-10-09T04:42,0.77
nereu,2026-10-09T04:43,0.77
nereu,2026-10-09T04:44,0.77
nereu,2026-10-09T04:45,0.76
nereu,2026-10-09T04:46,0.76
nereu,2026-10-09T04:47,0.76
nereu,2026-10-09T04:48,0.76
nereu,2026-10-09T04:49,0.76
nereu,2026-10-09T04:50,0.76
nereu,2026-10-09T04:51,0.76
nereu,2026-10-09T04:52,0.76
nereu,2026-10-09T04:53,0.77
nereu,2026-10-09T04:54,0.77
nereu,2026-10-09T04:55,0.76
nereu,2026-10-09T04:56,0.77
nereu,2026-10-09T04:57,0.76
nereu,2026-10-09T04:58,0.77
nereu,2026-10-09T04:59,0.77
nereu,2026-10-09T05:00,0.76
nereu,2026-10-09T05:01,0.77
nereu,2026-10-09T05:02,0.77
nereu,2026-10-09T05:03,0.77
nereu,2026-10-09T05:04,0.76
nereu,2026-10-09T05:05,0.76
nereu,2026-10-09T05:06,0.76
nereu,2026-10-09T05:07,0.76
nereu,2026-10-09T05:08,0.76
nereu,2026-10-09T05:09,0.76
nereu,2026-10-09T05:10,0.76
nereu,2026-10-09T05:11,0.76
nereu,2026-10-09T05:12,0.76
nereu,2026-10-09T05:13,0.76
nereu,2026-10-09T05:14,0.76
nereu,2026-10-09T05:15,0.76
nereu,2026-10-09T05:16,0.77
nereu,2026-10-09T05:17,0.77
nereu,2026-10-09T05:18,0.77
nereu,2026-10-09T05:19,0.76
nereu,2026-10-09T05:20,0.76
nereu,2026-10-09T05:21,0.76
nereu,2026-10-09T05:22,0.76
nereu,2026-10-09T05:23,0.76
nereu,2026-10-09T05:24,0.76
nereu,2026-10-09T05:25,0.76
nereu,2026-10-09T05:26,0.77
nereu,2026-10-09T05:27,0.76
nereu,2026-10-09T05:28,0.76
nereu,2026-10-09T05:29,0.76
nereu,2026-10-09T05:30,0.77
nereu,2026-10-09T05:31,0.76
nereu,2026-10-09T05:32,0.76
nereu,2026-10-09T05:33,0.76
nereu,2026-10-09T05:34,0.76
nereu,2026-10-09T05:35,0.76
nereu,2026-10-09T05:36,0.77
nereu,2026-10-09T05:37,0.76
nereu,2026-10-09T05:38,0.76
nereu,2026-10-09T05:39,0.77
nereu,2026-10-09T05:40,0.76
nereu,2026-10-09T05:41,0.77
nereu,2026-10-09T05:42,0.76
nereu,2026-10-09T05:43,0.76
nereu,2026-10-09T05:44,0.76
nereu,2026-10-09T05:45,0.76
nereu,2026-10-09T05:46,0.76
nereu,2026-10-09T05:47,0.76
nereu,2026-10-09T05:48,0.76
nereu,2026-10-09T05:49,0.76
nereu,2026-10-09T05:50,0.76
nereu,2026-10-09T05:51,0.76
nereu,2026-10-09T05:52,0.76
nereu,2026-10-09T05:53,0.76
nereu,2026-10-09T05:54,0.76
nereu,2026-10-09T05:55,0.76
nereu,2026-10-09T05:56,0.76
nereu,2026-10-09T05:57,0.76
nereu,2026-10-09T05:58,0.76
nereu,2026-10-09T05:59,0.76
nereu,2026-10-09T06:00,0.76
nereu,2026-10-09T06:01,0.76
nereu,2026-10-09T06:02,0.76
nereu,2026-10-09T06:03,0.76
nereu,2026-10-09T06:04,0.76
nereu,2026-10-09T06:05,0.76
nereu,2026-10-09T06:06,0.76
nereu,2026-10-09T06:07,0.76
nereu,2026-10-09T06:08,0.76
nereu,2026-10-09T06:09,0.76
nereu,2026-10-09T06:10,0.77
nereu,2026-10-09T06:11,0.76
nereu,2026-10-09T06:12,0.76
nereu,2026-10-09T06:13,0.76
nereu,2026-10-09T06:14,0.76
nereu,2026-10-09T06:15,0.76
nereu,2026-10-09T06:16,0.76
nereu,2026-10-09T06:17,0.76
nereu,2026-10-09T06:18,0.76
nereu,2026-10-09T06:19,0.76
nereu,2026-10-09T06:20,0.76
nereu,2026-10-09T06:21,0.76
nereu,2026-10-09T06:22,0.76
nereu,2026-10-09T06:23,0.76
nereu,2026-10-09T06:24,0.76
nereu,2026-10-09T06:25,0.76
nereu,2026-10-09T06:26,0.76
nereu,2026-10-09T06:27,0.75
nereu,2026-10-09T06:28,0.76
nereu,2026-10-09T06:29,0.76
nereu,2026-10-09T06:30,0.75
nereu,2026-10-09T06:31,0.76
nereu,2026-10-09T06:32,0.76
nereu,2026-10-09T06:33,0.76
nereu,2026-10-09T06:34,0.76
nereu,2026-10-09T06:35,0.76
nereu,2026-10-09T06:36,0.76
nereu,2026-10-09T06:37,0.76
nereu,2026-10-09T06:38,0.76
nereu,2026-10-09T06:39,0.76
nereu,2026-10-09T06:40,0.76
nereu,2026-10-09T06:41,0.76
nereu,2026-10-09T06:42,0.76
nereu,2026-10-09T06:43,0.75
nereu,2026-10-09T06:44,0.76
nereu,2026-10-09T06:45,0.76
nereu,2026-10-09T06:46,0.76
nereu,2026-10-09T06:47,0.76
nereu,2026-10-09T06:48,0.76
nereu,2026-10-09T06:49,0.76
nereu,2026-10-09T06:50,0.76
nereu,2026-10-09T06:51,0.76
nereu,2026-10-09T06:52,0.76
nereu,2026-10-09T06:53,0.76
nereu,2026-10-09T06:54,0.75
nereu,2026-10-09T06:55,0.75
nereu,2026-10-09T06:56,0.75
nereu,2026-10-09T06:57,0.75
nereu,2026-10-09T06:58,0.75
nereu,2026-10-09T06:59,0.76
nereu,2026-10-09T07:00,0.76
nereu,2026-10-09T07:01,0.76
nereu,2026-10-09T07:02,0.76
nereu,2026-10-09T07:03,0.76
nereu,2026-10-09T07:04,0.76
nereu,2026-10-09T07:05,0.76
nereu,2026-10-09T07:06,0.76
nereu,2026-10-09T07:07,0.76
nereu,2026-10-09T07:08,0.75
nereu,2026-10-09T07:09,0.76
nereu,2026-10-09T07:10,0.76
nereu,2026-10-09T07:11,0.76
nereu,2026-10-09T07:12,0.76
nereu,2026-10-09T07:13,0.75
nereu,2026-10-09T07:14,0.76
nereu,2026-10-09T07:15,0.76
nereu,2026-10-09T07:16,0.76
nereu,2026-10-09T07:17,0.75
nereu,2026-10-09T07:18,0.75
nereu,2026-10-09T07:19,0.76
nereu,2026-10-09T07:20,0.76
nereu,2026-10-09T07:21,0.76
nereu,2026-10-09T07:22,0.76
nereu,2026-10-09T07:23,0.76
nereu,2026-10-09T07:24,0.76
nereu,2026-10-09T07:25,0.76
nereu,2026-10-09T07:26,0.76
nereu,2026-10-09T07:27,0.76
nereu,2026-10-09T07:28,0.76
nereu,2026-10-09T07:29,0.76
nereu,2026-10-09T07:30,0.76
nereu,2026-10-09T07:31,0.76
nereu,2026-10-09T07:32,0.76
nereu,2026-10-09T07:33,0.75
nereu,2026-10-09T07:34,0.75
nereu,2026-10-09T07:35,0.76
nereu,2026-10-09T07:36,0.75
nereu,2026-10-09T07:37,0.75
nereu,2026-10-09T07:38,0.75
nereu,2026-10-09T07:39,0.75
nereu,2026-10-09T07:40,0.75
nereu,2026-10-09T07:41,0.75
nereu,2026-10-09T07:42,0.76
nereu,2026-10-09T07:43,0.76
nereu,2026-10-09T07:44,0.76
nereu,2026-10-09T07:45,0.76
nereu,2026-10-09T07:46,0.76
nereu,2026-10-09T07:47,0.76
nereu,2026-10-09T07:48,0.76
nereu,2026-10-09T07:49,0.75
nereu,2026-10-09T07:50,0.76
nereu,2026-10-09T07:51,0.75
nereu,2026-10-09T07:52,0.76
nereu,2026-10-09T07:53,0.75
nereu,2026-10-09T07:54,0.76
nereu,2026-10-09T07:55,0.76
nereu,2026-10-09T07:56,0.76
nereu,2026-10-09T07:57,0.75
nereu,2026-10-09T07:58,0.75
nereu,2026-10-09T07:59,0.75
nereu,2026-10-09T08:00,0.76
nereu,2026-10-09T08:01,0.76
nereu,2026-10-09T08:02,0.76
nereu,2026-10-09T08:03,0.76
nereu,2026-10-09T08:04,0.76
nereu,2026-10-09T08:05,0.76
nereu,2026-10-09T08:06,0.76
nereu,2026-10-09T08:07,0.76
nereu,2026-10-09T08:08,0.76
nereu,2026-10-09T08:09,0.76
nereu,2026-10-09T08:10,0.75
nereu,2026-10-09T08:11,0.76
nereu,2026-10-09T08:12,0.75
nereu,2026-10-09T08:13,0.76
nereu,2026-10-09T08:14,0.76
nereu,2026-10-09T08:15,0.75
nereu,2026-10-09T08:16,0.76
nereu,2026-10-09T08:17,0.75
nereu,2026-10-09T08:18,0.75
nereu,2026-10-09T08:19,0.76
nereu,2026-10-09T08:20,0.76
nereu,2026-10-09T08:21,0.76
nereu,2026-10-09T08:22,0.76
nereu,2026-10-09T08:23,0.76
nereu,2026-10-09T08:24,0.76
nereu,2026-10-09T08:25,0.75
nereu,2026-10-09T08:26,0.76
nereu,2026-10-09T08:27,0.76
nereu,2026-10-09T08:28,0.76
nereu,2026-10-09T08:29,0.75
nereu,2026-10-09T08:30,0.75
nereu,2026-10-09T08:31,0.76
nereu,2026-10-09T08:32,0.75
nereu,2026-10-09T08:33,0.75
nereu,2026-10-09T08:34,0.76
nereu,2026-10-09T08:35,0.76
nereu,2026-10-09T08:36,0.76
nereu,2026-10-09T08:37,0.76
nereu,2026-10-09T08:38,0.76
nereu,2026-10-09T08:39,0.76
nereu,2026-10-09T08:40,0.76
nereu,2026-10-09T08:41,0.76
nereu,2026-10-09T08:42,0.75
nereu,2026-10-09T08:43,0.76
nereu,2026-10-09T08:44,0.76
nereu,2026-10-09T08:45,0.76
eta,2026-10-09T02:47,1.07
eta,2026-10-09T02:48,1.08
eta,2026-10-09T02:49,1.07
eta,2026-10-09T02:50,1.08
eta,2026-10-09T02:51,1.08
eta,2026-10-09T02:52,1.08
eta,2026-10-09T02:53,1.08
eta,2026-10-09T02:54,1.07
eta,2026-10-09T02:55,1.08
eta,2026-10-09T02:56,1.07
eta,2026-10-09T02:57,1.07
eta,2026-10-09T02:58,1.08
eta,2026-10-09T02:59,1.08
eta,2026-10-09T03:00,1.09
eta,2026-10-09T03:01,1.08
eta,2026-10-09T03:02,1.07
eta,2026-10-09T03:03,1.08
eta,2026-10-09T03:04,1.07
eta,2026-10-09T03:05,1.08
eta,2026-10-09T03:06,1.08
eta,2026-10-09T03:07,1.08
eta,2026-10-09T03:08,1.08
eta,2026-10-09T03:09,1.07
eta,2026-10-09T03:10,1.08
eta,2026-10-09T03:11,1.08
eta,2026-10-09T03:12,1.09
eta,2026-10-09T03:13,1.09
eta,2026-10-09T03:14,1.08
eta,2026-10-09T03:15,1.07
eta,2026-10-09T03:16,1.08
eta,2026-10-09T03:17,1.08
eta,2026-10-09T03:18,1.09
eta,2026-10-09T03:19,1.08
eta,2026-10-09T03:20,1.08
eta,2026-10-09T03:21,1.08
eta,2026-10-09T03:22,1.08
eta,2026-10-09T03:23,1.09
eta,2026-10-09T03:24,1.08
eta,2026-10-09T03:25,1.09
eta,2026-10-09T03:26,1.08
eta,2026-10-09T03:27,1.08
eta,2026-10-09T03:28,1.08
eta,2026-10-09T03:29,1.08
eta,2026-10-09T03:30,1.08
eta,2026-10-09T03:31,1.09
eta,2026-10-09T03:32,1.09
eta,2026-10-09T03:33,1.09
eta,2026-10-09T03:34,1.09
eta,2026-10-09T03:35,1.08
eta,2026-10-09T03:36,1.09
eta,2026-10-09T03:37,1.08
eta,2026-10-09T03:38,1.09
eta,2026-10-09T03:39,1.09
eta,2026-10-09T03:40,1.09
eta,2026-10-09T03:41,1.09
eta,2026-10-09T03:42,1.09
eta,2026-10-09T03:43,1.09
eta,2026-10-09T03:44,1.09
eta,2026-10-09T03:45,1.1
eta,2026-10-09T03:46,1.08
eta,2026-10-09T03:47,1.08
eta,2026-10-09T03:48,1.09
eta,2026-10-09T03:49,1.09
eta,2026-10-09T03:50,1.09
eta,2026-10-09T03:51,1.1
eta,2026-10-09T03:52,1.09
eta,2026-10-09T03:53,1.09
eta,2026-10-09T03:54,1.09
eta,2026-10-09T03:55,1.09
eta,2026-10-09T03:56,1.09
eta,2026-10-09T03:57,1.09
eta,2026-10-09T03:58,1.09
eta,2026-10-09T03:59,1.09
eta,2026-10-09T04:00,1.09
eta,2026-10-09T04:01,1.09
eta,2026-10-09T04:02,1.09
eta,2026-10-09T04:03,1.08
eta,2026-10-09T04:04,1.08
eta,2026-10-09T04:05,1.09
eta,2026-10-09T04:06,1.09
eta,2026-10-09T04:07,1.09
eta,2026-10-09T04:08,1.09
eta,2026-10-09T04:09,1.09
eta,2026-10-09T04:10,1.09
eta,2026-10-09T04:11,1.08
eta,2026-10-09T04:12,1.09
eta,2026-10-09T04:13,1.09
eta,2026-10-09T04:14,1.08
eta,2026-10-09T04:15,1.09
eta,2026-10-09T04:16,1.09
eta,2026-10-09T04:17,1.08
eta,2026-10-09T04:18,1.08
eta,2026-10-09T04:19,1.08
eta,2026-10-09T04:20,1.09
eta,2026-10-09T04:21,1.08
eta,2026-10-09T04:22,1.08
eta,2026-10-09T04:23,1.08
eta,2026-10-09T04:24,1.08
eta,2026-10-09T04:25,1.09
eta,2026-10-09T04:26,1.08
eta,2026-10-09T04:27,1.08
eta,2026-10-09T04:28,1.09
eta,2026-10-09T04:29,1.08
eta,2026-10-09T04:30,1.08
eta,2026-10-09T04:31,1.08
eta,2026-10-09T04:32,1.08
eta,2026-10-09T04:33,1.08
eta,2026-10-09T04:34,1.09
eta,2026-10-09T04:35,1.08
eta,2026-10-09T04:36,1.08
eta,2026-10-09T04:37,1.08
eta,2026-10-09T04:38,1.08
eta,2026-10-09T04:39,1.08
eta,2026-10-09T04:40,1.08
eta,2026-10-09T04:41,1.08
eta,2026-10-09T04:42,1.08
eta,2026-10-09T04:43,1.08
eta,2026-10-09T04:44,1.08
eta,2026-10-09T04:45,1.08
eta,2026-10-09T04:46,1.08
eta,2026-10-09T04:47,1.09
eta,2026-10-09T04:48,1.08
eta,2026-10-09T04:49,1.08
eta,2026-10-09T04:50,1.08
eta,2026-10-09T04:51,1.08
eta,2026-10-09T04:52,1.08
eta,2026-10-09T04:53,1.07
eta,2026-10-09T04:54,1.07
eta,2026-10-09T04:55,1.08
eta,2026-10-09T04:56,1.07
eta,2026-10-09T04:57,1.07
eta,2026-10-09T04:58,1.08
eta,2026-10-09T04:59,1.08
eta,2026-10-09T05:00,1.07
eta,2026-10-09T05:01,1.07
eta,2026-10-09T05:02,1.07
eta,2026-10-09T05:03,1.07
eta,2026-10-09T05:04,1.07
eta,2026-10-09T05:05,1.07
eta,2026-10-09T05:06,1.07
eta,2026-10-09T05:07,1.08
eta,2026-10-09T05:08,1.07
eta,2026-10-09T05:09,1.07
eta,2026-10-09T05:10,1.07
eta,2026-10-09T05:11,1.07
eta,2026-10-09T05:12,1.07
eta,2026-10-09T05:13,1.07
eta,2026-10-09T05:14,1.08
eta,2026-10-09T05:15,1.07
eta,2026-10-09T05:16,1.07
eta,2026-10-09T05:17,1.07
eta,2026-10-09T05:18,1.07
eta,2026-10-09T05:19,1.09
eta,2026-10-09T05:20,1.07
eta,2026-10-09T05:21,1.07
eta,2026-10-09T05:22,1.06
eta,2026-10-09T05:23,1.07
eta,2026-10-09T05:24,1.07
eta,2026-10-09T05:25,1.07
eta,2026-10-09T05:26,1.07
eta,2026-10-09T05:27,1.07
eta,2026-10-09T05:28,1.07
eta,2026-10-09T05:29,1.06
eta,2026-10-09T05:30,1.07
eta,2026-10-09T05:31,1.06
eta,2026-10-09T05:32,1.06
eta,2026-10-09T05:33,1.07
eta,2026-10-09T05:34,1.06
eta,2026-10-09T05:35,1.07
eta,2026-10-09T05:36,1.07
eta,2026-10-09T05:37,1.07
eta,2026-10-09T05:38,1.07
eta,2026-10-09T05:39,1.07
eta,2026-10-09T05:40,1.07
eta,2026-10-09T05:41,1.06
eta,2026-10-09T05:42,1.05
eta,2026-10-09T05:43,1.05
eta,2026-10-09T05:44,1.06
eta,2026-10-09T05:45,1.06
eta,2026-10-09T05:46,1.05
eta,2026-10-09T05:47,1.06
eta,2026-10-09T05:48,1.06
eta,2026-10-09T05:49,1.06
eta,2026-10-09T05:50,1.07
eta,2026-10-09T05:51,1.06
eta,2026-10-09T05:52,1.06
eta,2026-10-09T05:53,1.06
eta,2026-10-09T05:54,1.06
eta,2026-10-09T05:55,1.05
eta,2026-10-09T05:56,1.06
eta,2026-10-09T05:57,1.06
eta,2026-10-09T05:58,1.06
eta,2026-10-09T05:59,1.06
eta,2026-10-09T06:00,1.05
eta,2026-10-09T06:01,1.05
eta,2026-10-09T06:02,1.06
eta,2026-10-09T06:03,1.05
eta,2026-10-09T06:04,1.06
eta,2026-10-09T06:05,1.05
eta,2026-10-09T06:06,1.06
eta,2026-10-09T06:07,1.05
eta,2026-10-09T06:08,1.05
eta,2026-10-09T06:09,1.07
eta,2026-10-09T06:10,1.06
eta,2026-10-09T06:11,1.06
eta,2026-10-09T06:12,1.06
eta,2026-10-09T06:13,1.06
eta,2026-10-09T06:14,1.06
eta,2026-10-09T06:15,1.05
eta,2026-10-09T06:16,1.05
eta,2026-10-09T06:17,1.05
eta,2026-10-09T06:18,1.05
eta,2026-10-09T06:19,1.05
eta,2026-10-09T06:20,1.06
eta,2026-10-09T06:21,1.06
eta,2026-10-09T06:22,1.04
eta,2026-10-09T06:23,1.05
eta,2026-10-09T06:24,1.06
eta,2026-10-09T06:25,1.05
eta,2026-10-09T06:26,1.05
eta,2026-10-09T06:27,1.05
eta,2026-10-09T06:28,1.05
eta,2026-10-09T06:29,1.06
eta,2026-10-09T06:30,1.05
eta,2026-10-09T06:31,1.06
eta,2026-10-09T06:32,1.05
eta,2026-10-09T06:33,1.05
eta,2026-10-09T06:34,1.05
eta,2026-10-09T06:35,1.05
eta,2026-10-09T06:36,1.05
eta,2026-10-09T06:37,1.05
eta,2026-10-09T06:38,1.05
eta,2026-10-09T06:39,1.05
eta,2026-10-09T06:40,1.05
eta,2026-10-09T06:41,1.05
eta,2026-10-09T06:42,1.05
eta,2026-10-09T06:43,1.06
eta,2026-10-09T06:44,1.05
eta,2026-10-09T06:45,1.05
eta,2026-10-09T06:46,1.05
eta,2026-10-09T06:47,1.05
eta,2026-10-09T06:48,1.05
eta,2026-10-09T06:49,1.05
eta,2026-10-09T06:50,1.05
eta,2026-10-09T06:51,1.05
eta,2026-10-09T06:52,1.05
eta,2026-10-09T06:53,1.05
eta,2026-10-09T06:54,1.05
eta,2026-10-09T06:55,1.05
eta,2026-10-09T06:56,1.05
eta,2026-10-09T06:57,1.05
eta,2026-10-09T06:58,1.05
eta,2026-10-09T06:59,1.05
eta,2026-10-09T07:00,1.05
eta,2026-10-09T07:01,1.05
eta,2026-10-09T07:02,1.05
eta,2026-10-09T07:03,1.05
eta,2026-10-09T07:04,1.05
eta,2026-10-09T07:05,1.03
eta,2026-10-09T07:06,1.05
eta,2026-10-09T07:07,1.04
eta,2026-10-09T07:08,1.05
eta,2026-10-09T07:09,1.05
eta,2026-10-09T07:10,1.05
eta,2026-10-09T07:11,1.05
eta,2026-10-09T07:12,1.04
eta,2026-10-09T07:13,1.05
eta,2026-10-09T07:14,1.05
eta,2026-10-09T07:15,1.04
eta,2026-10-09T07:16,1.04
eta,2026-10-09T07:17,1.05
eta,2026-10-09T07:18,1.05
eta,2026-10-09T07:19,1.05
eta,2026-10-09T07:20,1.05
eta,2026-10-09T07:21,1.04
eta,2026-10-09T07:22,1.05
eta,2026-10-09T07:23,1.04
eta,2026-10-09T07:24,1.04
eta,2026-10-09T07:25,1.04
eta,2026-10-09T07:26,1.04
eta,2026-10-09T07:27,1.04
eta,2026-10-09T07:28,1.04
eta,2026-10-09T07:29,1.05
eta,2026-10-09T07:30,1.04
eta,2026-10-09T07:31,1.04
eta,2026-10-09T07:32,1.04
eta,2026-10-09T07:33,1.02
eta,2026-10-09T07:34,1.05
eta,2026-10-09T07:35,1.04
eta,2026-10-09T07:36,1.05
eta,2026-10-09T07:37,1.04
eta,2026-10-09T07:38,1.04
eta,2026-10-09T07:39,1.04
eta,2026-10-09T07:40,1.04
eta,2026-10-09T07:41,1.04
eta,2026-10-09T07:42,1.02
eta,2026-10-09T07:43,1.04
eta,2026-10-09T07:44,1.04
eta,2026-10-09T07:45,1.03
eta,2026-10-09T07:46,1.04
eta,2026-10-09T07:47,1.07
eta,2026-10-09T07:48,1.04
eta,2026-10-09T07:49,1.04
eta,2026-10-09T07:50,1.04
eta,2026-10-09T07:51,1.04
eta,2026-10-09T07:52,1.04
eta,2026-10-09T07:53,1.03
eta,2026-10-09T07:54,1.04
eta,2026-10-09T07:55,1.03
eta,2026-10-09T07:56,1.03
eta,2026-10-09T07:57,1.04
eta,2026-10-09T07:58,1.03
eta,2026-10-09T07:59,1.04
eta,2026-10-09T08:00,1.03
eta,2026-10-09T08:01,1.04
eta,2026-10-09T08:02,1.03
eta,2026-10-09T08:03,1.03
eta,2026-10-09T08:04,1.03
eta,2026-10-09T08:05,1.03
eta,2026-10-09T08:06,1.04
eta,2026-10-09T08:07,1.03
eta,2026-10-09T08:08,1.04
eta,2026-10-09T08:09,1.03
eta,2026-10-09T08:10,1.03
eta,2026-10-09T08:11,1.03
eta,2026-10-09T08:12,1.03
eta,2026-10-09T08:13,1.04
eta,2026-10-09T08:14,1.03
eta,2026-10-09T08:15,1.03
eta,2026-10-09T08:16,1.03
eta,2026-10-09T08:17,1.03
eta,2026-10-09T08:18,1.03
eta,2026-10-09T08:19,1.05
eta,2026-10-09T08:20,1.03
eta,2026-10-09T08:21,1.04
eta,2026-10-09T08:22,1.03
eta,2026-10-09T08:23,1.03
eta,2026-10-09T08:24,1.04
eta,2026-10-09T08:25,1.03
eta,2026-10-09T08:26,1.04
eta,2026-10-09T08:27,1.03
eta,2026-10-09T08:28,1.03
eta,2026-10-09T08:29,1.02
eta,2026-10-09T08:30,1.03
eta,2026-10-09T08:31,1.03
eta,2026-10-09T08:32,1.03
eta,2026-10-09T08:33,1.02
eta,2026-10-09T08:34,1.03
eta,2026-10-09T08:35,1.03
eta,2026-10-09T08:36,1.04
eta,2026-10-09T08:37,1.03
eta,2026-10-09T08:38,1.03
eta,2026-10-09T08:39,1.03
eta,2026-10-09T08:40,1.03
eta,2026-10-09T08:41,1.03
eta,2026-10-09T08:42,1.03
eta,2026-10-09T08:43,1.03
eta,2026-10-09T08:44,1.03
eta,2026-10-09T08:45,1.03
via_verde,2026-10-09T02:48,1.02
via_verde,2026-10-09T02:49,1.03
via_verde,2026-10-09T02:50,1.03
via_verde,2026-10-09T02:51,1.03
via_verde,2026-10-09T02:52,1.03
via_verde,2026-10-09T02:53,1.03
via_verde,2026-10-09T02:54,1.03
via_verde,2026-10-09T02:55,1.03
via_verde,2026-10-09T02:56,1.03
via_verde,2026-10-09T02:57,1.03
via_verde,2026-10-09T02:58,1.03
via_verde,2026-10-09T02:59,1.03
via_verde,2026-10-09T03:00,1.02
via_verde,2026-10-09T03:01,1.02
via_verde,2026-10-09T03:02,1.03
via_verde,2026-10-09T03:03,1.02
via_verde,2026-10-09T03:04,1.02
via_verde,2026-10-09T03:05,1.02
via_verde,2026-10-09T03:06,1.02
via_verde,2026-10-09T03:07,1.03
via_verde,2026-10-09T03:08,1.03
via_verde,2026-10-09T03:09,1.02
via_verde,2026-10-09T03:10,1.03
via_verde,2026-10-09T03:11,1.03
via_verde,2026-10-09T03:12,1.02
via_verde,2026-10-09T03:13,1.02
via_verde,2026-10-09T03:14,1.03
via_verde,2026-10-09T03:15,1.03
via_verde,2026-10-09T03:16,1.02
via_verde,2026-10-09T03:17,1.02
via_verde,2026-10-09T03:18,1.03
via_verde,2026-10-09T03:19,1.03
via_verde,2026-10-09T03:20,1.02
via_verde,2026-10-09T03:21,1.03
via_verde,2026-10-09T03:22,1.01
via_verde,2026-10-09T03:23,1.02
via_verde,2026-10-09T03:24,1.03
via_verde,2026-10-09T03:25,1.02
via_verde,2026-10-09T03:26,1.02
via_verde,2026-10-09T03:27,1.02
via_verde,2026-10-09T03:28,1.02
via_verde,2026-10-09T03:29,1.01
via_verde,2026-10-09T03:30,1.02
via_verde,2026-10-09T03:31,1.02
via_verde,2026-10-09T03:32,1.02
via_verde,2026-10-09T03:33,1.02
via_verde,2026-10-09T03:34,1.02
via_verde,2026-10-09T03:35,1.02
via_verde,2026-10-09T03:36,1
via_verde,2026-10-09T03:37,1.02
via_verde,2026-10-09T03:38,1.03
via_verde,2026-10-09T03:39,1.02
via_verde,2026-10-09T03:40,1.02
via_verde,2026-10-09T03:41,1.02
via_verde,2026-10-09T03:42,1.02
via_verde,2026-10-09T03:43,1.02
via_verde,2026-10-09T03:44,1.02
via_verde,2026-10-09T03:45,1.03
via_verde,2026-10-09T03:46,1.02
via_verde,2026-10-09T03:47,1.02
via_verde,2026-10-09T03:48,1.02
via_verde,2026-10-09T03:49,1.02
via_verde,2026-10-09T03:50,1.03
via_verde,2026-10-09T03:51,1.02
via_verde,2026-10-09T03:52,1.02
via_verde,2026-10-09T03:53,1.02
via_verde,2026-10-09T03:54,1.02
via_verde,2026-10-09T03:55,1.02
via_verde,2026-10-09T03:56,1.02
via_verde,2026-10-09T03:57,1.02
via_verde,2026-10-09T03:58,1.03
via_verde,2026-10-09T03:59,1.02
via_verde,2026-10-09T04:00,1.02
via_verde,2026-10-09T04:01,1.02
via_verde,2026-10-09T04:02,1.03
via_verde,2026-10-09T04:03,1.02
via_verde,2026-10-09T04:04,1.03
via_verde,2026-10-09T04:05,1.02
via_verde,2026-10-09T04:06,1.02
via_verde,2026-10-09T04:07,1.03
via_verde,2026-10-09T04:08,1.03
via_verde,2026-10-09T04:09,1.03
via_verde,2026-10-09T04:10,1.03
via_verde,2026-10-09T04:11,1.03
via_verde,2026-10-09T04:12,1.03
via_verde,2026-10-09T04:13,1.02
via_verde,2026-10-09T04:14,1.03
via_verde,2026-10-09T04:15,1.03
via_verde,2026-10-09T04:16,1.03
via_verde,2026-10-09T04:17,1.02
via_verde,2026-10-09T04:18,1.02
via_verde,2026-10-09T04:19,1.02
via_verde,2026-10-09T04:20,1.03
via_verde,2026-10-09T04:21,1.03
via_verde,2026-10-09T04:22,1.03
via_verde,2026-10-09T04:23,1.02
via_verde,2026-10-09T04:24,1.03
via_verde,2026-10-09T04:25,1.03
via_verde,2026-10-09T04:26,1.03
via_verde,2026-10-09T04:27,1.01
via_verde,2026-10-09T04:28,1.03
via_verde,2026-10-09T04:29,1.03
via_verde,2026-10-09T04:30,1.03
via_verde,2026-10-09T04:31,1.03
via_verde,2026-10-09T04:32,1.03
via_verde,2026-10-09T04:33,1.03
via_verde,2026-10-09T04:34,1.03
via_verde,2026-10-09T04:35,1.03
via_verde,2026-10-09T04:36,1.03
via_verde,2026-10-09T04:37,1.03
via_verde,2026-10-09T04:38,1.03
via_verde,2026-10-09T04:39,1.03
via_verde,2026-10-09T04:40,1.03
via_verde,2026-10-09T04:41,1.03
via_verde,2026-10-09T04:42,1.04
via_verde,2026-10-09T04:43,1.03
via_verde,2026-10-09T04:44,1.03
via_verde,2026-10-09T04:45,1.03
via_verde,2026-10-09T04:46,1.03
via_verde,2026-10-09T04:47,1.03
via_verde,2026-10-09T04:48,1.04
via_verde,2026-10-09T04:49,1.03
via_verde,2026-10-09T04:50,1.03
via_verde,2026-10-09T04:51,1.03
via_verde,2026-10-09T04:52,1.03
via_verde,2026-10-09T04:53,1.03
via_verde,2026-10-09T04:54,1.03
via_verde,2026-10-09T04:55,1.03
via_verde,2026-10-09T04:56,1.03
via_verde,2026-10-09T04:57,1.03
via_verde,2026-10-09T04:58,1.03
via_verde,2026-10-09T04:59,1.03
via_verde,2026-10-09T05:00,1.03
via_verde,2026-10-09T05:01,1.03
via_verde,2026-10-09T05:02,1.03
via_verde,2026-10-09T05:03,1.03
via_verde,2026-10-09T05:04,1.03
via_verde,2026-10-09T05:05,1.03
via_verde,2026-10-09T05:06,1.04
via_verde,2026-10-09T05:07,1.03
via_verde,2026-10-09T05:08,1.03
via_verde,2026-10-09T05:09,1.03
via_verde,2026-10-09T05:10,1.03
via_verde,2026-10-09T05:11,1.04
via_verde,2026-10-09T05:12,1.03
via_verde,2026-10-09T05:13,1.02
via_verde,2026-10-09T05:14,1.03
via_verde,2026-10-09T05:15,1.03
via_verde,2026-10-09T05:16,1.03
via_verde,2026-10-09T05:17,1.02
via_verde,2026-10-09T05:18,1.03
via_verde,2026-10-09T05:19,1.03
via_verde,2026-10-09T05:20,1.03
via_verde,2026-10-09T05:21,1.02
via_verde,2026-10-09T05:22,1.03
via_verde,2026-10-09T05:23,1.03
via_verde,2026-10-09T05:24,1.03
via_verde,2026-10-09T05:25,1.03
via_verde,2026-10-09T05:26,1.03
via_verde,2026-10-09T05:27,1.02
via_verde,2026-10-09T05:28,1.03
via_verde,2026-10-09T05:29,1.03
via_verde,2026-10-09T05:30,1.03
via_verde,2026-10-09T05:31,1.02
via_verde,2026-10-09T05:32,1.03
via_verde,2026-10-09T05:33,1.02
via_verde,2026-10-09T05:34,1.03
via_verde,2026-10-09T05:35,1.02
via_verde,2026-10-09T05:36,1.02
via_verde,2026-10-09T05:37,1.02
via_verde,2026-10-09T05:38,1.02
via_verde,2026-10-09T05:39,1.02
via_verde,2026-10-09T05:40,1.02
via_verde,2026-10-09T05:41,1.02
via_verde,2026-10-09T05:42,1.02
via_verde,2026-10-09T05:43,1.01
via_verde,2026-10-09T05:44,1.03
via_verde,2026-10-09T05:45,1.02
via_verde,2026-10-09T05:46,1.02
via_verde,2026-10-09T05:47,1.02
via_verde,2026-10-09T05:48,1.02
via_verde,2026-10-09T05:49,1.02
via_verde,2026-10-09T05:50,1.01
via_verde,2026-10-09T05:51,1.01
via_verde,2026-10-09T05:52,1.02
via_verde,2026-10-09T05:53,1.02
via_verde,2026-10-09T05:54,1.02
via_verde,2026-10-09T05:55,1.01
via_verde,2026-10-09T05:56,1.02
via_verde,2026-10-09T05:57,1.01
via_verde,2026-10-09T05:58,1.01
via_verde,2026-10-09T05:59,1.02
via_verde,2026-10-09T06:00,1.01
via_verde,2026-10-09T06:01,1.01
via_verde,2026-10-09T06:02,0.99
via_verde,2026-10-09T06:03,1.01
via_verde,2026-10-09T06:04,1.01
via_verde,2026-10-09T06:05,1.01
via_verde,2026-10-09T06:06,1.01
via_verde,2026-10-09T06:07,1.01
via_verde,2026-10-09T06:08,1.01
via_verde,2026-10-09T06:09,1.01
via_verde,2026-10-09T06:10,1.01
via_verde,2026-10-09T06:11,1.02
via_verde,2026-10-09T06:12,1
via_verde,2026-10-09T06:13,1.01
via_verde,2026-10-09T06:14,0.99
via_verde,2026-10-09T06:15,0.99
via_verde,2026-10-09T06:16,1.01
via_verde,2026-10-09T06:17,1
via_verde,2026-10-09T06:18,1
via_verde,2026-10-09T06:19,1.01
via_verde,2026-10-09T06:20,1.01
via_verde,2026-10-09T06:21,1.01
via_verde,2026-10-09T06:22,1.02
via_verde,2026-10-09T06:23,0.99
via_verde,2026-10-09T06:24,1
via_verde,2026-10-09T06:25,1
via_verde,2026-10-09T06:26,1.01
via_verde,2026-10-09T06:27,0.99
via_verde,2026-10-09T06:28,1
via_verde,2026-10-09T06:29,1.01
via_verde,2026-10-09T06:30,0.99
via_verde,2026-10-09T06:31,1
via_verde,2026-10-09T06:32,1
via_verde,2026-10-09T06:33,0.99
via_verde,2026-10-09T06:34,1
via_verde,2026-10-09T06:35,1
via_verde,2026-10-09T06:36,1.01
via_verde,2026-10-09T06:37,1
via_verde,2026-10-09T06:38,1
via_verde,2026-10-09T06:39,1
via_verde,2026-10-09T06:40,1
via_verde,2026-10-09T06:41,1.01
via_verde,2026-10-09T06:42,1
via_verde,2026-10-09T06:43,1
via_verde,2026-10-09T06:44,1
via_verde,2026-10-09T06:45,1
via_verde,2026-10-09T06:46,0.99
via_verde,2026-10-09T06:47,1
via_verde,2026-10-09T06:48,1
via_verde,2026-10-09T06:49,0.99
via_verde,2026-10-09T06:50,0.99
via_verde,2026-10-09T06:51,0.99
via_verde,2026-10-09T06:52,0.99
via_verde,2026-10-09T06:53,1
via_verde,2026-10-09T06:54,0.99
via_verde,2026-10-09T06:55,0.99
via_verde,2026-10-09T06:56,0.99
via_verde,2026-10-09T06:57,0.99
via_verde,2026-10-09T06:58,0.99
via_verde,2026-10-09T06:59,0.99
via_verde,2026-10-09T07:00,0.99
via_verde,2026-10-09T07:01,0.98
via_verde,2026-10-09T07:02,0.99
via_verde,2026-10-09T07:03,0.99
via_verde,2026-10-09T07:04,0.99
via_verde,2026-10-09T07:05,0.99
via_verde,2026-10-09T07:06,0.99
via_verde,2026-10-09T07:07,0.99
via_verde,2026-10-09T07:08,0.98
via_verde,2026-10-09T07:09,0.99
via_verde,2026-10-09T07:10,0.99
via_verde,2026-10-09T07:11,1
via_verde,2026-10-09T07:12,0.98
via_verde,2026-10-09T07:13,0.99
via_verde,2026-10-09T07:14,0.99
via_verde,2026-10-09T07:15,0.98
via_verde,2026-10-09T07:16,0.98
via_verde,2026-10-09T07:17,0.99
via_verde,2026-10-09T07:18,0.99
via_verde,2026-10-09T07:19,0.99
via_verde,2026-10-09T07:20,0.98
via_verde,2026-10-09T07:21,0.99
via_verde,2026-10-09T07:22,0.98
via_verde,2026-10-09T07:23,0.98
via_verde,2026-10-09T07:24,0.98
via_verde,2026-10-09T07:25,0.99
via_verde,2026-10-09T07:26,0.99
via_verde,2026-10-09T07:27,0.99
via_verde,2026-10-09T07:28,0.99
via_verde,2026-10-09T07:29,0.98
via_verde,2026-10-09T07:30,0.99
via_verde,2026-10-09T07:31,0.98
via_verde,2026-10-09T07:32,0.99
via_verde,2026-10-09T07:33,0.99
via_verde,2026-10-09T07:34,0.98
via_verde,2026-10-09T07:35,0.98
via_verde,2026-10-09T07:36,1
via_verde,2026-10-09T07:37,0.99
via_verde,2026-10-09T07:38,0.99
via_verde,2026-10-09T07:39,0.99
via_verde,2026-10-09T07:40,0.98
via_verde,2026-10-09T07:41,0.99
via_verde,2026-10-09T07:42,0.98
via_verde,2026-10-09T07:43,0.98
via_verde,2026-10-09T07:44,0.98
via_verde,2026-10-09T07:45,0.98
via_verde,2026-10-09T07:46,0.98
via_verde,2026-10-09T07:47,0.98
via_verde,2026-10-09T07:48,0.98
via_verde,2026-10-09T07:49,0.97
via_verde,2026-10-09T07:50,0.98
via_verde,2026-10-09T07:51,0.98
via_verde,2026-10-09T07:52,0.98
via_verde,2026-10-09T07:53,0.98
via_verde,2026-10-09T07:54,0.98
via_verde,2026-10-09T07:55,0.98
via_verde,2026-10-09T07:56,0.98
via_verde,2026-10-09T07:57,0.98
via_verde,2026-10-09T07:58,0.98
via_verde,2026-10-09T07:59,0.98
via_verde,2026-10-09T08:00,0.98
via_verde,2026-10-09T08:01,0.98
via_verde,2026-10-09T08:02,0.98
via_verde,2026-10-09T08:03,0.98
via_verde,2026-10-09T08:04,0.97
via_verde,2026-10-09T08:05,0.98
via_verde,2026-10-09T08:06,0.98
via_verde,2026-10-09T08:07,0.98
via_verde,2026-10-09T08:08,0.98
via_verde,2026-10-09T08:09,0.98
via_verde,2026-10-09T08:10,0.98
via_verde,2026-10-09T08:11,0.98
via_verde,2026-10-09T08:12,0.98
via_verde,2026-10-09T08:13,0.98
via_verde,2026-10-09T08:14,0.98
via_verde,2026-10-09T08:15,0.98
via_verde,2026-10-09T08:16,0.98
via_verde,2026-10-09T08:17,0.98
via_verde,2026-10-09T08:18,0.98
via_verde,2026-10-09T08:19,0.98
via_verde,2026-10-09T08:20,0.97
via_verde,2026-10-09T08:21,0.98
via_verde,2026-10-09T08:22,0.97
via_verde,2026-10-09T08:23,0.98
via_verde,2026-10-09T08:24,0.97
via_verde,2026-10-09T08:25,0.97
via_verde,2026-10-09T08:26,0.98
via_verde,2026-10-09T08:27,0.98
via_verde,2026-10-09T08:28,0.97
via_verde,2026-10-09T08:29,0.97
via_verde,2026-10-09T08:30,0.97
via_verde,2026-10-09T08:31,0.98
via_verde,2026-10-09T08:32,0.98
via_verde,2026-10-09T08:33,0.98
via_verde,2026-10-09T08:34,0.97
via_verde,2026-10-09T08:35,0.97
via_verde,2026-10-09T08:36,0.97
via_verde,2026-10-09T08:37,0.96
via_verde,2026-10-09T08:38,0.97
via_verde,2026-10-09T08:39,0.98
via_verde,2026-10-09T08:40,0.97
via_verde,2026-10-09T08:41,0.97
via_verde,2026-10-09T08:42,0.97
via_verde,2026-10-09T08:43,0.98
via_verde,2026-10-09T08:44,0.97
via_verde,2026-10-09T08:45,0.97
corupa,2026-10-09T08:46,0.66
nereu,2026-10-09T08:46,0.76
eta,2026-10-09T08:46,1.03
via_verde,2026-10-09T08:46,0.97
corupa,2026-10-09T08:47,0.66
corupa,2026-10-09T08:48,0.66
corupa,2026-10-09T08:49,0.66
corupa,2026-10-09T08:50,0.66
corupa,2026-10-09T08:51,0.67
corupa,2026-10-09T08:52,0.67
corupa,2026-10-09T08:53,0.66
corupa,2026-10-09T08:54,0.66
corupa,2026-10-09T08:55,0.67
corupa,2026-10-09T08:56,0.67
nereu,2026-10-09T08:47,0.76
nereu,2026-10-09T08:48,0.76
nereu,2026-10-09T08:49,0.76
nereu,2026-10-09T08:50,0.76
nereu,2026-10-09T08:51,0.76
nereu,2026-10-09T08:52,0.75
nereu,2026-10-09T08:53,0.75
nereu,2026-10-09T08:54,0.75
nereu,2026-10-09T08:55,0.75
nereu,2026-10-09T08:56,0.75
eta,2026-10-09T08:47,1.03
eta,2026-10-09T08:48,1.03
eta,2026-10-09T08:49,1.03
eta,2026-10-09T08:50,1.03
eta,2026-10-09T08:51,1.03
eta,2026-10-09T08:52,1.03
eta,2026-10-09T08:53,1.03
eta,2026-10-09T08:54,1.03
eta,2026-10-09T08:55,1.03
eta,2026-10-09T08:56,1.03
via_verde,2026-10-09T08:47,0.97
via_verde,2026-10-09T08:48,0.97
via_verde,2026-10-09T08:49,0.96
via_verde,2026-10-09T08:50,0.97
via_verde,2026-10-09T08:51,0.96
via_verde,2026-10-09T08:52,0.97
via_verde,2026-10-09T08:53,0.96
via_verde,2026-10-09T08:54,0.97
via_verde,2026-10-09T08:55,0.97
via_verde,2026-10-09T08:56,0.97
corupa,2026-10-09T08:57,0.67
corupa,2026-10-09T08:58,0.67
nereu,2026-10-09T08:57,0.75
nereu,2026-10-09T08:58,0.76
eta,2026-10-09T08:57,1.03
eta,2026-10-09T08:58,1.03
via_verde,2026-10-09T08:57,0.96
via_verde,2026-10-09T08:58,0.97
corupa,2026-10-09T08:59,0.67
corupa,2026-10-09T09:00,0.67
corupa,2026-10-09T09:01,0.68
corupa,2026-10-09T09:02,0.68
corupa,2026-10-09T09:03,0.66
corupa,2026-10-09T09:04,0.66
corupa,2026-10-09T09:05,0.66
corupa,2026-10-09T09:06,0.66
nereu,2026-10-09T08:59,0.75
nereu,2026-10-09T09:00,0.75
nereu,2026-10-09T09:01,0.75
nereu,2026-10-09T09:02,0.76
nereu,2026-10-09T09:03,0.75
nereu,2026-10-09T09:04,0.75
nereu,2026-10-09T09:05,0.75
nereu,2026-10-09T09:06,0.75
eta,2026-10-09T08:59,1.02
eta,2026-10-09T09:00,1.03
eta,2026-10-09T09:01,1.03
eta,2026-10-09T09:02,1.03
eta,2026-10-09T09:03,1.03
eta,2026-10-09T09:04,1.02
eta,2026-10-09T09:05,1.02
eta,2026-10-09T09:06,1.03
via_verde,2026-10-09T08:59,0.97
via_verde,2026-10-09T09:00,0.97
via_verde,2026-10-09T09:01,0.96
via_verde,2026-10-09T09:02,0.97
via_verde,2026-10-09T09:03,0.97
via_verde,2026-10-09T09:04,0.97
via_verde,2026-10-09T09:05,0.96
via_verde,2026-10-09T09:06,0.97
corupa,2026-10-09T09:07,0.66
corupa,2026-10-09T09:08,0.66
corupa,2026-10-09T09:09,0.66
corupa,2026-10-09T09:10,0.67
corupa,2026-10-09T09:11,0.67
corupa,2026-10-09T09:12,0.67
corupa,2026-10-09T09:13,0.67
corupa,2026-10-09T09:14,0.67
corupa,2026-10-09T09:15,0.67
corupa,2026-10-09T09:16,0.66
nereu,2026-10-09T09:07,0.75
nereu,2026-10-09T09:08,0.75
nereu,2026-10-09T09:09,0.75
nereu,2026-10-09T09:10,0.75
nereu,2026-10-09T09:11,0.75
nereu,2026-10-09T09:12,0.75
nereu,2026-10-09T09:13,0.75
nereu,2026-10-09T09:14,0.75
nereu,2026-10-09T09:15,0.75
nereu,2026-10-09T09:16,0.75
eta,2026-10-09T09:07,1.03
eta,2026-10-09T09:08,1.03
eta,2026-10-09T09:09,1.03
eta,2026-10-09T09:10,1.03
eta,2026-10-09T09:11,1.03
eta,2026-10-09T09:12,1.02
eta,2026-10-09T09:13,1.02
eta,2026-10-09T09:14,1.03
eta,2026-10-09T09:15,1.01
eta,2026-10-09T09:16,1.02
via_verde,2026-10-09T09:07,0.97
via_verde,2026-10-09T09:08,0.97
via_verde,2026-10-09T09:09,0.97
via_verde,2026-10-09T09:10,0.96
via_verde,2026-10-09T09:11,0.96
via_verde,2026-10-09T09:12,0.96
via_verde,2026-10-09T09:13,0.96
via_verde,2026-10-09T09:14,0.97
via_verde,2026-10-09T09:15,0.97
via_verde,2026-10-09T09:16,0.97
corupa,2026-10-09T09:17,0.66
corupa,2026-10-09T09:18,0.68
corupa,2026-10-09T09:19,0.68
corupa,2026-10-09T09:20,0.68
corupa,2026-10-09T09:21,0.68
corupa,2026-10-09T09:22,0.66
corupa,2026-10-09T09:23,0.66
corupa,2026-10-09T09:24,0.66
corupa,2026-10-09T09:25,0.67
corupa,2026-10-09T09:26,0.67
nereu,2026-10-09T09:17,0.75
nereu,2026-10-09T09:18,0.75
nereu,2026-10-09T09:19,0.76
nereu,2026-10-09T09:20,0.75
nereu,2026-10-09T09:21,0.74
nereu,2026-10-09T09:22,0.75
nereu,2026-10-09T09:23,0.75
nereu,2026-10-09T09:24,0.75
nereu,2026-10-09T09:25,0.75
nereu,2026-10-09T09:26,0.75
eta,2026-10-09T09:17,1.02
eta,2026-10-09T09:18,1.03
eta,2026-10-09T09:19,1.02
eta,2026-10-09T09:20,1.03
eta,2026-10-09T09:21,1.02
eta,2026-10-09T09:22,1.02
eta,2026-10-09T09:23,1.02
eta,2026-10-09T09:24,1.03
eta,2026-10-09T09:25,1.03
eta,2026-10-09T09:26,1.02
via_verde,2026-10-09T09:17,0.96
via_verde,2026-10-09T09:18,0.96
via_verde,2026-10-09T09:19,0.97
via_verde,2026-10-09T09:20,0.96
via_verde,2026-10-09T09:21,0.96
via_verde,2026-10-09T09:22,0.96
via_verde,2026-10-09T09:23,0.96
via_verde,2026-10-09T09:24,0.95
via_verde,2026-10-09T09:25,0.96
via_verde,2026-10-09T09:26,0.96
corupa,2026-10-09T09:27,0.66
corupa,2026-10-09T09:28,0.66
corupa,2026-10-09T09:29,0.66
corupa,2026-10-09T09:30,0.66
corupa,2026-10-09T09:31,0.66
corupa,2026-10-09T09:32,0.65
corupa,2026-10-09T09:33,0.65
corupa,2026-10-09T09:34,0.66
corupa,2026-10-09T09:35,0.66
corupa,2026-10-09T09:36,0.67
nereu,2026-10-09T09:27,0.75
nereu,2026-10-09T09:28,0.75
nereu,2026-10-09T09:29,0.75
nereu,2026-10-09T09:30,0.75
nereu,2026-10-09T09:31,0.75
nereu,2026-10-09T09:32,0.75
nereu,2026-10-09T09:33,0.75
nereu,2026-10-09T09:34,0.74
nereu,2026-10-09T09:35,0.75
nereu,2026-10-09T09:36,0.75
eta,2026-10-09T09:27,1.01
eta,2026-10-09T09:28,1.02
eta,2026-10-09T09:29,1.02
eta,2026-10-09T09:30,1.03
eta,2026-10-09T09:31,1.02
eta,2026-10-09T09:32,1.03
eta,2026-10-09T09:33,1.02
eta,2026-10-09T09:34,1.03
eta,2026-10-09T09:35,1.02
eta,2026-10-09T09:36,1.02
via_verde,2026-10-09T09:27,0.95
via_verde,2026-10-09T09:28,0.97
via_verde,2026-10-09T09:29,0.95
via_verde,2026-10-09T09:30,0.96
via_verde,2026-10-09T09:31,0.96
via_verde,2026-10-09T09:32,0.96
via_verde,2026-10-09T09:33,0.96
via_verde,2026-10-09T09:34,0.96
via_verde,2026-10-09T09:35,0.95
via_verde,2026-10-09T09:36,0.96
corupa,2026-10-09T09:37,0.67
corupa,2026-10-09T09:38,0.66
corupa,2026-10-09T09:39,0.66
corupa,2026-10-09T09:40,0.66
corupa,2026-10-09T09:41,0.66
corupa,2026-10-09T09:42,0.65
corupa,2026-10-09T09:43,0.65
corupa,2026-10-09T09:44,0.64
corupa,2026-10-09T09:45,0.64
corupa,2026-10-09T09:46,0.64
nereu,2026-10-09T09:37,0.75
nereu,2026-10-09T09:38,0.75
nereu,2026-10-09T09:39,0.74
nereu,2026-10-09T09:40,0.75
nereu,2026-10-09T09:41,0.75
nereu,2026-10-09T09:42,0.75
nereu,2026-10-09T09:43,0.75
nereu,2026-10-09T09:44,0.75
nereu,2026-10-09T09:45,0.75
nereu,2026-10-09T09:46,0.75
eta,2026-10-09T09:37,1.02
eta,2026-10-09T09:38,1.02
eta,2026-10-09T09:39,1.02
eta,2026-10-09T09:40,1.02
eta,2026-10-09T09:41,1.03
eta,2026-10-09T09:42,1.02
eta,2026-10-09T09:43,1.02
eta,2026-10-09T09:44,1.02
eta,2026-10-09T09:45,1.02
eta,2026-10-09T09:46,1.03
via_verde,2026-10-09T09:37,0.95
via_verde,2026-10-09T09:38,0.96
via_verde,2026-10-09T09:39,0.96
via_verde,2026-10-09T09:40,0.96
via_verde,2026-10-09T09:41,0.96
via_verde,2026-10-09T09:42,0.96
via_verde,2026-10-09T09:43,0.96
via_verde,2026-10-09T09:44,0.96
via_verde,2026-10-09T09:45,0.95
via_verde,2026-10-09T09:46,0.95
corupa,2026-10-09T09:47,0.64
corupa,2026-10-09T09:48,0.66
corupa,2026-10-09T09:49,0.66
corupa,2026-10-09T09:50,0.64
corupa,2026-10-09T09:51,0.66
nereu,2026-10-09T09:47,0.75
nereu,2026-10-09T09:48,0.75
nereu,2026-10-09T09:49,0.75
nereu,2026-10-09T09:50,0.75
nereu,2026-10-09T09:51,0.75
eta,2026-10-09T09:47,1.02
eta,2026-10-09T09:48,1.02
eta,2026-10-09T09:49,1.02
eta,2026-10-09T09:50,1.03
eta,2026-10-09T09:51,1.02
via_verde,2026-10-09T09:47,0.96
via_verde,2026-10-09T09:48,0.96
via_verde,2026-10-09T09:49,0.96
via_verde,2026-10-09T09:50,0.96
via_verde,2026-10-09T09:51,0.96
corupa,2026-10-09T09:52,0.66
corupa,2026-10-09T09:53,0.66
corupa,2026-10-09T09:54,0.66
corupa,2026-10-09T09:55,0.65
corupa,2026-10-09T09:56,0.65
corupa,2026-10-09T09:57,0.65
corupa,2026-10-09T09:58,0.65
corupa,2026-10-09T09:59,0.67
corupa,2026-10-09T10:00,0.67
corupa,2026-10-09T10:01,0.65
nereu,2026-10-09T09:52,0.75
nereu,2026-10-09T09:53,0.75
nereu,2026-10-09T09:54,0.75
nereu,2026-10-09T09:55,0.75
nereu,2026-10-09T09:56,0.75
nereu,2026-10-09T09:57,0.75
nereu,2026-10-09T09:58,0.75
nereu,2026-10-09T09:59,0.75
nereu,2026-10-09T10:00,0.75
nereu,2026-10-09T10:01,0.75
eta,2026-10-09T09:52,1.02
eta,2026-10-09T09:53,1.03
eta,2026-10-09T09:54,1.03
eta,2026-10-09T09:55,1.02
eta,2026-10-09T09:56,1.03
eta,2026-10-09T09:57,1.02
eta,2026-10-09T09:58,1.03
eta,2026-10-09T09:59,1.02
eta,2026-10-09T10:00,1.03
eta,2026-10-09T10:01,1.02
via_verde,2026-10-09T09:52,0.96
via_verde,2026-10-09T09:53,0.96
via_verde,2026-10-09T09:54,0.96
via_verde,2026-10-09T09:55,0.96
via_verde,2026-10-09T09:56,0.96
via_verde,2026-10-09T09:57,0.95
via_verde,2026-10-09T09:58,0.96
via_verde,2026-10-09T09:59,0.95
via_verde,2026-10-09T10:00,0.95
via_verde,2026-10-09T10:01,0.96
corupa,2026-10-09T10:02,0.65
corupa,2026-10-09T10:03,0.66
corupa,2026-10-09T10:04,0.66
corupa,2026-10-09T10:05,0.65
corupa,2026-10-09T10:06,0.65
nereu,2026-10-09T10:02,0.75
nereu,2026-10-09T10:03,0.75
nereu,2026-10-09T10:04,0.75
nereu,2026-10-09T10:05,0.75
nereu,2026-10-09T10:06,0.75
eta,2026-10-09T10:02,1.02
eta,2026-10-09T10:03,1.03
eta,2026-10-09T10:04,1.02
eta,2026-10-09T10:05,1.03
eta,2026-10-09T10:06,1.03
via_verde,2026-10-09T10:02,0.95
via_verde,2026-10-09T10:03,0.95
via_verde,2026-10-09T10:04,0.95
via_verde,2026-10-09T10:05,0.96
via_verde,2026-10-09T10:06,0.96
corupa,2026-10-09T10:07,0.66
corupa,2026-10-09T10:08,0.66
corupa,2026-10-09T10:09,0.66
corupa,2026-10-09T10:10,0.66
corupa,2026-10-09T10:11,0.66
corupa,2026-10-09T10:12,0.65
corupa,2026-10-09T10:13,0.65
corupa,2026-10-09T10:14,0.65
corupa,2026-10-09T10:15,0.65
corupa,2026-10-09T10:16,0.66
nereu,2026-10-09T10:07,0.75
nereu,2026-10-09T10:08,0.75
nereu,2026-10-09T10:09,0.75
nereu,2026-10-09T10:10,0.75
nereu,2026-10-09T10:11,0.75
nereu,2026-10-09T10:12,0.74
nereu,2026-10-09T10:13,0.74
nereu,2026-10-09T10:14,0.75
nereu,2026-10-09T10:15,0.74
nereu,2026-10-09T10:16,0.74
eta,2026-10-09T10:07,1.03
eta,2026-10-09T10:08,1.03
eta,2026-10-09T10:09,1.03
eta,2026-10-09T10:10,1.03
eta,2026-10-09T10:11,1.02
eta,2026-10-09T10:12,1.02
eta,2026-10-09T10:13,1.02
eta,2026-10-09T10:14,1.03
eta,2026-10-09T10:15,1.02
eta,2026-10-09T10:16,1.03
via_verde,2026-10-09T10:07,0.95
via_verde,2026-10-09T10:08,0.94
via_verde,2026-10-09T10:09,0.95
via_verde,2026-10-09T10:10,0.94
via_verde,2026-10-09T10:11,0.95
via_verde,2026-10-09T10:12,0.93
via_verde,2026-10-09T10:13,0.96
via_verde,2026-10-09T10:14,0.94
via_verde,2026-10-09T10:15,0.95
via_verde,2026-10-09T10:16,0.95
corupa,2026-10-09T10:17,0.66
corupa,2026-10-09T10:18,0.64
corupa,2026-10-09T10:19,0.65
corupa,2026-10-09T10:20,0.65
corupa,2026-10-09T10:21,0.63
nereu,2026-10-09T10:17,0.74
nereu,2026-10-09T10:18,0.74
nereu,2026-10-09T10:19,0.74
nereu,2026-10-09T10:20,0.74
nereu,2026-10-09T10:21,0.74
eta,2026-10-09T10:17,1.03
eta,2026-10-09T10:18,1.02
eta,2026-10-09T10:19,1.02
eta,2026-10-09T10:20,1.02
eta,2026-10-09T10:21,1.03
via_verde,2026-10-09T10:17,0.95
via_verde,2026-10-09T10:18,0.95
via_verde,2026-10-09T10:19,0.94
via_verde,2026-10-09T10:20,0.95
via_verde,2026-10-09T10:21,0.95
corupa,2026-10-09T10:22,0.63
corupa,2026-10-09T10:23,0.66
corupa,2026-10-09T10:24,0.66
corupa,2026-10-09T10:25,0.64
corupa,2026-10-09T10:26,0.64
corupa,2026-10-09T10:27,0.64
corupa,2026-10-09T10:28,0.64
corupa,2026-10-09T10:29,0.65
corupa,2026-10-09T10:30,0.65
corupa,2026-10-09T10:31,0.66
corupa,2026-10-09T10:32,0.66
nereu,2026-10-09T10:22,0.74
nereu,2026-10-09T10:23,0.74
nereu,2026-10-09T10:24,0.74
nereu,2026-10-09T10:25,0.74
nereu,2026-10-09T10:26,0.74
nereu,2026-10-09T10:27,0.74
nereu,2026-10-09T10:28,0.74
nereu,2026-10-09T10:29,0.74
nereu,2026-10-09T10:30,0.74
nereu,2026-10-09T10:31,0.74
nereu,2026-10-09T10:32,0.74
eta,2026-10-09T10:22,1.02
eta,2026-10-09T10:23,1.02
eta,2026-10-09T10:24,1.02
eta,2026-10-09T10:25,1.02
eta,2026-10-09T10:26,1.03
eta,2026-10-09T10:27,1.02
eta,2026-10-09T10:28,1.02
eta,2026-10-09T10:29,1.02
eta,2026-10-09T10:30,1.02
eta,2026-10-09T10:31,1.03
eta,2026-10-09T10:32,1.02
via_verde,2026-10-09T10:22,0.95
via_verde,2026-10-09T10:23,0.95
via_verde,2026-10-09T10:24,0.95
via_verde,2026-10-09T10:25,0.95
via_verde,2026-10-09T10:26,0.95
via_verde,2026-10-09T10:27,0.95
via_verde,2026-10-09T10:28,0.93
via_verde,2026-10-09T10:29,0.95
via_verde,2026-10-09T10:30,0.94
via_verde,2026-10-09T10:31,0.94
via_verde,2026-10-09T10:32,0.94
corupa,2026-10-09T10:33,0.66
corupa,2026-10-09T10:34,0.66
corupa,2026-10-09T10:35,0.65
corupa,2026-10-09T10:36,0.66
corupa,2026-10-09T10:37,0.66
corupa,2026-10-09T10:38,0.65
corupa,2026-10-09T10:39,0.65
corupa,2026-10-09T10:40,0.66
corupa,2026-10-09T10:41,0.66
corupa,2026-10-09T10:42,0.64
nereu,2026-10-09T10:33,0.74
nereu,2026-10-09T10:34,0.74
nereu,2026-10-09T10:35,0.74
nereu,2026-10-09T10:36,0.74
nereu,2026-10-09T10:37,0.74
nereu,2026-10-09T10:38,0.74
nereu,2026-10-09T10:39,0.74
nereu,2026-10-09T10:40,0.74
nereu,2026-10-09T10:41,0.74
nereu,2026-10-09T10:42,0.74
eta,2026-10-09T10:33,1.02
eta,2026-10-09T10:34,1.02
eta,2026-10-09T10:35,1.02
eta,2026-10-09T10:36,1.02
eta,2026-10-09T10:37,1.02
eta,2026-10-09T10:38,1.02
eta,2026-10-09T10:39,1.02
eta,2026-10-09T10:40,1.02
eta,2026-10-09T10:41,1.02
eta,2026-10-09T10:42,1.02
via_verde,2026-10-09T10:33,0.93
via_verde,2026-10-09T10:34,0.95
via_verde,2026-10-09T10:35,0.94
via_verde,2026-10-09T10:36,0.94
via_verde,2026-10-09T10:37,0.94
via_verde,2026-10-09T10:38,0.94
via_verde,2026-10-09T10:39,0.93
via_verde,2026-10-09T10:40,0.93
via_verde,2026-10-09T10:41,0.93
via_verde,2026-10-09T10:42,0.96
corupa,2026-10-09T10:43,0.64
corupa,2026-10-09T10:44,0.65
corupa,2026-10-09T10:45,0.64
corupa,2026-10-09T10:46,0.64
corupa,2026-10-09T10:47,0.65
corupa,2026-10-09T10:48,0.65
corupa,2026-10-09T10:49,0.64
corupa,2026-10-09T10:50,0.64
corupa,2026-10-09T10:51,0.66
corupa,2026-10-09T10:52,0.64
nereu,2026-10-09T10:43,0.74
nereu,2026-10-09T10:44,0.74
nereu,2026-10-09T10:45,0.74
nereu,2026-10-09T10:46,0.74
nereu,2026-10-09T10:47,0.74
nereu,2026-10-09T10:48,0.74
nereu,2026-10-09T10:49,0.74
nereu,2026-10-09T10:50,0.74
nereu,2026-10-09T10:51,0.74
nereu,2026-10-09T10:52,0.74
eta,2026-10-09T10:43,1.02
eta,2026-10-09T10:44,1.02
eta,2026-10-09T10:45,1.02
eta,2026-10-09T10:46,1.02
eta,2026-10-09T10:47,1.02
eta,2026-10-09T10:48,1.02
eta,2026-10-09T10:49,1.02
eta,2026-10-09T10:50,1.02
eta,2026-10-09T10:51,1.02
eta,2026-10-09T10:52,1.02
via_verde,2026-10-09T10:43,0.93
via_verde,2026-10-09T10:44,0.93
via_verde,2026-10-09T10:45,0.94
via_verde,2026-10-09T10:46,0.94
via_verde,2026-10-09T10:47,0.93
via_verde,2026-10-09T10:48,0.94
via_verde,2026-10-09T10:49,0.94
via_verde,2026-10-09T10:50,0.94
via_verde,2026-10-09T10:51,0.94
via_verde,2026-10-09T10:52,0.95
corupa,2026-10-09T10:53,0.64
corupa,2026-10-09T10:54,0.65
corupa,2026-10-09T10:55,0.65
corupa,2026-10-09T10:56,0.65
corupa,2026-10-09T10:57,0.65
corupa,2026-10-09T10:58,0.65
corupa,2026-10-09T10:59,0.64
corupa,2026-10-09T11:00,0.64
corupa,2026-10-09T11:01,0.65
nereu,2026-10-09T10:53,0.74
nereu,2026-10-09T10:54,0.74
nereu,2026-10-09T10:55,0.74
nereu,2026-10-09T10:56,0.74
nereu,2026-10-09T10:57,0.74
nereu,2026-10-09T10:58,0.74
nereu,2026-10-09T10:59,0.75
nereu,2026-10-09T11:00,0.75
nereu,2026-10-09T11:01,0.74
eta,2026-10-09T10:53,1
eta,2026-10-09T10:54,1.02
eta,2026-10-09T10:55,1.02
eta,2026-10-09T10:56,1.02
eta,2026-10-09T10:57,1.02
eta,2026-10-09T10:58,1.02
eta,2026-10-09T10:59,1.02
eta,2026-10-09T11:00,1.01
eta,2026-10-09T11:01,1.01
via_verde,2026-10-09T10:53,0.94
via_verde,2026-10-09T10:54,0.95
via_verde,2026-10-09T10:55,0.94
via_verde,2026-10-09T10:56,0.94
via_verde,2026-10-09T10:57,0.94
via_verde,2026-10-09T10:58,0.94
via_verde,2026-10-09T10:59,0.94
via_verde,2026-10-09T11:00,0.93
via_verde,2026-10-09T11:01,0.95
corupa,2026-10-09T11:02,0.65
corupa,2026-10-09T11:03,0.64
corupa,2026-10-09T11:04,0.64
corupa,2026-10-09T11:05,0.65
corupa,2026-10-09T11:06,0.65
nereu,2026-10-09T11:02,0.74
nereu,2026-10-09T11:03,0.74
nereu,2026-10-09T11:04,0.74
nereu,2026-10-09T11:05,0.74
nereu,2026-10-09T11:06,0.74
eta,2026-10-09T11:02,1.01
eta,2026-10-09T11:03,1.01
eta,2026-10-09T11:04,1.01
eta,2026-10-09T11:05,1.02
eta,2026-10-09T11:06,1.01
via_verde,2026-10-09T11:02,0.95
via_verde,2026-10-09T11:03,0.93
via_verde,2026-10-09T11:04,0.94
via_verde,2026-10-09T11:05,0.95
via_verde,2026-10-09T11:06,0.95
corupa,2026-10-09T11:07,0.64
corupa,2026-10-09T11:08,0.65
corupa,2026-10-09T11:09,0.65
corupa,2026-10-09T11:10,0.64
corupa,2026-10-09T11:11,0.64
corupa,2026-10-09T11:12,0.65
corupa,2026-10-09T11:13,0.65
corupa,2026-10-09T11:14,0.65
corupa,2026-10-09T11:15,0.63
corupa,2026-10-09T11:16,0.63
nereu,2026-10-09T11:07,0.74
nereu,2026-10-09T11:08,0.74
nereu,2026-10-09T11:09,0.74
nereu,2026-10-09T11:10,0.74
nereu,2026-10-09T11:11,0.75
nereu,2026-10-09T11:12,0.74
nereu,2026-10-09T11:13,0.75
nereu,2026-10-09T11:14,0.75
nereu,2026-10-09T11:15,0.74
nereu,2026-10-09T11:16,0.74
eta,2026-10-09T11:07,1.02
eta,2026-10-09T11:08,1.01
eta,2026-10-09T11:09,1.02
eta,2026-10-09T11:10,1.01
eta,2026-10-09T11:11,1.01
eta,2026-10-09T11:12,1.02
eta,2026-10-09T11:13,1.01
eta,2026-10-09T11:14,1.01
eta,2026-10-09T11:15,1.01
eta,2026-10-09T11:16,1.01
via_verde,2026-10-09T11:07,0.95
via_verde,2026-10-09T11:08,0.95
via_verde,2026-10-09T11:09,0.93
via_verde,2026-10-09T11:10,0.94
via_verde,2026-10-09T11:11,0.93
via_verde,2026-10-09T11:12,0.95
via_verde,2026-10-09T11:13,0.95
via_verde,2026-10-09T11:14,0.96
via_verde,2026-10-09T11:15,0.94
via_verde,2026-10-09T11:16,0.95
corupa,2026-10-09T11:17,0.64
corupa,2026-10-09T11:18,0.64
corupa,2026-10-09T11:19,0.65
corupa,2026-10-09T11:20,0.65
corupa,2026-10-09T11:21,0.65
corupa,2026-10-09T11:22,0.64
corupa,2026-10-09T11:23,0.64
corupa,2026-10-09T11:24,0.62
corupa,2026-10-09T11:25,0.62
corupa,2026-10-09T11:26,0.63
nereu,2026-10-09T11:17,0.74
nereu,2026-10-09T11:18,0.74
nereu,2026-10-09T11:19,0.74
nereu,2026-10-09T11:20,0.74
nereu,2026-10-09T11:21,0.74
nereu,2026-10-09T11:22,0.74
nereu,2026-10-09T11:23,0.74
nereu,2026-10-09T11:24,0.74
nereu,2026-10-09T11:25,0.74
nereu,2026-10-09T11:26,0.73
eta,2026-10-09T11:17,1.01
eta,2026-10-09T11:18,1.01
eta,2026-10-09T11:19,1.01
eta,2026-10-09T11:20,1.01
eta,2026-10-09T11:21,1.01
eta,2026-10-09T11:22,1.01
eta,2026-10-09T11:23,1.01
eta,2026-10-09T11:24,1.01
eta,2026-10-09T11:25,1.01
eta,2026-10-09T11:26,1.01
via_verde,2026-10-09T11:17,0.95
via_verde,2026-10-09T11:18,0.95
via_verde,2026-10-09T11:19,0.94
via_verde,2026-10-09T11:20,0.93
via_verde,2026-10-09T11:21,0.94
via_verde,2026-10-09T11:22,0.94
via_verde,2026-10-09T11:23,0.94
via_verde,2026-10-09T11:24,0.95
via_verde,2026-10-09T11:25,0.93
via_verde,2026-10-09T11:26,0.94
corupa,2026-10-09T11:27,0.63
corupa,2026-10-09T11:28,0.64
corupa,2026-10-09T11:29,0.65
corupa,2026-10-09T11:30,0.65
corupa,2026-10-09T11:31,0.66
corupa,2026-10-09T11:32,0.66
corupa,2026-10-09T11:33,0.64
corupa,2026-10-09T11:34,0.64
corupa,2026-10-09T11:35,0.61
corupa,2026-10-09T11:36,0.64
nereu,2026-10-09T11:27,0.73
nereu,2026-10-09T11:28,0.74
nereu,2026-10-09T11:29,0.73
nereu,2026-10-09T11:30,0.73
nereu,2026-10-09T11:31,0.74
nereu,2026-10-09T11:32,0.73
nereu,2026-10-09T11:33,0.73
nereu,2026-10-09T11:34,0.73
nereu,2026-10-09T11:35,0.74
nereu,2026-10-09T11:36,0.74
eta,2026-10-09T11:27,1.01
eta,2026-10-09T11:28,1.01
eta,2026-10-09T11:29,1.01
eta,2026-10-09T11:30,1.02
eta,2026-10-09T11:31,1.01
eta,2026-10-09T11:32,1
eta,2026-10-09T11:33,1.01
eta,2026-10-09T11:34,1.01
eta,2026-10-09T11:35,1.01
eta,2026-10-09T11:36,1.01
via_verde,2026-10-09T11:27,0.94
via_verde,2026-10-09T11:28,0.91
via_verde,2026-10-09T11:29,0.93
via_verde,2026-10-09T11:30,0.94
via_verde,2026-10-09T11:31,0.94
via_verde,2026-10-09T11:32,0.95
via_verde,2026-10-09T11:33,0.94
via_verde,2026-10-09T11:34,0.94
via_verde,2026-10-09T11:35,0.93
via_verde,2026-10-09T11:36,0.94
corupa,2026-10-09T11:37,0.64
corupa,2026-10-09T11:38,0.64
corupa,2026-10-09T11:39,0.64
corupa,2026-10-09T11:40,0.64
corupa,2026-10-09T11:41,0.64
corupa,2026-10-09T11:42,0.64
corupa,2026-10-09T11:43,0.64
corupa,2026-10-09T11:44,0.64
corupa,2026-10-09T11:45,0.64
corupa,2026-10-09T11:46,0.65
nereu,2026-10-09T11:37,0.73
nereu,2026-10-09T11:38,0.73
nereu,2026-10-09T11:39,0.73
nereu,2026-10-09T11:40,0.73
nereu,2026-10-09T11:41,0.74
nereu,2026-10-09T11:42,0.73
nereu,2026-10-09T11:43,0.73
nereu,2026-10-09T11:44,0.73
nereu,2026-10-09T11:45,0.73
nereu,2026-10-09T11:46,0.73
eta,2026-10-09T11:37,1.01
eta,2026-10-09T11:38,1
eta,2026-10-09T11:39,1
eta,2026-10-09T11:40,1.01
eta,2026-10-09T11:41,1.01
eta,2026-10-09T11:42,1.01
eta,2026-10-09T11:43,1.01
eta,2026-10-09T11:44,1.01
eta,2026-10-09T11:45,1.01
eta,2026-10-09T11:46,1
via_verde,2026-10-09T11:37,0.93
via_verde,2026-10-09T11:38,0.95
via_verde,2026-10-09T11:39,0.94
via_verde,2026-10-09T11:40,0.93
via_verde,2026-10-09T11:41,0.93
via_verde,2026-10-09T11:42,0.93
via_verde,2026-10-09T11:43,0.94
via_verde,2026-10-09T11:44,0.94
via_verde,2026-10-09T11:45,0.94
via_verde,2026-10-09T11:46,0.94
corupa,2026-10-09T11:47,0.65
corupa,2026-10-09T11:48,0.65
corupa,2026-10-09T11:49,0.65
corupa,2026-10-09T11:50,0.65
corupa,2026-10-09T11:51,0.65
corupa,2026-10-09T11:52,0.64
corupa,2026-10-09T11:53,0.64
corupa,2026-10-09T11:54,0.64
corupa,2026-10-09T11:55,0.64
corupa,2026-10-09T11:56,0.64
nereu,2026-10-09T11:47,0.73
nereu,2026-10-09T11:48,0.73
nereu,2026-10-09T11:49,0.73
nereu,2026-10-09T11:50,0.73
nereu,2026-10-09T11:51,0.73
nereu,2026-10-09T11:52,0.73
nereu,2026-10-09T11:53,0.73
nereu,2026-10-09T11:54,0.73
nereu,2026-10-09T11:55,0.73
nereu,2026-10-09T11:56,0.73
eta,2026-10-09T11:47,1
eta,2026-10-09T11:48,1
eta,2026-10-09T11:49,1
eta,2026-10-09T11:50,1
eta,2026-10-09T11:51,1
eta,2026-10-09T11:52,1
eta,2026-10-09T11:53,1
eta,2026-10-09T11:54,1.01
eta,2026-10-09T11:55,1
eta,2026-10-09T11:56,1.01
via_verde,2026-10-09T11:47,0.94
via_verde,2026-10-09T11:48,0.94
via_verde,2026-10-09T11:49,0.93
via_verde,2026-10-09T11:50,0.93
via_verde,2026-10-09T11:51,0.93
via_verde,2026-10-09T11:52,0.93
via_verde,2026-10-09T11:53,0.94
via_verde,2026-10-09T11:54,0.93
via_verde,2026-10-09T11:55,0.94
via_verde,2026-10-09T11:56,0.94
corupa,2026-10-09T11:57,0.65
corupa,2026-10-09T11:58,0.65
corupa,2026-10-09T11:59,0.64
corupa,2026-10-09T12:00,0.64
corupa,2026-10-09T12:01,0.64
corupa,2026-10-09T12:02,0.64
corupa,2026-10-09T12:03,0.63
corupa,2026-10-09T12:04,0.63
corupa,2026-10-09T12:05,0.63
corupa,2026-10-09T12:06,0.63
nereu,2026-10-09T11:57,0.73
nereu,2026-10-09T11:58,0.74
nereu,2026-10-09T11:59,0.73
nereu,2026-10-09T12:00,0.73
nereu,2026-10-09T12:01,0.73
nereu,2026-10-09T12:02,0.73
nereu,2026-10-09T12:03,0.73
nereu,2026-10-09T12:04,0.73
nereu,2026-10-09T12:05,0.73
nereu,2026-10-09T12:06,0.74
eta,2026-10-09T11:57,1.01
eta,2026-10-09T11:58,1
eta,2026-10-09T11:59,1
eta,2026-10-09T12:00,1
eta,2026-10-09T12:01,1
eta,2026-10-09T12:02,1
eta,2026-10-09T12:03,1
eta,2026-10-09T12:04,1
eta,2026-10-09T12:05,1
eta,2026-10-09T12:06,1
via_verde,2026-10-09T11:57,0.93
via_verde,2026-10-09T11:58,0.93
via_verde,2026-10-09T11:59,0.93
via_verde,2026-10-09T12:00,0.93
via_verde,2026-10-09T12:01,0.93
via_verde,2026-10-09T12:02,0.93
via_verde,2026-10-09T12:03,0.93
via_verde,2026-10-09T12:04,0.93
via_verde,2026-10-09T12:05,0.93
via_verde,2026-10-09T12:06,0.93
corupa,2026-10-09T12:07,0.64
corupa,2026-10-09T12:08,0.63
corupa,2026-10-09T12:09,0.63
corupa,2026-10-09T12:10,0.64
corupa,2026-10-09T12:11,0.64
corupa,2026-10-09T12:12,0.63
corupa,2026-10-09T12:13,0.63
corupa,2026-10-09T12:14,0.63
corupa,2026-10-09T12:15,0.64
corupa,2026-10-09T12:16,0.64
nereu,2026-10-09T12:07,0.73
nereu,2026-10-09T12:08,0.73
nereu,2026-10-09T12:09,0.73
nereu,2026-10-09T12:10,0.73
nereu,2026-10-09T12:11,0.73
nereu,2026-10-09T12:12,0.73
nereu,2026-10-09T12:13,0.73
nereu,2026-10-09T12:14,0.73
nereu,2026-10-09T12:15,0.73
nereu,2026-10-09T12:16,0.73
eta,2026-10-09T12:07,1.01
eta,2026-10-09T12:08,1
eta,2026-10-09T12:09,1
eta,2026-10-09T12:10,1
eta,2026-10-09T12:11,1
eta,2026-10-09T12:12,1
eta,2026-10-09T12:13,1
eta,2026-10-09T12:14,1
eta,2026-10-09T12:15,1.05
eta,2026-10-09T12:16,1
via_verde,2026-10-09T12:07,0.92
via_verde,2026-10-09T12:08,0.92
via_verde,2026-10-09T12:09,0.93
via_verde,2026-10-09T12:10,0.93
via_verde,2026-10-09T12:11,0.94
via_verde,2026-10-09T12:12,0.93
via_verde,2026-10-09T12:13,0.93
via_verde,2026-10-09T12:14,0.93
via_verde,2026-10-09T12:15,0.94
via_verde,2026-10-09T12:16,0.93
corupa,2026-10-09T12:17,0.63
corupa,2026-10-09T12:18,0.63
corupa,2026-10-09T12:19,0.63
corupa,2026-10-09T12:20,0.63
corupa,2026-10-09T12:21,0.63
corupa,2026-10-09T12:22,0.64
corupa,2026-10-09T12:23,0.64
corupa,2026-10-09T12:24,0.63
corupa,2026-10-09T12:25,0.63
corupa,2026-10-09T12:26,0.63
nereu,2026-10-09T12:17,0.73
nereu,2026-10-09T12:18,0.73
nereu,2026-10-09T12:19,0.73
nereu,2026-10-09T12:20,0.73
nereu,2026-10-09T12:21,0.73
nereu,2026-10-09T12:22,0.73
nereu,2026-10-09T12:23,0.73
nereu,2026-10-09T12:24,0.73
nereu,2026-10-09T12:25,0.73
nereu,2026-10-09T12:26,0.73
eta,2026-10-09T12:17,1
eta,2026-10-09T12:18,1
eta,2026-10-09T12:19,1
eta,2026-10-09T12:20,0.97
eta,2026-10-09T12:21,1
eta,2026-10-09T12:22,1
eta,2026-10-09T12:23,1
eta,2026-10-09T12:24,1
eta,2026-10-09T12:25,1
eta,2026-10-09T12:26,1
via_verde,2026-10-09T12:17,0.94
via_verde,2026-10-09T12:18,0.94
via_verde,2026-10-09T12:19,0.93
via_verde,2026-10-09T12:20,0.93
via_verde,2026-10-09T12:21,0.93
via_verde,2026-10-09T12:22,0.93
via_verde,2026-10-09T12:23,0.94
via_verde,2026-10-09T12:24,0.94
via_verde,2026-10-09T12:25,0.93
via_verde,2026-10-09T12:26,0.93
corupa,2026-10-09T12:27,0.63
corupa,2026-10-09T12:28,0.63
corupa,2026-10-09T12:29,0.63
corupa,2026-10-09T12:30,0.63
corupa,2026-10-09T12:31,0.63
corupa,2026-10-09T12:32,0.63
corupa,2026-10-09T12:33,0.63
corupa,2026-10-09T12:34,0.63
corupa,2026-10-09T12:35,0.62
corupa,2026-10-09T12:36,0.62
nereu,2026-10-09T12:27,0.73
nereu,2026-10-09T12:28,0.73
nereu,2026-10-09T12:29,0.74
nereu,2026-10-09T12:30,0.73
nereu,2026-10-09T12:31,0.73
nereu,2026-10-09T12:32,0.73
nereu,2026-10-09T12:33,0.73
nereu,2026-10-09T12:34,0.73
nereu,2026-10-09T12:35,0.73
nereu,2026-10-09T12:36,0.73
eta,2026-10-09T12:27,1
eta,2026-10-09T12:28,1
eta,2026-10-09T12:29,1
eta,2026-10-09T12:30,1
eta,2026-10-09T12:31,1
eta,2026-10-09T12:32,1
eta,2026-10-09T12:33,1
eta,2026-10-09T12:34,1
eta,2026-10-09T12:35,1
eta,2026-10-09T12:36,1
via_verde,2026-10-09T12:27,0.93
via_verde,2026-10-09T12:28,0.93
via_verde,2026-10-09T12:29,0.93
via_verde,2026-10-09T12:30,0.93
via_verde,2026-10-09T12:31,0.93
via_verde,2026-10-09T12:32,0.93
via_verde,2026-10-09T12:33,0.93
via_verde,2026-10-09T12:34,0.93
via_verde,2026-10-09T12:35,0.93
via_verde,2026-10-09T12:36,0.93
corupa,2026-10-09T12:37,0.63
corupa,2026-10-09T12:38,0.63
corupa,2026-10-09T12:39,0.62
corupa,2026-10-09T12:40,0.64
corupa,2026-10-09T12:41,0.64
corupa,2026-10-09T12:42,0.63
corupa,2026-10-09T12:43,0.63
corupa,2026-10-09T12:44,0.63
corupa,2026-10-09T12:45,0.63
corupa,2026-10-09T12:46,0.63
nereu,2026-10-09T12:37,0.73
nereu,2026-10-09T12:38,0.73
nereu,2026-10-09T12:39,0.73
nereu,2026-10-09T12:40,0.73
nereu,2026-10-09T12:41,0.73
nereu,2026-10-09T12:42,0.73
nereu,2026-10-09T12:43,0.73
nereu,2026-10-09T12:44,0.73
nereu,2026-10-09T12:45,0.73
nereu,2026-10-09T12:46,0.73
eta,2026-10-09T12:37,1
eta,2026-10-09T12:38,1
eta,2026-10-09T12:39,1
eta,2026-10-09T12:40,1
eta,2026-10-09T12:41,1
eta,2026-10-09T12:42,1
eta,2026-10-09T12:43,1
eta,2026-10-09T12:44,0.99
eta,2026-10-09T12:45,1
eta,2026-10-09T12:46,1
via_verde,2026-10-09T12:37,0.93
via_verde,2026-10-09T12:38,0.93
via_verde,2026-10-09T12:39,0.93
via_verde,2026-10-09T12:40,0.93
via_verde,2026-10-09T12:41,0.93
via_verde,2026-10-09T12:42,0.93
via_verde,2026-10-09T12:43,0.93
via_verde,2026-10-09T12:44,0.93
via_verde,2026-10-09T12:45,0.93
via_verde,2026-10-09T12:46,0.93
corupa,2026-10-09T12:47,0.61
corupa,2026-10-09T12:48,0.61
corupa,2026-10-09T12:49,0.61
corupa,2026-10-09T12:50,0.61
corupa,2026-10-09T12:51,0.63
corupa,2026-10-09T12:52,0.63
corupa,2026-10-09T12:53,0.63
corupa,2026-10-09T12:54,0.63
corupa,2026-10-09T12:55,0.63
corupa,2026-10-09T12:56,0.62
nereu,2026-10-09T12:47,0.73
nereu,2026-10-09T12:48,0.73
nereu,2026-10-09T12:49,0.73
nereu,2026-10-09T12:50,0.73
nereu,2026-10-09T12:51,0.72
nereu,2026-10-09T12:52,0.73
nereu,2026-10-09T12:53,0.72
nereu,2026-10-09T12:54,0.73
nereu,2026-10-09T12:55,0.73
nereu,2026-10-09T12:56,0.73
eta,2026-10-09T12:47,0.99
eta,2026-10-09T12:48,0.99
eta,2026-10-09T12:49,1
eta,2026-10-09T12:50,0.99
eta,2026-10-09T12:51,0.98
eta,2026-10-09T12:52,0.99
eta,2026-10-09T12:53,0.99
eta,2026-10-09T12:54,0.99
eta,2026-10-09T12:55,0.99
eta,2026-10-09T12:56,1
via_verde,2026-10-09T12:47,0.93
via_verde,2026-10-09T12:48,0.93
via_verde,2026-10-09T12:49,0.93
via_verde,2026-10-09T12:50,0.93
via_verde,2026-10-09T12:51,0.93
via_verde,2026-10-09T12:52,0.93
via_verde,2026-10-09T12:53,0.93
via_verde,2026-10-09T12:54,0.93
via_verde,2026-10-09T12:55,0.93
via_verde,2026-10-09T12:56,0.93
corupa,2026-10-09T12:57,0.64
corupa,2026-10-09T12:58,0.64
corupa,2026-10-09T12:59,0.64
corupa,2026-10-09T13:00,0.64
corupa,2026-10-09T13:01,0.64
corupa,2026-10-09T13:02,0.63
corupa,2026-10-09T13:03,0.63
corupa,2026-10-09T13:04,0.64
corupa,2026-10-09T13:05,0.64
corupa,2026-10-09T13:06,0.63
nereu,2026-10-09T12:57,0.72
nereu,2026-10-09T12:58,0.73
nereu,2026-10-09T12:59,0.72
nereu,2026-10-09T13:00,0.73
nereu,2026-10-09T13:01,0.72
nereu,2026-10-09T13:02,0.73
nereu,2026-10-09T13:03,0.73
nereu,2026-10-09T13:04,0.73
nereu,2026-10-09T13:05,0.72
nereu,2026-10-09T13:06,0.72
eta,2026-10-09T12:57,0.99
eta,2026-10-09T12:58,0.99
eta,2026-10-09T12:59,0.99
eta,2026-10-09T13:00,0.99
eta,2026-10-09T13:01,0.99
eta,2026-10-09T13:02,0.99
eta,2026-10-09T13:03,0.99
eta,2026-10-09T13:04,0.99
eta,2026-10-09T13:05,0.98
eta,2026-10-09T13:06,0.99
via_verde,2026-10-09T12:57,0.93
via_verde,2026-10-09T12:58,0.93
via_verde,2026-10-09T12:59,0.93
via_verde,2026-10-09T13:00,0.92
via_verde,2026-10-09T13:01,0.93
via_verde,2026-10-09T13:02,0.93
via_verde,2026-10-09T13:03,0.93
via_verde,2026-10-09T13:04,0.93
via_verde,2026-10-09T13:05,0.93
via_verde,2026-10-09T13:06,0.93
corupa,2026-10-09T13:07,0.63
corupa,2026-10-09T13:08,0.63
corupa,2026-10-09T13:09,0.63
corupa,2026-10-09T13:10,0.63
corupa,2026-10-09T13:11,0.62
corupa,2026-10-09T13:12,0.62
corupa,2026-10-09T13:13,0.63
corupa,2026-10-09T13:14,0.63
corupa,2026-10-09T13:15,0.63
corupa,2026-10-09T13:16,0.61
nereu,2026-10-09T13:07,0.72
nereu,2026-10-09T13:08,0.73
nereu,2026-10-09T13:09,0.73
nereu,2026-10-09T13:10,0.72
nereu,2026-10-09T13:11,0.72
nereu,2026-10-09T13:12,0.72
nereu,2026-10-09T13:13,0.72
nereu,2026-10-09T13:14,0.72
nereu,2026-10-09T13:15,0.72
nereu,2026-10-09T13:16,0.72
eta,2026-10-09T13:07,0.99
eta,2026-10-09T13:08,0.99
eta,2026-10-09T13:09,0.99
eta,2026-10-09T13:10,0.99
eta,2026-10-09T13:11,0.99
eta,2026-10-09T13:12,0.99
eta,2026-10-09T13:13,0.99
eta,2026-10-09T13:14,0.98
eta,2026-10-09T13:15,0.99
eta,2026-10-09T13:16,0.98
via_verde,2026-10-09T13:07,0.92
via_verde,2026-10-09T13:08,0.93
via_verde,2026-10-09T13:09,0.93
via_verde,2026-10-09T13:10,0.92
via_verde,2026-10-09T13:11,0.93
via_verde,2026-10-09T13:12,0.92
via_verde,2026-10-09T13:13,0.92
via_verde,2026-10-09T13:14,0.93
via_verde,2026-10-09T13:15,0.93
via_verde,2026-10-09T13:16,0.92
corupa,2026-10-09T13:17,0.61
corupa,2026-10-09T13:18,0.63
corupa,2026-10-09T13:19,0.63
corupa,2026-10-09T13:20,0.65
corupa,2026-10-09T13:21,0.65
corupa,2026-10-09T13:22,0.62
corupa,2026-10-09T13:23,0.62
corupa,2026-10-09T13:24,0.62
corupa,2026-10-09T13:25,0.62
corupa,2026-10-09T13:26,0.62
nereu,2026-10-09T13:17,0.72
nereu,2026-10-09T13:18,0.72
nereu,2026-10-09T13:19,0.72
nereu,2026-10-09T13:20,0.72
nereu,2026-10-09T13:21,0.72
nereu,2026-10-09T13:22,0.72
nereu,2026-10-09T13:23,0.72
nereu,2026-10-09T13:24,0.72
nereu,2026-10-09T13:25,0.72
nereu,2026-10-09T13:26,0.72
eta,2026-10-09T13:17,1
eta,2026-10-09T13:18,1
eta,2026-10-09T13:19,0.99
eta,2026-10-09T13:20,0.99
eta,2026-10-09T13:21,0.99
eta,2026-10-09T13:22,1
eta,2026-10-09T13:23,0.96
eta,2026-10-09T13:24,0.99
eta,2026-10-09T13:25,0.99
eta,2026-10-09T13:26,0.98
via_verde,2026-10-09T13:17,0.93
via_verde,2026-10-09T13:18,0.92
via_verde,2026-10-09T13:19,0.93
via_verde,2026-10-09T13:20,0.92
via_verde,2026-10-09T13:21,0.92
via_verde,2026-10-09T13:22,0.92
via_verde,2026-10-09T13:23,0.93
via_verde,2026-10-09T13:24,0.92
via_verde,2026-10-09T13:25,0.92
via_verde,2026-10-09T13:26,0.92
corupa,2026-10-09T13:27,0.63
corupa,2026-10-09T13:28,0.62
corupa,2026-10-09T13:29,0.62
corupa,2026-10-09T13:30,0.62
corupa,2026-10-09T13:31,0.62
corupa,2026-10-09T13:32,0.63
corupa,2026-10-09T13:33,0.63
corupa,2026-10-09T13:34,0.62
corupa,2026-10-09T13:35,0.62
corupa,2026-10-09T13:36,0.62
nereu,2026-10-09T13:27,0.72
nereu,2026-10-09T13:28,0.72
nereu,2026-10-09T13:29,0.72
nereu,2026-10-09T13:30,0.72
nereu,2026-10-09T13:31,0.72
nereu,2026-10-09T13:32,0.72
nereu,2026-10-09T13:33,0.72
nereu,2026-10-09T13:34,0.72
nereu,2026-10-09T13:35,0.73
nereu,2026-10-09T13:36,0.72
eta,2026-10-09T13:27,1.01
eta,2026-10-09T13:28,1
eta,2026-10-09T13:29,1
eta,2026-10-09T13:30,0.99
eta,2026-10-09T13:31,0.99
eta,2026-10-09T13:32,1
eta,2026-10-09T13:33,0.99
eta,2026-10-09T13:34,0.98
eta,2026-10-09T13:35,0.98
eta,2026-10-09T13:36,0.98
via_verde,2026-10-09T13:27,0.92
via_verde,2026-10-09T13:28,0.92
via_verde,2026-10-09T13:29,0.92
via_verde,2026-10-09T13:30,0.92
via_verde,2026-10-09T13:31,0.92
via_verde,2026-10-09T13:32,0.92
via_verde,2026-10-09T13:33,0.92
via_verde,2026-10-09T13:34,0.92
via_verde,2026-10-09T13:35,0.92
via_verde,2026-10-09T13:36,0.92
corupa,2026-10-09T13:37,0.63
corupa,2026-10-09T13:38,0.63
corupa,2026-10-09T13:39,0.6
corupa,2026-10-09T13:40,0.6
corupa,2026-10-09T13:41,0.63
corupa,2026-10-09T13:42,0.63
corupa,2026-10-09T13:43,0.62
corupa,2026-10-09T13:44,0.62
corupa,2026-10-09T13:45,0.64
corupa,2026-10-09T13:46,0.64
nereu,2026-10-09T13:37,0.72
nereu,2026-10-09T13:38,0.72
nereu,2026-10-09T13:39,0.72
nereu,2026-10-09T13:40,0.72
nereu,2026-10-09T13:41,0.72
nereu,2026-10-09T13:42,0.72
nereu,2026-10-09T13:43,0.72
nereu,2026-10-09T13:44,0.72
nereu,2026-10-09T13:45,0.72
nereu,2026-10-09T13:46,0.72
eta,2026-10-09T13:37,0.99
eta,2026-10-09T13:38,1
eta,2026-10-09T13:39,0.98
eta,2026-10-09T13:40,1.01
eta,2026-10-09T13:41,0.99
eta,2026-10-09T13:42,0.97
eta,2026-10-09T13:43,0.97
eta,2026-10-09T13:44,0.98
eta,2026-10-09T13:45,1
eta,2026-10-09T13:46,0.99
via_verde,2026-10-09T13:37,0.92
via_verde,2026-10-09T13:38,0.91
via_verde,2026-10-09T13:39,0.92
via_verde,2026-10-09T13:40,0.92
via_verde,2026-10-09T13:41,0.92
via_verde,2026-10-09T13:42,0.92
via_verde,2026-10-09T13:43,0.92
via_verde,2026-10-09T13:44,0.92
via_verde,2026-10-09T13:45,0.92
via_verde,2026-10-09T13:46,0.92
corupa,2026-10-09T13:47,0.64
corupa,2026-10-09T13:48,0.64
corupa,2026-10-09T13:49,0.64
corupa,2026-10-09T13:50,0.62
corupa,2026-10-09T13:51,0.62
corupa,2026-10-09T13:52,0.62
corupa,2026-10-09T13:53,0.62
corupa,2026-10-09T13:54,0.62
corupa,2026-10-09T13:55,0.63
corupa,2026-10-09T13:56,0.63
nereu,2026-10-09T13:47,0.72
nereu,2026-10-09T13:48,0.72
nereu,2026-10-09T13:49,0.72
nereu,2026-10-09T13:50,0.72
nereu,2026-10-09T13:51,0.72
nereu,2026-10-09T13:52,0.72
nereu,2026-10-09T13:53,0.72
nereu,2026-10-09T13:54,0.72
nereu,2026-10-09T13:55,0.72
nereu,2026-10-09T13:56,0.72
eta,2026-10-09T13:47,0.99
eta,2026-10-09T13:48,0.99
eta,2026-10-09T13:49,0.99
eta,2026-10-09T13:50,0.99
eta,2026-10-09T13:51,0.99
eta,2026-10-09T13:52,0.99
eta,2026-10-09T13:53,0.99
eta,2026-10-09T13:54,0.99
eta,2026-10-09T13:55,0.98
eta,2026-10-09T13:56,0.99
via_verde,2026-10-09T13:47,0.92
via_verde,2026-10-09T13:48,0.92
via_verde,2026-10-09T13:49,0.92
via_verde,2026-10-09T13:50,0.91
via_verde,2026-10-09T13:51,0.91
via_verde,2026-10-09T13:52,0.92
via_verde,2026-10-09T13:53,0.91
via_verde,2026-10-09T13:54,0.91
via_verde,2026-10-09T13:55,0.91
via_verde,2026-10-09T13:56,0.91
corupa,2026-10-09T13:57,0.63
corupa,2026-10-09T13:58,0.63
corupa,2026-10-09T13:59,0.63
corupa,2026-10-09T14:00,0.63
corupa,2026-10-09T14:01,0.63
corupa,2026-10-09T14:02,0.63
corupa,2026-10-09T14:03,0.62
corupa,2026-10-09T14:04,0.62
corupa,2026-10-09T14:05,0.62
corupa,2026-10-09T14:06,0.62
nereu,2026-10-09T13:57,0.72
nereu,2026-10-09T13:58,0.72
nereu,2026-10-09T13:59,0.72
nereu,2026-10-09T14:00,0.72
nereu,2026-10-09T14:01,0.72
nereu,2026-10-09T14:02,0.72
nereu,2026-10-09T14:03,0.73
nereu,2026-10-09T14:04,0.72
nereu,2026-10-09T14:05,0.72
nereu,2026-10-09T14:06,0.72
eta,2026-10-09T13:57,0.99
eta,2026-10-09T13:58,0.99
eta,2026-10-09T13:59,0.99
eta,2026-10-09T14:00,0.99
eta,2026-10-09T14:01,0.98
eta,2026-10-09T14:02,0.98
eta,2026-10-09T14:03,0.99
eta,2026-10-09T14:04,0.99
eta,2026-10-09T14:05,0.99
eta,2026-10-09T14:06,0.99
via_verde,2026-10-09T13:57,0.91
via_verde,2026-10-09T13:58,0.92
via_verde,2026-10-09T13:59,0.91
via_verde,2026-10-09T14:00,0.92
via_verde,2026-10-09T14:01,0.91
via_verde,2026-10-09T14:02,0.91
via_verde,2026-10-09T14:03,0.91
via_verde,2026-10-09T14:04,0.91
via_verde,2026-10-09T14:05,0.91
via_verde,2026-10-09T14:06,0.92
corupa,2026-10-09T14:07,0.62
corupa,2026-10-09T14:08,0.62
corupa,2026-10-09T14:09,0.62
corupa,2026-10-09T14:10,0.62
corupa,2026-10-09T14:11,0.62
corupa,2026-10-09T14:12,0.62
corupa,2026-10-09T14:13,0.62
corupa,2026-10-09T14:14,0.62
corupa,2026-10-09T14:15,0.62
corupa,2026-10-09T14:16,0.62
nereu,2026-10-09T14:07,0.72
nereu,2026-10-09T14:08,0.72
nereu,2026-10-09T14:09,0.72
nereu,2026-10-09T14:10,0.72
nereu,2026-10-09T14:11,0.72
nereu,2026-10-09T14:12,0.72
nereu,2026-10-09T14:13,0.72
nereu,2026-10-09T14:14,0.72
nereu,2026-10-09T14:15,0.72
nereu,2026-10-09T14:16,0.72
eta,2026-10-09T14:07,0.98
eta,2026-10-09T14:08,0.98
eta,2026-10-09T14:09,0.98
eta,2026-10-09T14:10,0.98
eta,2026-10-09T14:11,0.99
eta,2026-10-09T14:12,0.98
eta,2026-10-09T14:13,0.99
eta,2026-10-09T14:14,0.99
eta,2026-10-09T14:15,0.98
eta,2026-10-09T14:16,0.99
via_verde,2026-10-09T14:07,0.91
via_verde,2026-10-09T14:08,0.91
via_verde,2026-10-09T14:09,0.91
via_verde,2026-10-09T14:10,0.91
via_verde,2026-10-09T14:11,0.9
via_verde,2026-10-09T14:12,0.91
via_verde,2026-10-09T14:13,0.91
via_verde,2026-10-09T14:14,0.91
via_verde,2026-10-09T14:15,0.91
via_verde,2026-10-09T14:16,0.91
corupa,2026-10-09T14:17,0.62
corupa,2026-10-09T14:18,0.62
corupa,2026-10-09T14:19,0.6
corupa,2026-10-09T14:20,0.6
corupa,2026-10-09T14:21,0.62
corupa,2026-10-09T14:22,0.62
corupa,2026-10-09T14:23,0.61
corupa,2026-10-09T14:24,0.63
corupa,2026-10-09T14:25,0.63
corupa,2026-10-09T14:26,0.63
nereu,2026-10-09T14:17,0.73
nereu,2026-10-09T14:18,0.73
nereu,2026-10-09T14:19,0.73
nereu,2026-10-09T14:20,0.73
nereu,2026-10-09T14:21,0.73
nereu,2026-10-09T14:22,0.73
nereu,2026-10-09T14:23,0.73
nereu,2026-10-09T14:24,0.73
nereu,2026-10-09T14:25,0.73
nereu,2026-10-09T14:26,0.73
eta,2026-10-09T14:17,0.97
eta,2026-10-09T14:18,0.99
eta,2026-10-09T14:19,0.97
eta,2026-10-09T14:20,0.99
eta,2026-10-09T14:21,0.97
eta,2026-10-09T14:22,0.97
eta,2026-10-09T14:23,0.98
eta,2026-10-09T14:24,0.98
eta,2026-10-09T14:25,0.98
eta,2026-10-09T14:26,0.97
via_verde,2026-10-09T14:17,0.91
via_verde,2026-10-09T14:18,0.91
via_verde,2026-10-09T14:19,0.91
via_verde,2026-10-09T14:20,0.91
via_verde,2026-10-09T14:21,0.91
via_verde,2026-10-09T14:22,0.91
via_verde,2026-10-09T14:23,0.91
via_verde,2026-10-09T14:24,0.91
via_verde,2026-10-09T14:25,0.91
via_verde,2026-10-09T14:26,0.91
corupa,2026-10-09T14:27,0.63
corupa,2026-10-09T14:28,0.63
corupa,2026-10-09T14:29,0.63
corupa,2026-10-09T14:30,0.62
corupa,2026-10-09T14:31,0.61
corupa,2026-10-09T14:32,0.61
corupa,2026-10-09T14:33,0.61
corupa,2026-10-09T14:34,0.61
corupa,2026-10-09T14:35,0.63
corupa,2026-10-09T14:36,0.63
nereu,2026-10-09T14:27,0.73
nereu,2026-10-09T14:28,0.73
nereu,2026-10-09T14:29,0.73
nereu,2026-10-09T14:30,0.73
nereu,2026-10-09T14:31,0.73
nereu,2026-10-09T14:32,0.73
nereu,2026-10-09T14:33,0.73
nereu,2026-10-09T14:34,0.73
nereu,2026-10-09T14:35,0.73
nereu,2026-10-09T14:36,0.73
eta,2026-10-09T14:27,0.98
eta,2026-10-09T14:28,0.97
eta,2026-10-09T14:29,0.98
eta,2026-10-09T14:30,0.99
eta,2026-10-09T14:31,0.97
eta,2026-10-09T14:32,0.98
eta,2026-10-09T14:33,0.98
eta,2026-10-09T14:34,0.98
eta,2026-10-09T14:35,0.98
eta,2026-10-09T14:36,0.98
via_verde,2026-10-09T14:27,0.9
via_verde,2026-10-09T14:28,0.91
via_verde,2026-10-09T14:29,0.91
via_verde,2026-10-09T14:30,0.91
via_verde,2026-10-09T14:31,0.91
via_verde,2026-10-09T14:32,0.9
via_verde,2026-10-09T14:33,0.91
via_verde,2026-10-09T14:34,0.91
via_verde,2026-10-09T14:35,0.91
via_verde,2026-10-09T14:36,0.91
corupa,2026-10-09T14:37,0.6
corupa,2026-10-09T14:38,0.6
corupa,2026-10-09T14:39,0.62
corupa,2026-10-09T14:40,0.62
corupa,2026-10-09T14:41,0.62
corupa,2026-10-09T14:42,0.62
corupa,2026-10-09T14:43,0.62
corupa,2026-10-09T14:44,0.62
corupa,2026-10-09T14:45,0.62
corupa,2026-10-09T14:46,0.63
nereu,2026-10-09T14:37,0.73
nereu,2026-10-09T14:38,0.73
nereu,2026-10-09T14:39,0.73
nereu,2026-10-09T14:40,0.73
nereu,2026-10-09T14:41,0.73
nereu,2026-10-09T14:42,0.73
nereu,2026-10-09T14:43,0.73
nereu,2026-10-09T14:44,0.73
nereu,2026-10-09T14:45,0.73
nereu,2026-10-09T14:46,0.73
eta,2026-10-09T14:37,0.98
eta,2026-10-09T14:38,0.97
eta,2026-10-09T14:39,0.97
eta,2026-10-09T14:40,0.97
eta,2026-10-09T14:41,0.98
eta,2026-10-09T14:42,0.98
eta,2026-10-09T14:43,0.98
eta,2026-10-09T14:44,0.97
eta,2026-10-09T14:45,0.99
eta,2026-10-09T14:46,0.98
via_verde,2026-10-09T14:37,0.91
via_verde,2026-10-09T14:38,0.91
via_verde,2026-10-09T14:39,0.91
via_verde,2026-10-09T14:40,0.91
via_verde,2026-10-09T14:41,0.91
via_verde,2026-10-09T14:42,0.9
via_verde,2026-10-09T14:43,0.91
via_verde,2026-10-09T14:44,0.91
via_verde,2026-10-09T14:45,0.91
via_verde,2026-10-09T14:46,0.91
corupa,2026-10-09T14:47,0.63
nereu,2026-10-09T14:47,0.73
eta,2026-10-09T14:47,0.97
via_verde,2026-10-09T14:47,0.9
corupa,2026-10-09T14:48,0.61
corupa,2026-10-09T14:49,0.61
corupa,2026-10-09T14:50,0.62
corupa,2026-10-09T14:51,0.61
corupa,2026-10-09T14:52,0.61
corupa,2026-10-09T14:53,0.61
corupa,2026-10-09T14:54,0.61
corupa,2026-10-09T14:55,0.61
corupa,2026-10-09T14:56,0.61
nereu,2026-10-09T14:48,0.73
nereu,2026-10-09T14:49,0.73
nereu,2026-10-09T14:50,0.73
nereu,2026-10-09T14:51,0.73
nereu,2026-10-09T14:52,0.73
nereu,2026-10-09T14:53,0.73
nereu,2026-10-09T14:54,0.73
nereu,2026-10-09T14:55,0.73
nereu,2026-10-09T14:56,0.73
eta,2026-10-09T14:48,0.97
eta,2026-10-09T14:49,0.98
eta,2026-10-09T14:50,0.98
eta,2026-10-09T14:51,0.98
eta,2026-10-09T14:52,0.97
eta,2026-10-09T14:53,0.97
eta,2026-10-09T14:54,0.97
eta,2026-10-09T14:55,0.97
eta,2026-10-09T14:56,0.98
via_verde,2026-10-09T14:48,0.9
via_verde,2026-10-09T14:49,0.91
via_verde,2026-10-09T14:50,0.91
via_verde,2026-10-09T14:51,0.9
via_verde,2026-10-09T14:52,0.9
via_verde,2026-10-09T14:53,0.9
via_verde,2026-10-09T14:54,0.9
via_verde,2026-10-09T14:55,0.9
via_verde,2026-10-09T14:56,0.91
corupa,2026-10-09T14:57,0.61
corupa,2026-10-09T14:58,0.63
corupa,2026-10-09T14:59,0.63
corupa,2026-10-09T15:00,0.63
corupa,2026-10-09T15:01,0.63
corupa,2026-10-09T15:02,0.63
corupa,2026-10-09T15:03,0.62
corupa,2026-10-09T15:04,0.62
corupa,2026-10-09T15:05,0.62
corupa,2026-10-09T15:06,0.62
nereu,2026-10-09T14:57,0.73
nereu,2026-10-09T14:58,0.73
nereu,2026-10-09T14:59,0.73
nereu,2026-10-09T15:00,0.73
nereu,2026-10-09T15:01,0.73
nereu,2026-10-09T15:02,0.73
nereu,2026-10-09T15:03,0.73
nereu,2026-10-09T15:04,0.73
nereu,2026-10-09T15:05,0.73
nereu,2026-10-09T15:06,0.73
eta,2026-10-09T14:57,0.98
eta,2026-10-09T14:58,0.97
eta,2026-10-09T14:59,1
eta,2026-10-09T15:00,0.98
eta,2026-10-09T15:01,0.97
eta,2026-10-09T15:02,0.98
eta,2026-10-09T15:03,0.97
eta,2026-10-09T15:04,0.97
eta,2026-10-09T15:05,0.97
eta,2026-10-09T15:06,0.96
via_verde,2026-10-09T14:57,0.9
via_verde,2026-10-09T14:58,0.9
via_verde,2026-10-09T14:59,0.9
via_verde,2026-10-09T15:00,0.9
via_verde,2026-10-09T15:01,0.9
via_verde,2026-10-09T15:02,0.9
via_verde,2026-10-09T15:03,0.89
via_verde,2026-10-09T15:04,0.9
via_verde,2026-10-09T15:05,0.89
via_verde,2026-10-09T15:06,0.9
corupa,2026-10-09T15:07,0.63
corupa,2026-10-09T15:08,0.62
corupa,2026-10-09T15:09,0.62
corupa,2026-10-09T15:10,0.61
corupa,2026-10-09T15:11,0.61
corupa,2026-10-09T15:12,0.62
corupa,2026-10-09T15:13,0.62
corupa,2026-10-09T15:14,0.6
corupa,2026-10-09T15:15,0.6
nereu,2026-10-09T15:07,0.73
nereu,2026-10-09T15:08,0.73
nereu,2026-10-09T15:09,0.72
nereu,2026-10-09T15:10,0.73
nereu,2026-10-09T15:11,0.73
nereu,2026-10-09T15:12,0.72
nereu,2026-10-09T15:13,0.72
nereu,2026-10-09T15:14,0.72
nereu,2026-10-09T15:15,0.72
eta,2026-10-09T15:07,0.97
eta,2026-10-09T15:08,0.98
eta,2026-10-09T15:09,0.97
eta,2026-10-09T15:10,0.97
eta,2026-10-09T15:11,0.97
eta,2026-10-09T15:12,0.97
eta,2026-10-09T15:13,0.98
eta,2026-10-09T15:14,0.98
eta,2026-10-09T15:15,0.97
via_verde,2026-10-09T15:07,0.9
via_verde,2026-10-09T15:08,0.9
via_verde,2026-10-09T15:09,0.89
via_verde,2026-10-09T15:10,0.89
via_verde,2026-10-09T15:11,0.9
via_verde,2026-10-09T15:12,0.9
via_verde,2026-10-09T15:13,0.9
via_verde,2026-10-09T15:14,0.9
via_verde,2026-10-09T15:15,0.89
corupa,2026-10-09T15:16,0.61
corupa,2026-10-09T15:17,0.61
corupa,2026-10-09T15:18,0.61
corupa,2026-10-09T15:19,0.6
corupa,2026-10-09T15:20,0.6
corupa,2026-10-09T15:21,0.6
corupa,2026-10-09T15:22,0.6
corupa,2026-10-09T15:23,0.6
corupa,2026-10-09T15:24,0.59
corupa,2026-10-09T15:25,0.59
corupa,2026-10-09T15:26,0.61
nereu,2026-10-09T15:16,0.73
nereu,2026-10-09T15:17,0.72
nereu,2026-10-09T15:18,0.72
nereu,2026-10-09T15:19,0.72
nereu,2026-10-09T15:20,0.72
nereu,2026-10-09T15:21,0.72
nereu,2026-10-09T15:22,0.72
nereu,2026-10-09T15:23,0.72
nereu,2026-10-09T15:24,0.72
nereu,2026-10-09T15:25,0.72
nereu,2026-10-09T15:26,0.73
eta,2026-10-09T15:16,0.97
eta,2026-10-09T15:17,0.97
eta,2026-10-09T15:18,0.97
eta,2026-10-09T15:19,0.97
eta,2026-10-09T15:20,0.97
eta,2026-10-09T15:21,0.97
eta,2026-10-09T15:22,0.98
eta,2026-10-09T15:23,0.97
eta,2026-10-09T15:24,0.97
eta,2026-10-09T15:25,0.97
eta,2026-10-09T15:26,0.98
via_verde,2026-10-09T15:16,0.89
via_verde,2026-10-09T15:17,0.9
via_verde,2026-10-09T15:18,0.9
via_verde,2026-10-09T15:19,0.89
via_verde,2026-10-09T15:20,0.9
via_verde,2026-10-09T15:21,0.89
via_verde,2026-10-09T15:22,0.89
via_verde,2026-10-09T15:23,0.89
via_verde,2026-10-09T15:24,0.89
via_verde,2026-10-09T15:25,0.89
via_verde,2026-10-09T15:26,0.89
corupa,2026-10-09T15:27,0.61
corupa,2026-10-09T15:28,0.6
corupa,2026-10-09T15:29,0.6
corupa,2026-10-09T15:30,0.6
corupa,2026-10-09T15:31,0.6
corupa,2026-10-09T15:32,0.6
corupa,2026-10-09T15:33,0.6
corupa,2026-10-09T15:34,0.61
corupa,2026-10-09T15:35,0.6
corupa,2026-10-09T15:36,0.6
nereu,2026-10-09T15:27,0.72
nereu,2026-10-09T15:28,0.72
nereu,2026-10-09T15:29,0.72
nereu,2026-10-09T15:30,0.72
nereu,2026-10-09T15:31,0.72
nereu,2026-10-09T15:32,0.72
nereu,2026-10-09T15:33,0.72
nereu,2026-10-09T15:34,0.72
nereu,2026-10-09T15:35,0.72
nereu,2026-10-09T15:36,0.72
eta,2026-10-09T15:27,0.97
eta,2026-10-09T15:28,0.97
eta,2026-10-09T15:29,0.97
eta,2026-10-09T15:30,0.97
eta,2026-10-09T15:31,0.97
eta,2026-10-09T15:32,0.98
eta,2026-10-09T15:33,0.97
eta,2026-10-09T15:34,0.94
eta,2026-10-09T15:35,0.97
eta,2026-10-09T15:36,0.97
via_verde,2026-10-09T15:27,0.89
via_verde,2026-10-09T15:28,0.89
via_verde,2026-10-09T15:29,0.89
via_verde,2026-10-09T15:30,0.89
via_verde,2026-10-09T15:31,0.89
via_verde,2026-10-09T15:32,0.89
via_verde,2026-10-09T15:33,0.89
via_verde,2026-10-09T15:34,0.89
via_verde,2026-10-09T15:35,0.89
via_verde,2026-10-09T15:36,0.89
corupa,2026-10-09T15:37,0.61
corupa,2026-10-09T15:38,0.61
corupa,2026-10-09T15:39,0.6
corupa,2026-10-09T15:40,0.62
corupa,2026-10-09T15:41,0.62
corupa,2026-10-09T15:42,0.62
corupa,2026-10-09T15:43,0.62
corupa,2026-10-09T15:44,0.62
corupa,2026-10-09T15:45,0.62
corupa,2026-10-09T15:46,0.62
nereu,2026-10-09T15:37,0.72
nereu,2026-10-09T15:38,0.72
nereu,2026-10-09T15:39,0.72
nereu,2026-10-09T15:40,0.72
nereu,2026-10-09T15:41,0.72
nereu,2026-10-09T15:42,0.72
nereu,2026-10-09T15:43,0.72
nereu,2026-10-09T15:44,0.72
nereu,2026-10-09T15:45,0.72
nereu,2026-10-09T15:46,0.72
eta,2026-10-09T15:37,0.97
eta,2026-10-09T15:38,0.97
eta,2026-10-09T15:39,0.98
eta,2026-10-09T15:40,0.97
eta,2026-10-09T15:41,0.98
eta,2026-10-09T15:42,0.96
eta,2026-10-09T15:43,0.97
eta,2026-10-09T15:44,0.97
eta,2026-10-09T15:45,0.97
eta,2026-10-09T15:46,0.97
via_verde,2026-10-09T15:37,0.89
via_verde,2026-10-09T15:38,0.89
via_verde,2026-10-09T15:39,0.89
via_verde,2026-10-09T15:40,0.89
via_verde,2026-10-09T15:41,0.89
via_verde,2026-10-09T15:42,0.89
via_verde,2026-10-09T15:43,0.89
via_verde,2026-10-09T15:44,0.89
via_verde,2026-10-09T15:45,0.89
via_verde,2026-10-09T15:46,0.89
corupa,2026-10-09T15:47,0.62
corupa,2026-10-09T15:48,0.62
corupa,2026-10-09T15:49,0.62
corupa,2026-10-09T15:50,0.62
corupa,2026-10-09T15:51,0.62
corupa,2026-10-09T15:52,0.62
corupa,2026-10-09T15:53,0.62
corupa,2026-10-09T15:54,0.63
corupa,2026-10-09T15:55,0.63
corupa,2026-10-09T15:56,0.62
nereu,2026-10-09T15:47,0.72
nereu,2026-10-09T15:48,0.72
nereu,2026-10-09T15:49,0.73
nereu,2026-10-09T15:50,0.72
nereu,2026-10-09T15:51,0.72
nereu,2026-10-09T15:52,0.72
nereu,2026-10-09T15:53,0.72
nereu,2026-10-09T15:54,0.72
nereu,2026-10-09T15:55,0.72
nereu,2026-10-09T15:56,0.72
eta,2026-10-09T15:47,0.97
eta,2026-10-09T15:48,0.97
eta,2026-10-09T15:49,0.97
eta,2026-10-09T15:50,0.97
eta,2026-10-09T15:51,0.97
eta,2026-10-09T15:52,0.98
eta,2026-10-09T15:53,0.98
eta,2026-10-09T15:54,0.97
eta,2026-10-09T15:55,0.97
eta,2026-10-09T15:56,0.97
via_verde,2026-10-09T15:47,0.89
via_verde,2026-10-09T15:48,0.89
via_verde,2026-10-09T15:49,0.89
via_verde,2026-10-09T15:50,0.89
via_verde,2026-10-09T15:51,0.89
via_verde,2026-10-09T15:52,0.89
via_verde,2026-10-09T15:53,0.89
via_verde,2026-10-09T15:54,0.89
via_verde,2026-10-09T15:55,0.89
via_verde,2026-10-09T15:56,0.89
corupa,2026-10-09T15:57,0.62
corupa,2026-10-09T15:58,0.61
corupa,2026-10-09T15:59,0.61
corupa,2026-10-09T16:00,0.61
corupa,2026-10-09T16:01,0.61
corupa,2026-10-09T16:02,0.61
corupa,2026-10-09T16:03,0.61
corupa,2026-10-09T16:04,0.6
corupa,2026-10-09T16:05,0.6
corupa,2026-10-09T16:06,0.62
nereu,2026-10-09T15:57,0.72
nereu,2026-10-09T15:58,0.72
nereu,2026-10-09T15:59,0.72
nereu,2026-10-09T16:00,0.72
nereu,2026-10-09T16:01,0.72
nereu,2026-10-09T16:02,0.72
nereu,2026-10-09T16:03,0.72
nereu,2026-10-09T16:04,0.72
nereu,2026-10-09T16:05,0.72
nereu,2026-10-09T16:06,0.72
eta,2026-10-09T15:57,0.98
eta,2026-10-09T15:58,0.97
eta,2026-10-09T15:59,0.98
eta,2026-10-09T16:00,0.97
eta,2026-10-09T16:01,0.98
eta,2026-10-09T16:02,0.98
eta,2026-10-09T16:03,0.97
eta,2026-10-09T16:04,0.98
eta,2026-10-09T16:05,0.98
eta,2026-10-09T16:06,0.97
via_verde,2026-10-09T15:57,0.89
via_verde,2026-10-09T15:58,0.88
via_verde,2026-10-09T15:59,0.88
via_verde,2026-10-09T16:00,0.88
via_verde,2026-10-09T16:01,0.89
via_verde,2026-10-09T16:02,0.89
via_verde,2026-10-09T16:03,0.88
via_verde,2026-10-09T16:04,0.89
via_verde,2026-10-09T16:05,0.88
via_verde,2026-10-09T16:06,0.88
corupa,2026-10-09T16:07,0.62
corupa,2026-10-09T16:08,0.62
corupa,2026-10-09T16:09,0.61
corupa,2026-10-09T16:10,0.61
corupa,2026-10-09T16:11,0.63
corupa,2026-10-09T16:12,0.62
corupa,2026-10-09T16:13,0.62
corupa,2026-10-09T16:14,0.62
corupa,2026-10-09T16:15,0.62
corupa,2026-10-09T16:16,0.6
nereu,2026-10-09T16:07,0.72
nereu,2026-10-09T16:08,0.72
nereu,2026-10-09T16:09,0.71
nereu,2026-10-09T16:10,0.71
nereu,2026-10-09T16:11,0.72
nereu,2026-10-09T16:12,0.71
nereu,2026-10-09T16:13,0.71
nereu,2026-10-09T16:14,0.72
nereu,2026-10-09T16:15,0.72
nereu,2026-10-09T16:16,0.71
eta,2026-10-09T16:07,0.97
eta,2026-10-09T16:08,0.98
eta,2026-10-09T16:09,0.98
eta,2026-10-09T16:10,0.98
eta,2026-10-09T16:11,0.97
eta,2026-10-09T16:12,0.97
eta,2026-10-09T16:13,0.98
eta,2026-10-09T16:14,0.97
eta,2026-10-09T16:15,0.97
eta,2026-10-09T16:16,0.97
via_verde,2026-10-09T16:07,0.88
via_verde,2026-10-09T16:08,0.89
via_verde,2026-10-09T16:09,0.89
via_verde,2026-10-09T16:10,0.88
via_verde,2026-10-09T16:11,0.88
via_verde,2026-10-09T16:12,0.88
via_verde,2026-10-09T16:13,0.89
via_verde,2026-10-09T16:14,0.89
via_verde,2026-10-09T16:15,0.89
via_verde,2026-10-09T16:16,0.88
corupa,2026-10-09T16:17,0.59
corupa,2026-10-09T16:18,0.59
corupa,2026-10-09T16:19,0.61
corupa,2026-10-09T16:20,0.61
corupa,2026-10-09T16:21,0.61
corupa,2026-10-09T16:22,0.62
corupa,2026-10-09T16:23,0.62
corupa,2026-10-09T16:24,0.61
corupa,2026-10-09T16:25,0.61
corupa,2026-10-09T16:26,0.61
nereu,2026-10-09T16:17,0.72
nereu,2026-10-09T16:18,0.72
nereu,2026-10-09T16:19,0.71
nereu,2026-10-09T16:20,0.71
nereu,2026-10-09T16:21,0.71
nereu,2026-10-09T16:22,0.72
nereu,2026-10-09T16:23,0.71
nereu,2026-10-09T16:24,0.71
nereu,2026-10-09T16:25,0.71
nereu,2026-10-09T16:26,0.71
eta,2026-10-09T16:17,0.98
eta,2026-10-09T16:18,0.97
eta,2026-10-09T16:19,0.98
eta,2026-10-09T16:20,0.97
eta,2026-10-09T16:21,0.98
eta,2026-10-09T16:22,0.98
eta,2026-10-09T16:23,0.97
eta,2026-10-09T16:24,0.97
eta,2026-10-09T16:25,0.97
eta,2026-10-09T16:26,0.97
via_verde,2026-10-09T16:17,0.88
via_verde,2026-10-09T16:18,0.88
via_verde,2026-10-09T16:19,0.89
via_verde,2026-10-09T16:20,0.88
via_verde,2026-10-09T16:21,0.88
via_verde,2026-10-09T16:22,0.88
via_verde,2026-10-09T16:23,0.88
via_verde,2026-10-09T16:24,0.88
via_verde,2026-10-09T16:25,0.89
via_verde,2026-10-09T16:26,0.89
corupa,2026-10-09T16:27,0.6
corupa,2026-10-09T16:28,0.6
corupa,2026-10-09T16:29,0.6
corupa,2026-10-09T16:30,0.6
corupa,2026-10-09T16:31,0.6
corupa,2026-10-09T16:32,0.6
corupa,2026-10-09T16:33,0.6
corupa,2026-10-09T16:34,0.6
corupa,2026-10-09T16:35,0.6
corupa,2026-10-09T16:36,0.6
nereu,2026-10-09T16:27,0.72
nereu,2026-10-09T16:28,0.72
nereu,2026-10-09T16:29,0.71
nereu,2026-10-09T16:30,0.71
nereu,2026-10-09T16:31,0.71
nereu,2026-10-09T16:32,0.71
nereu,2026-10-09T16:33,0.71
nereu,2026-10-09T16:34,0.71
nereu,2026-10-09T16:35,0.71
nereu,2026-10-09T16:36,0.71
eta,2026-10-09T16:27,0.97
eta,2026-10-09T16:28,0.98
eta,2026-10-09T16:29,0.97
eta,2026-10-09T16:30,0.97
eta,2026-10-09T16:31,0.97
eta,2026-10-09T16:32,0.98
eta,2026-10-09T16:33,0.97
eta,2026-10-09T16:34,0.97
eta,2026-10-09T16:35,0.98
eta,2026-10-09T16:36,0.97
via_verde,2026-10-09T16:27,0.89
via_verde,2026-10-09T16:28,0.89
via_verde,2026-10-09T16:29,0.88
via_verde,2026-10-09T16:30,0.88
via_verde,2026-10-09T16:31,0.88
via_verde,2026-10-09T16:32,0.88
via_verde,2026-10-09T16:33,0.89
via_verde,2026-10-09T16:34,0.88
via_verde,2026-10-09T16:35,0.88
via_verde,2026-10-09T16:36,0.89
corupa,2026-10-09T16:37,0.6
corupa,2026-10-09T16:38,0.6
corupa,2026-10-09T16:39,0.61
corupa,2026-10-09T16:40,0.61
corupa,2026-10-09T16:41,0.59
corupa,2026-10-09T16:42,0.59
corupa,2026-10-09T16:43,0.62
corupa,2026-10-09T16:44,0.62
corupa,2026-10-09T16:45,0.6
corupa,2026-10-09T16:46,0.61
nereu,2026-10-09T16:37,0.71
nereu,2026-10-09T16:38,0.71
nereu,2026-10-09T16:39,0.72
nereu,2026-10-09T16:40,0.71
nereu,2026-10-09T16:41,0.71
nereu,2026-10-09T16:42,0.71
nereu,2026-10-09T16:43,0.71
nereu,2026-10-09T16:44,0.71
nereu,2026-10-09T16:45,0.71
nereu,2026-10-09T16:46,0.71
eta,2026-10-09T16:37,0.98
eta,2026-10-09T16:38,0.97
eta,2026-10-09T16:39,0.94
eta,2026-10-09T16:40,0.97
eta,2026-10-09T16:41,0.97
eta,2026-10-09T16:42,0.97
eta,2026-10-09T16:43,0.97
eta,2026-10-09T16:44,0.97
eta,2026-10-09T16:45,0.97
eta,2026-10-09T16:46,0.97
via_verde,2026-10-09T16:37,0.88
via_verde,2026-10-09T16:38,0.88
via_verde,2026-10-09T16:39,0.89
via_verde,2026-10-09T16:40,0.88
via_verde,2026-10-09T16:41,0.89
via_verde,2026-10-09T16:42,0.88
via_verde,2026-10-09T16:43,0.88
via_verde,2026-10-09T16:44,0.89
via_verde,2026-10-09T16:45,0.88
via_verde,2026-10-09T16:46,0.88
corupa,2026-10-09T16:47,0.61
corupa,2026-10-09T16:48,0.61
corupa,2026-10-09T16:49,0.61
corupa,2026-10-09T16:50,0.6
corupa,2026-10-09T16:51,0.6
corupa,2026-10-09T16:52,0.6
corupa,2026-10-09T16:53,0.62
corupa,2026-10-09T16:54,0.62
corupa,2026-10-09T16:55,0.59
corupa,2026-10-09T16:56,0.59
nereu,2026-10-09T16:47,0.71
nereu,2026-10-09T16:48,0.71
nereu,2026-10-09T16:49,0.71
nereu,2026-10-09T16:50,0.71
nereu,2026-10-09T16:51,0.71
nereu,2026-10-09T16:52,0.71
nereu,2026-10-09T16:53,0.71
nereu,2026-10-09T16:54,0.71
nereu,2026-10-09T16:55,0.71
nereu,2026-10-09T16:56,0.71
eta,2026-10-09T16:47,0.97
eta,2026-10-09T16:48,0.97
eta,2026-10-09T16:49,0.97
eta,2026-10-09T16:50,0.97
eta,2026-10-09T16:51,0.96
eta,2026-10-09T16:52,0.97
eta,2026-10-09T16:53,0.97
eta,2026-10-09T16:54,0.97
eta,2026-10-09T16:55,0.97
eta,2026-10-09T16:56,0.97
via_verde,2026-10-09T16:47,0.88
via_verde,2026-10-09T16:48,0.88
via_verde,2026-10-09T16:49,0.88
via_verde,2026-10-09T16:50,0.88
via_verde,2026-10-09T16:51,0.88
via_verde,2026-10-09T16:52,0.88
via_verde,2026-10-09T16:53,0.89
via_verde,2026-10-09T16:54,0.88
via_verde,2026-10-09T16:55,0.88
via_verde,2026-10-09T16:56,0.87
corupa,2026-10-09T16:57,0.6
corupa,2026-10-09T16:58,0.6
corupa,2026-10-09T16:59,0.6
corupa,2026-10-09T17:00,0.59
corupa,2026-10-09T17:01,0.59
corupa,2026-10-09T17:02,0.58
corupa,2026-10-09T17:03,0.58
corupa,2026-10-09T17:04,0.61
corupa,2026-10-09T17:05,0.61
corupa,2026-10-09T17:06,0.61
nereu,2026-10-09T16:57,0.71
nereu,2026-10-09T16:58,0.71
nereu,2026-10-09T16:59,0.71
nereu,2026-10-09T17:00,0.71
nereu,2026-10-09T17:01,0.71
nereu,2026-10-09T17:02,0.71
nereu,2026-10-09T17:03,0.71
nereu,2026-10-09T17:04,0.71
nereu,2026-10-09T17:05,0.71
nereu,2026-10-09T17:06,0.71
eta,2026-10-09T16:57,0.97
eta,2026-10-09T16:58,0.97
eta,2026-10-09T16:59,0.97
eta,2026-10-09T17:00,0.97
eta,2026-10-09T17:01,0.96
eta,2026-10-09T17:02,0.96
eta,2026-10-09T17:03,0.97
eta,2026-10-09T17:04,0.96
eta,2026-10-09T17:05,0.96
eta,2026-10-09T17:06,0.96
via_verde,2026-10-09T16:57,0.89
via_verde,2026-10-09T16:58,0.88
via_verde,2026-10-09T16:59,0.88
via_verde,2026-10-09T17:00,0.89
via_verde,2026-10-09T17:01,0.88
via_verde,2026-10-09T17:02,0.88
via_verde,2026-10-09T17:03,0.88
via_verde,2026-10-09T17:04,0.88
via_verde,2026-10-09T17:05,0.88
via_verde,2026-10-09T17:06,0.88
corupa,2026-10-09T17:07,0.61
corupa,2026-10-09T17:08,0.61
corupa,2026-10-09T17:09,0.61
corupa,2026-10-09T17:10,0.61
corupa,2026-10-09T17:11,0.61
corupa,2026-10-09T17:12,0.61
corupa,2026-10-09T17:13,0.61
corupa,2026-10-09T17:14,0.6
corupa,2026-10-09T17:15,0.6
corupa,2026-10-09T17:16,0.6
nereu,2026-10-09T17:07,0.71
nereu,2026-10-09T17:08,0.71
nereu,2026-10-09T17:09,0.71
nereu,2026-10-09T17:10,0.71
nereu,2026-10-09T17:11,0.71
nereu,2026-10-09T17:12,0.71
nereu,2026-10-09T17:13,0.71
nereu,2026-10-09T17:14,0.71
nereu,2026-10-09T17:15,0.71
nereu,2026-10-09T17:16,0.71
eta,2026-10-09T17:07,0.96
eta,2026-10-09T17:08,0.97
eta,2026-10-09T17:09,0.96
eta,2026-10-09T17:10,0.96
eta,2026-10-09T17:11,0.96
eta,2026-10-09T17:12,0.96
eta,2026-10-09T17:13,0.96
eta,2026-10-09T17:14,0.96
eta,2026-10-09T17:15,0.96
eta,2026-10-09T17:16,0.96
via_verde,2026-10-09T17:07,0.88
via_verde,2026-10-09T17:08,0.89
via_verde,2026-10-09T17:09,0.89
via_verde,2026-10-09T17:10,0.89
via_verde,2026-10-09T17:11,0.88
via_verde,2026-10-09T17:12,0.88
via_verde,2026-10-09T17:13,0.88
via_verde,2026-10-09T17:14,0.88
via_verde,2026-10-09T17:15,0.88
via_verde,2026-10-09T17:16,0.88
corupa,2026-10-09T17:17,0.6
corupa,2026-10-09T17:18,0.6
corupa,2026-10-09T17:19,0.6
corupa,2026-10-09T17:20,0.6
corupa,2026-10-09T17:21,0.61
corupa,2026-10-09T17:22,0.61
corupa,2026-10-09T17:23,0.6
corupa,2026-10-09T17:24,0.6
corupa,2026-10-09T17:25,0.61
corupa,2026-10-09T17:26,0.61
nereu,2026-10-09T17:17,0.71
nereu,2026-10-09T17:18,0.71
nereu,2026-10-09T17:19,0.71
nereu,2026-10-09T17:20,0.71
nereu,2026-10-09T17:21,0.72
nereu,2026-10-09T17:22,0.72
nereu,2026-10-09T17:23,0.71
nereu,2026-10-09T17:24,0.71
nereu,2026-10-09T17:25,0.71
nereu,2026-10-09T17:26,0.72
eta,2026-10-09T17:17,0.96
eta,2026-10-09T17:18,0.96
eta,2026-10-09T17:19,0.96
eta,2026-10-09T17:20,0.96
eta,2026-10-09T17:21,0.96
eta,2026-10-09T17:22,0.96
eta,2026-10-09T17:23,0.96
eta,2026-10-09T17:24,0.96
eta,2026-10-09T17:25,0.96
eta,2026-10-09T17:26,0.96
via_verde,2026-10-09T17:17,0.89
via_verde,2026-10-09T17:18,0.89
via_verde,2026-10-09T17:19,0.88
via_verde,2026-10-09T17:20,0.89
via_verde,2026-10-09T17:21,0.88
via_verde,2026-10-09T17:22,0.89
via_verde,2026-10-09T17:23,0.88
via_verde,2026-10-09T17:24,0.89
via_verde,2026-10-09T17:25,0.88
via_verde,2026-10-09T17:26,0.89
corupa,2026-10-09T17:27,0.61
corupa,2026-10-09T17:28,0.61
corupa,2026-10-09T17:29,0.61
corupa,2026-10-09T17:30,0.6
corupa,2026-10-09T17:31,0.6
corupa,2026-10-09T17:32,0.6
corupa,2026-10-09T17:33,0.6
corupa,2026-10-09T17:34,0.61
corupa,2026-10-09T17:35,0.62
corupa,2026-10-09T17:36,0.62
nereu,2026-10-09T17:27,0.72
nereu,2026-10-09T17:28,0.71
nereu,2026-10-09T17:29,0.71
nereu,2026-10-09T17:30,0.71
nereu,2026-10-09T17:31,0.71
nereu,2026-10-09T17:32,0.71
nereu,2026-10-09T17:33,0.71
nereu,2026-10-09T17:34,0.71
nereu,2026-10-09T17:35,0.72
nereu,2026-10-09T17:36,0.71
eta,2026-10-09T17:27,0.96
eta,2026-10-09T17:28,0.95
eta,2026-10-09T17:29,0.96
eta,2026-10-09T17:30,0.96
eta,2026-10-09T17:31,0.96
eta,2026-10-09T17:32,0.96
eta,2026-10-09T17:33,0.96
eta,2026-10-09T17:34,0.96
eta,2026-10-09T17:35,0.96
eta,2026-10-09T17:36,0.96
via_verde,2026-10-09T17:27,0.88
via_verde,2026-10-09T17:28,0.89
via_verde,2026-10-09T17:29,0.88
via_verde,2026-10-09T17:30,0.88
via_verde,2026-10-09T17:31,0.88
via_verde,2026-10-09T17:32,0.88
via_verde,2026-10-09T17:33,0.89
via_verde,2026-10-09T17:34,0.89
via_verde,2026-10-09T17:35,0.88
via_verde,2026-10-09T17:36,0.88
corupa,2026-10-09T17:37,0.62
corupa,2026-10-09T17:38,0.62
corupa,2026-10-09T17:39,0.61
corupa,2026-10-09T17:40,0.6
corupa,2026-10-09T17:41,0.6
corupa,2026-10-09T17:42,0.61
corupa,2026-10-09T17:43,0.61
corupa,2026-10-09T17:44,0.58
corupa,2026-10-09T17:45,0.6
corupa,2026-10-09T17:46,0.6
nereu,2026-10-09T17:37,0.71
nereu,2026-10-09T17:38,0.72
nereu,2026-10-09T17:39,0.72
nereu,2026-10-09T17:40,0.71
nereu,2026-10-09T17:41,0.71
nereu,2026-10-09T17:42,0.71
nereu,2026-10-09T17:43,0.71
nereu,2026-10-09T17:44,0.71
nereu,2026-10-09T17:45,0.71
nereu,2026-10-09T17:46,0.71
eta,2026-10-09T17:37,0.96
eta,2026-10-09T17:38,0.96
eta,2026-10-09T17:39,0.96
eta,2026-10-09T17:40,0.96
eta,2026-10-09T17:41,0.95
eta,2026-10-09T17:42,0.96
eta,2026-10-09T17:43,0.95
eta,2026-10-09T17:44,0.95
eta,2026-10-09T17:45,0.95
eta,2026-10-09T17:46,0.96
via_verde,2026-10-09T17:37,0.88
via_verde,2026-10-09T17:38,0.88
via_verde,2026-10-09T17:39,0.88
via_verde,2026-10-09T17:40,0.88
via_verde,2026-10-09T17:41,0.88
via_verde,2026-10-09T17:42,0.88
via_verde,2026-10-09T17:43,0.88
via_verde,2026-10-09T17:44,0.89
via_verde,2026-10-09T17:45,0.88
via_verde,2026-10-09T17:46,0.88
corupa,2026-10-09T17:47,0.6
corupa,2026-10-09T17:48,0.6
corupa,2026-10-09T17:49,0.6
corupa,2026-10-09T17:50,0.6
corupa,2026-10-09T17:51,0.6
corupa,2026-10-09T17:52,0.59
corupa,2026-10-09T17:53,0.59
corupa,2026-10-09T17:54,0.6
corupa,2026-10-09T17:55,0.59
corupa,2026-10-09T17:56,0.59
nereu,2026-10-09T17:47,0.71
nereu,2026-10-09T17:48,0.71
nereu,2026-10-09T17:49,0.71
nereu,2026-10-09T17:50,0.71
nereu,2026-10-09T17:51,0.7
nereu,2026-10-09T17:52,0.71
nereu,2026-10-09T17:53,0.71
nereu,2026-10-09T17:54,0.71
nereu,2026-10-09T17:55,0.71
nereu,2026-10-09T17:56,0.71
eta,2026-10-09T17:47,0.95
eta,2026-10-09T17:48,0.96
eta,2026-10-09T17:49,0.95
eta,2026-10-09T17:50,0.95
eta,2026-10-09T17:51,0.96
eta,2026-10-09T17:52,0.95
eta,2026-10-09T17:53,0.96
eta,2026-10-09T17:54,0.96
eta,2026-10-09T17:55,0.96
eta,2026-10-09T17:56,0.95
via_verde,2026-10-09T17:47,0.88
via_verde,2026-10-09T17:48,0.88
via_verde,2026-10-09T17:49,0.88
via_verde,2026-10-09T17:50,0.88
via_verde,2026-10-09T17:51,0.88
via_verde,2026-10-09T17:52,0.88
via_verde,2026-10-09T17:53,0.88
via_verde,2026-10-09T17:54,0.88
via_verde,2026-10-09T17:55,0.88
via_verde,2026-10-09T17:56,0.88
corupa,2026-10-09T17:57,0.6
corupa,2026-10-09T17:58,0.6
corupa,2026-10-09T17:59,0.59
corupa,2026-10-09T18:00,0.59
corupa,2026-10-09T18:01,0.58
corupa,2026-10-09T18:02,0.58
corupa,2026-10-09T18:03,0.61
corupa,2026-10-09T18:04,0.6
corupa,2026-10-09T18:05,0.6
corupa,2026-10-09T18:06,0.58
nereu,2026-10-09T17:57,0.71
nereu,2026-10-09T17:58,0.71
nereu,2026-10-09T17:59,0.71
nereu,2026-10-09T18:00,0.71
nereu,2026-10-09T18:01,0.71
nereu,2026-10-09T18:02,0.71
nereu,2026-10-09T18:03,0.71
nereu,2026-10-09T18:04,0.71
nereu,2026-10-09T18:05,0.71
nereu,2026-10-09T18:06,0.7
eta,2026-10-09T17:57,0.95
eta,2026-10-09T17:58,0.95
eta,2026-10-09T17:59,0.95
eta,2026-10-09T18:00,0.94
eta,2026-10-09T18:01,0.95
eta,2026-10-09T18:02,0.95
eta,2026-10-09T18:03,0.94
eta,2026-10-09T18:04,0.95
eta,2026-10-09T18:05,0.96
eta,2026-10-09T18:06,0.93
via_verde,2026-10-09T17:57,0.88
via_verde,2026-10-09T17:58,0.87
via_verde,2026-10-09T17:59,0.88
via_verde,2026-10-09T18:00,0.88
via_verde,2026-10-09T18:01,0.88
via_verde,2026-10-09T18:02,0.88
via_verde,2026-10-09T18:03,0.88
via_verde,2026-10-09T18:04,0.88
via_verde,2026-10-09T18:05,0.88
via_verde,2026-10-09T18:06,0.88
corupa,2026-10-09T18:07,0.58
corupa,2026-10-09T18:08,0.58
corupa,2026-10-09T18:09,0.58
corupa,2026-10-09T18:10,0.6
corupa,2026-10-09T18:11,0.58
corupa,2026-10-09T18:12,0.58
corupa,2026-10-09T18:13,0.58
corupa,2026-10-09T18:14,0.58
corupa,2026-10-09T18:15,0.6
corupa,2026-10-09T18:16,0.6
nereu,2026-10-09T18:07,0.71
nereu,2026-10-09T18:08,0.71
nereu,2026-10-09T18:09,0.71
nereu,2026-10-09T18:10,0.71
nereu,2026-10-09T18:11,0.7
nereu,2026-10-09T18:12,0.71
nereu,2026-10-09T18:13,0.7
nereu,2026-10-09T18:14,0.71
nereu,2026-10-09T18:15,0.7
nereu,2026-10-09T18:16,0.71
eta,2026-10-09T18:07,0.95
eta,2026-10-09T18:08,0.95
eta,2026-10-09T18:09,0.95
eta,2026-10-09T18:10,0.95
eta,2026-10-09T18:11,0.96
eta,2026-10-09T18:12,0.95
eta,2026-10-09T18:13,0.95
eta,2026-10-09T18:14,0.95
eta,2026-10-09T18:15,0.95
eta,2026-10-09T18:16,0.95
via_verde,2026-10-09T18:07,0.88
via_verde,2026-10-09T18:08,0.88
via_verde,2026-10-09T18:09,0.88
via_verde,2026-10-09T18:10,0.88
via_verde,2026-10-09T18:11,0.88
via_verde,2026-10-09T18:12,0.88
via_verde,2026-10-09T18:13,0.88
via_verde,2026-10-09T18:14,0.88
via_verde,2026-10-09T18:15,0.88
via_verde,2026-10-09T18:16,0.87
corupa,2026-10-09T18:17,0.6
corupa,2026-10-09T18:18,0.58
corupa,2026-10-09T18:19,0.58
corupa,2026-10-09T18:20,0.6
corupa,2026-10-09T18:21,0.59
corupa,2026-10-09T18:22,0.59
corupa,2026-10-09T18:23,0.58
corupa,2026-10-09T18:24,0.58
corupa,2026-10-09T18:25,0.6
corupa,2026-10-09T18:26,0.59
nereu,2026-10-09T18:17,0.71
nereu,2026-10-09T18:18,0.71
nereu,2026-10-09T18:19,0.71
nereu,2026-10-09T18:20,0.71
nereu,2026-10-09T18:21,0.7
nereu,2026-10-09T18:22,0.71
nereu,2026-10-09T18:23,0.71
nereu,2026-10-09T18:24,0.71
nereu,2026-10-09T18:25,0.71
nereu,2026-10-09T18:26,0.7
eta,2026-10-09T18:17,0.95
eta,2026-10-09T18:18,0.95
eta,2026-10-09T18:19,0.95
eta,2026-10-09T18:20,0.95
eta,2026-10-09T18:21,0.95
eta,2026-10-09T18:22,0.95
eta,2026-10-09T18:23,0.94
eta,2026-10-09T18:24,0.95
eta,2026-10-09T18:25,0.95
eta,2026-10-09T18:26,0.94
via_verde,2026-10-09T18:17,0.87
via_verde,2026-10-09T18:18,0.88
via_verde,2026-10-09T18:19,0.87
via_verde,2026-10-09T18:20,0.88
via_verde,2026-10-09T18:21,0.87
via_verde,2026-10-09T18:22,0.88
via_verde,2026-10-09T18:23,0.87
via_verde,2026-10-09T18:24,0.87
via_verde,2026-10-09T18:25,0.88
via_verde,2026-10-09T18:26,0.88
corupa,2026-10-09T18:27,0.59
corupa,2026-10-09T18:28,0.6
corupa,2026-10-09T18:29,0.6
corupa,2026-10-09T18:30,0.59
corupa,2026-10-09T18:31,0.6
corupa,2026-10-09T18:32,0.6
corupa,2026-10-09T18:33,0.6
corupa,2026-10-09T18:34,0.6
corupa,2026-10-09T18:35,0.6
corupa,2026-10-09T18:36,0.58
nereu,2026-10-09T18:27,0.7
nereu,2026-10-09T18:28,0.7
nereu,2026-10-09T18:29,0.71
nereu,2026-10-09T18:30,0.7
nereu,2026-10-09T18:31,0.7
nereu,2026-10-09T18:32,0.71
nereu,2026-10-09T18:33,0.71
nereu,2026-10-09T18:34,0.7
nereu,2026-10-09T18:35,0.7
nereu,2026-10-09T18:36,0.7
eta,2026-10-09T18:27,0.95
eta,2026-10-09T18:28,0.95
eta,2026-10-09T18:29,0.95
eta,2026-10-09T18:30,0.94
eta,2026-10-09T18:31,0.95
eta,2026-10-09T18:32,0.94
eta,2026-10-09T18:33,0.94
eta,2026-10-09T18:34,0.94
eta,2026-10-09T18:35,0.94
eta,2026-10-09T18:36,0.94
via_verde,2026-10-09T18:27,0.88
via_verde,2026-10-09T18:28,0.88
via_verde,2026-10-09T18:29,0.87
via_verde,2026-10-09T18:30,0.88
via_verde,2026-10-09T18:31,0.88
via_verde,2026-10-09T18:32,0.87
via_verde,2026-10-09T18:33,0.87
via_verde,2026-10-09T18:34,0.87
via_verde,2026-10-09T18:35,0.87
via_verde,2026-10-09T18:36,0.87
corupa,2026-10-09T18:37,0.58
corupa,2026-10-09T18:38,0.6
corupa,2026-10-09T18:39,0.58
corupa,2026-10-09T18:40,0.58
corupa,2026-10-09T18:41,0.58
corupa,2026-10-09T18:42,0.6
corupa,2026-10-09T18:43,0.6
corupa,2026-10-09T18:44,0.59
corupa,2026-10-09T18:45,0.59
corupa,2026-10-09T18:46,0.59
nereu,2026-10-09T18:37,0.7
nereu,2026-10-09T18:38,0.7
nereu,2026-10-09T18:39,0.7
nereu,2026-10-09T18:40,0.7
nereu,2026-10-09T18:41,0.7
nereu,2026-10-09T18:42,0.7
nereu,2026-10-09T18:43,0.7
nereu,2026-10-09T18:44,0.7
nereu,2026-10-09T18:45,0.7
nereu,2026-10-09T18:46,0.7
eta,2026-10-09T18:37,0.95
eta,2026-10-09T18:38,0.94
eta,2026-10-09T18:39,0.94
eta,2026-10-09T18:40,0.94
eta,2026-10-09T18:41,0.94
eta,2026-10-09T18:42,0.95
eta,2026-10-09T18:43,0.94
eta,2026-10-09T18:44,0.94
eta,2026-10-09T18:45,0.94
eta,2026-10-09T18:46,0.94
via_verde,2026-10-09T18:37,0.87
via_verde,2026-10-09T18:38,0.87
via_verde,2026-10-09T18:39,0.87
via_verde,2026-10-09T18:40,0.88
via_verde,2026-10-09T18:41,0.87
via_verde,2026-10-09T18:42,0.87
via_verde,2026-10-09T18:43,0.87
via_verde,2026-10-09T18:44,0.87
via_verde,2026-10-09T18:45,0.87
via_verde,2026-10-09T18:46,0.86
corupa,2026-10-09T18:47,0.58
corupa,2026-10-09T18:48,0.59
corupa,2026-10-09T18:49,0.59
corupa,2026-10-09T18:50,0.59
corupa,2026-10-09T18:51,0.59
corupa,2026-10-09T18:52,0.59
corupa,2026-10-09T18:53,0.6
corupa,2026-10-09T18:54,0.59
corupa,2026-10-09T18:55,0.59
corupa,2026-10-09T18:56,0.59
nereu,2026-10-09T18:47,0.7
nereu,2026-10-09T18:48,0.7
nereu,2026-10-09T18:49,0.7
nereu,2026-10-09T18:50,0.7
nereu,2026-10-09T18:51,0.7
nereu,2026-10-09T18:52,0.7
nereu,2026-10-09T18:53,0.7
nereu,2026-10-09T18:54,0.7
nereu,2026-10-09T18:55,0.7
nereu,2026-10-09T18:56,0.7
eta,2026-10-09T18:47,0.94
eta,2026-10-09T18:48,0.94
eta,2026-10-09T18:49,0.94
eta,2026-10-09T18:50,0.95
eta,2026-10-09T18:51,0.94
eta,2026-10-09T18:52,0.94
eta,2026-10-09T18:53,0.94
eta,2026-10-09T18:54,0.94
eta,2026-10-09T18:55,0.94
eta,2026-10-09T18:56,0.94
via_verde,2026-10-09T18:47,0.87
via_verde,2026-10-09T18:48,0.87
via_verde,2026-10-09T18:49,0.87
via_verde,2026-10-09T18:50,0.87
via_verde,2026-10-09T18:51,0.87
via_verde,2026-10-09T18:52,0.87
via_verde,2026-10-09T18:53,0.87
via_verde,2026-10-09T18:54,0.87
via_verde,2026-10-09T18:55,0.86
via_verde,2026-10-09T18:56,0.86
corupa,2026-10-09T18:57,0.6
corupa,2026-10-09T18:58,0.6
corupa,2026-10-09T18:59,0.58
corupa,2026-10-09T19:00,0.59
corupa,2026-10-09T19:01,0.59
corupa,2026-10-09T19:02,0.59
corupa,2026-10-09T19:03,0.59
corupa,2026-10-09T19:04,0.59
corupa,2026-10-09T19:05,0.58
corupa,2026-10-09T19:06,0.58
nereu,2026-10-09T18:57,0.7
nereu,2026-10-09T18:58,0.7
nereu,2026-10-09T18:59,0.7
nereu,2026-10-09T19:00,0.7
nereu,2026-10-09T19:01,0.71
nereu,2026-10-09T19:02,0.71
nereu,2026-10-09T19:03,0.7
nereu,2026-10-09T19:04,0.7
nereu,2026-10-09T19:05,0.71
nereu,2026-10-09T19:06,0.7
eta,2026-10-09T18:57,0.94
eta,2026-10-09T18:58,0.94
eta,2026-10-09T18:59,0.94
eta,2026-10-09T19:00,0.94
eta,2026-10-09T19:01,0.94
eta,2026-10-09T19:02,0.94
eta,2026-10-09T19:03,0.95
eta,2026-10-09T19:04,0.94
eta,2026-10-09T19:05,0.94
eta,2026-10-09T19:06,0.94
via_verde,2026-10-09T18:57,0.87
via_verde,2026-10-09T18:58,0.87
via_verde,2026-10-09T18:59,0.86
via_verde,2026-10-09T19:00,0.87
via_verde,2026-10-09T19:01,0.87
via_verde,2026-10-09T19:02,0.87
via_verde,2026-10-09T19:03,0.86
via_verde,2026-10-09T19:04,0.86
via_verde,2026-10-09T19:05,0.87
via_verde,2026-10-09T19:06,0.87
corupa,2026-10-09T19:07,0.58
corupa,2026-10-09T19:08,0.61
corupa,2026-10-09T19:09,0.6
corupa,2026-10-09T19:10,0.6
corupa,2026-10-09T19:11,0.59
corupa,2026-10-09T19:12,0.58
corupa,2026-10-09T19:13,0.58
corupa,2026-10-09T19:14,0.58
corupa,2026-10-09T19:15,0.58
corupa,2026-10-09T19:16,0.59
nereu,2026-10-09T19:07,0.7
nereu,2026-10-09T19:08,0.7
nereu,2026-10-09T19:09,0.7
nereu,2026-10-09T19:10,0.7
nereu,2026-10-09T19:11,0.7
nereu,2026-10-09T19:12,0.7
nereu,2026-10-09T19:13,0.7
nereu,2026-10-09T19:14,0.7
nereu,2026-10-09T19:15,0.7
nereu,2026-10-09T19:16,0.7
eta,2026-10-09T19:07,0.95
eta,2026-10-09T19:08,0.94
eta,2026-10-09T19:09,0.94
eta,2026-10-09T19:10,0.94
eta,2026-10-09T19:11,0.94
eta,2026-10-09T19:12,0.94
eta,2026-10-09T19:13,0.95
eta,2026-10-09T19:14,0.94
eta,2026-10-09T19:15,0.94
eta,2026-10-09T19:16,0.95
via_verde,2026-10-09T19:07,0.86
via_verde,2026-10-09T19:08,0.87
via_verde,2026-10-09T19:09,0.87
via_verde,2026-10-09T19:10,0.86
via_verde,2026-10-09T19:11,0.86
via_verde,2026-10-09T19:12,0.86
via_verde,2026-10-09T19:13,0.87
via_verde,2026-10-09T19:14,0.86
via_verde,2026-10-09T19:15,0.86
via_verde,2026-10-09T19:16,0.86
corupa,2026-10-09T19:17,0.59
corupa,2026-10-09T19:18,0.59
corupa,2026-10-09T19:19,0.6
corupa,2026-10-09T19:20,0.57
corupa,2026-10-09T19:21,0.57
corupa,2026-10-09T19:22,0.57
corupa,2026-10-09T19:23,0.58
corupa,2026-10-09T19:24,0.58
corupa,2026-10-09T19:25,0.57
corupa,2026-10-09T19:26,0.59
nereu,2026-10-09T19:17,0.7
nereu,2026-10-09T19:18,0.7
nereu,2026-10-09T19:19,0.7
nereu,2026-10-09T19:20,0.7
nereu,2026-10-09T19:21,0.7
nereu,2026-10-09T19:22,0.7
nereu,2026-10-09T19:23,0.7
nereu,2026-10-09T19:24,0.7
nereu,2026-10-09T19:25,0.7
nereu,2026-10-09T19:26,0.7
eta,2026-10-09T19:17,0.94
eta,2026-10-09T19:18,0.94
eta,2026-10-09T19:19,0.94
eta,2026-10-09T19:20,0.94
eta,2026-10-09T19:21,0.95
eta,2026-10-09T19:22,0.94
eta,2026-10-09T19:23,0.94
eta,2026-10-09T19:24,0.94
eta,2026-10-09T19:25,0.92
eta,2026-10-09T19:26,0.95
via_verde,2026-10-09T19:17,0.86
via_verde,2026-10-09T19:18,0.87
via_verde,2026-10-09T19:19,0.86
via_verde,2026-10-09T19:20,0.86
via_verde,2026-10-09T19:21,0.86
via_verde,2026-10-09T19:22,0.86
via_verde,2026-10-09T19:23,0.86
via_verde,2026-10-09T19:24,0.86
via_verde,2026-10-09T19:25,0.87
via_verde,2026-10-09T19:26,0.87
corupa,2026-10-09T19:27,0.59
corupa,2026-10-09T19:28,0.59
corupa,2026-10-09T19:29,0.59
corupa,2026-10-09T19:30,0.58
corupa,2026-10-09T19:31,0.58
nereu,2026-10-09T19:27,0.7
nereu,2026-10-09T19:28,0.7
nereu,2026-10-09T19:29,0.7
nereu,2026-10-09T19:30,0.7
nereu,2026-10-09T19:31,0.7
eta,2026-10-09T19:27,0.94
eta,2026-10-09T19:28,0.94
eta,2026-10-09T19:29,0.94
eta,2026-10-09T19:30,0.95
eta,2026-10-09T19:31,0.94
via_verde,2026-10-09T19:27,0.86
via_verde,2026-10-09T19:28,0.86
via_verde,2026-10-09T19:29,0.86
via_verde,2026-10-09T19:30,0.86
via_verde,2026-10-09T19:31,0.86
corupa,2026-10-09T19:32,0.58
corupa,2026-10-09T19:33,0.58
corupa,2026-10-09T19:34,0.6
corupa,2026-10-09T19:35,0.6
corupa,2026-10-09T19:36,0.58
corupa,2026-10-09T19:37,0.59
corupa,2026-10-09T19:38,0.59
corupa,2026-10-09T19:39,0.59
corupa,2026-10-09T19:40,0.57
corupa,2026-10-09T19:41,0.57
nereu,2026-10-09T19:32,0.7
nereu,2026-10-09T19:33,0.7
nereu,2026-10-09T19:34,0.7
nereu,2026-10-09T19:35,0.7
nereu,2026-10-09T19:36,0.7
nereu,2026-10-09T19:37,0.7
nereu,2026-10-09T19:38,0.7
nereu,2026-10-09T19:39,0.7
nereu,2026-10-09T19:40,0.7
nereu,2026-10-09T19:41,0.7
eta,2026-10-09T19:32,0.94
eta,2026-10-09T19:33,0.95
eta,2026-10-09T19:34,0.94
eta,2026-10-09T19:35,0.94
eta,2026-10-09T19:36,0.94
eta,2026-10-09T19:37,0.94
eta,2026-10-09T19:38,0.94
eta,2026-10-09T19:39,0.94
eta,2026-10-09T19:40,0.94
eta,2026-10-09T19:41,0.94
via_verde,2026-10-09T19:32,0.86
via_verde,2026-10-09T19:33,0.86
via_verde,2026-10-09T19:34,0.86
via_verde,2026-10-09T19:35,0.86
via_verde,2026-10-09T19:36,0.87
via_verde,2026-10-09T19:37,0.86
via_verde,2026-10-09T19:38,0.86
via_verde,2026-10-09T19:39,0.86
via_verde,2026-10-09T19:40,0.86
via_verde,2026-10-09T19:41,0.86
corupa,2026-10-09T19:42,0.59
corupa,2026-10-09T19:43,0.59
corupa,2026-10-09T19:44,0.59
nereu,2026-10-09T19:42,0.7
nereu,2026-10-09T19:43,0.7
nereu,2026-10-09T19:44,0.7
eta,2026-10-09T19:42,0.94
eta,2026-10-09T19:43,0.94
eta,2026-10-09T19:44,0.94
via_verde,2026-10-09T19:42,0.86
via_verde,2026-10-09T19:43,0.86
via_verde,2026-10-09T19:44,0.86
corupa,2026-10-09T19:45,0.59
corupa,2026-10-09T19:46,0.59
corupa,2026-10-09T19:47,0.59
corupa,2026-10-09T19:48,0.59
corupa,2026-10-09T19:49,0.58
corupa,2026-10-09T19:50,0.58
corupa,2026-10-09T19:51,0.59
corupa,2026-10-09T19:52,0.58
corupa,2026-10-09T19:53,0.58
corupa,2026-10-09T19:54,0.58
corupa,2026-10-09T19:55,0.58
corupa,2026-10-09T19:56,0.59
corupa,2026-10-09T19:57,0.59
corupa,2026-10-09T19:58,0.6
corupa,2026-10-09T19:59,0.57
corupa,2026-10-09T20:00,0.57
corupa,2026-10-09T20:01,0.58
corupa,2026-10-09T20:02,0.58
corupa,2026-10-09T20:03,0.6
corupa,2026-10-09T20:04,0.6
corupa,2026-10-09T20:05,0.6
corupa,2026-10-09T20:06,0.6
corupa,2026-10-09T20:07,0.59
corupa,2026-10-09T20:08,0.6
corupa,2026-10-09T20:09,0.6
corupa,2026-10-09T20:10,0.58
corupa,2026-10-09T20:11,0.58
corupa,2026-10-09T20:12,0.59
corupa,2026-10-09T20:13,0.59
corupa,2026-10-09T20:14,0.58
corupa,2026-10-09T20:15,0.59
corupa,2026-10-09T20:16,0.59
corupa,2026-10-09T20:17,0.59
corupa,2026-10-09T20:18,0.59
corupa,2026-10-09T20:19,0.59
corupa,2026-10-09T20:20,0.59
corupa,2026-10-09T20:21,0.59
corupa,2026-10-09T20:22,0.59
corupa,2026-10-09T20:23,0.59
corupa,2026-10-09T20:24,0.59
corupa,2026-10-09T20:25,0.58
corupa,2026-10-09T20:26,0.58
corupa,2026-10-09T20:27,0.56
corupa,2026-10-09T20:28,0.56
corupa,2026-10-09T20:29,0.57
corupa,2026-10-09T20:30,0.59
corupa,2026-10-09T20:31,0.59
corupa,2026-10-09T20:32,0.57
corupa,2026-10-09T20:33,0.57
corupa,2026-10-09T20:34,0.57
corupa,2026-10-09T20:35,0.58
corupa,2026-10-09T20:36,0.58
corupa,2026-10-09T20:37,0.57
corupa,2026-10-09T20:38,0.57
corupa,2026-10-09T20:39,0.59
corupa,2026-10-09T20:40,0.58
corupa,2026-10-09T20:41,0.58
corupa,2026-10-09T20:42,0.58
corupa,2026-10-09T20:43,0.58
corupa,2026-10-09T20:44,0.57
corupa,2026-10-09T20:45,0.57
corupa,2026-10-09T20:46,0.58
corupa,2026-10-09T20:47,0.58
corupa,2026-10-09T20:48,0.58
corupa,2026-10-09T20:49,0.58
corupa,2026-10-09T20:50,0.58
corupa,2026-10-09T20:51,0.59
corupa,2026-10-09T20:52,0.59
corupa,2026-10-09T20:53,0.58
corupa,2026-10-09T20:54,0.58
corupa,2026-10-09T20:55,0.57
corupa,2026-10-09T20:56,0.57
corupa,2026-10-09T20:57,0.57
corupa,2026-10-09T20:58,0.58
corupa,2026-10-09T20:59,0.58
corupa,2026-10-09T21:00,0.58
corupa,2026-10-09T21:01,0.58
corupa,2026-10-09T21:02,0.58
corupa,2026-10-09T21:03,0.59
corupa,2026-10-09T21:04,0.59
corupa,2026-10-09T21:05,0.57
corupa,2026-10-09T21:06,0.57
corupa,2026-10-09T21:07,0.57
corupa,2026-10-09T21:08,0.58
corupa,2026-10-09T21:09,0.58
corupa,2026-10-09T21:10,0.57
corupa,2026-10-09T21:11,0.57
corupa,2026-10-09T21:12,0.58
corupa,2026-10-09T21:13,0.58
corupa,2026-10-09T21:14,0.58
corupa,2026-10-09T21:15,0.58
corupa,2026-10-09T21:16,0.58
corupa,2026-10-09T21:17,0.58
corupa,2026-10-09T21:18,0.58
corupa,2026-10-09T21:19,0.58
corupa,2026-10-09T21:20,0.58
corupa,2026-10-09T21:21,0.58
corupa,2026-10-09T21:22,0.58
corupa,2026-10-09T21:23,0.58
corupa,2026-10-09T21:24,0.58
corupa,2026-10-09T21:25,0.58
corupa,2026-10-09T21:26,0.58
corupa,2026-10-09T21:27,0.58
corupa,2026-10-09T21:28,0.57
corupa,2026-10-09T21:29,0.57
corupa,2026-10-09T21:30,0.56
corupa,2026-10-09T21:31,0.56
corupa,2026-10-09T21:32,0.56
corupa,2026-10-09T21:33,0.58
corupa,2026-10-09T21:34,0.58
corupa,2026-10-09T21:35,0.57
corupa,2026-10-09T21:36,0.57
corupa,2026-10-09T21:37,0.57
corupa,2026-10-09T21:38,0.57
corupa,2026-10-09T21:39,0.58
corupa,2026-10-09T21:40,0.58
corupa,2026-10-09T21:41,0.58
corupa,2026-10-09T21:42,0.59
corupa,2026-10-09T21:43,0.59
corupa,2026-10-09T21:44,0.58
corupa,2026-10-09T21:45,0.58
corupa,2026-10-09T21:46,0.57
corupa,2026-10-09T21:47,0.57
corupa,2026-10-09T21:48,0.57
corupa,2026-10-09T21:49,0.57
corupa,2026-10-09T21:50,0.57
corupa,2026-10-09T21:51,0.57
corupa,2026-10-09T21:52,0.57
corupa,2026-10-09T21:53,0.57
corupa,2026-10-09T21:54,0.57
corupa,2026-10-09T21:55,0.58
corupa,2026-10-09T21:56,0.58
corupa,2026-10-09T21:57,0.56
corupa,2026-10-09T21:58,0.58
corupa,2026-10-09T21:59,0.58
corupa,2026-10-09T22:00,0.59
corupa,2026-10-09T22:01,0.59
corupa,2026-10-09T22:02,0.56
corupa,2026-10-09T22:03,0.56
corupa,2026-10-09T22:04,0.56
corupa,2026-10-09T22:05,0.56
corupa,2026-10-09T22:06,0.56
corupa,2026-10-09T22:07,0.58
corupa,2026-10-09T22:08,0.58
corupa,2026-10-09T22:09,0.58
corupa,2026-10-09T22:10,0.58
corupa,2026-10-09T22:11,0.57
corupa,2026-10-09T22:12,0.57
corupa,2026-10-09T22:13,0.57
corupa,2026-10-09T22:14,0.57
corupa,2026-10-09T22:15,0.57
corupa,2026-10-09T22:16,0.59
corupa,2026-10-09T22:17,0.59
corupa,2026-10-09T22:18,0.58
corupa,2026-10-09T22:19,0.58
corupa,2026-10-09T22:20,0.57
corupa,2026-10-09T22:21,0.58
corupa,2026-10-09T22:22,0.58
corupa,2026-10-09T22:23,0.58
corupa,2026-10-09T22:24,0.58
corupa,2026-10-09T22:25,0.58
corupa,2026-10-09T22:26,0.58
corupa,2026-10-09T22:27,0.57
corupa,2026-10-09T22:28,0.57
corupa,2026-10-09T22:29,0.57
corupa,2026-10-09T22:30,0.58
corupa,2026-10-09T22:31,0.58
corupa,2026-10-09T22:32,0.58
corupa,2026-10-09T22:33,0.58
corupa,2026-10-09T22:34,0.58
corupa,2026-10-09T22:35,0.58
corupa,2026-10-09T22:36,0.57
corupa,2026-10-09T22:37,0.57
corupa,2026-10-09T22:38,0.57
corupa,2026-10-09T22:39,0.57
corupa,2026-10-09T22:40,0.57
corupa,2026-10-09T22:41,0.55
corupa,2026-10-09T22:42,0.55
corupa,2026-10-09T22:43,0.58
corupa,2026-10-09T22:44,0.58
corupa,2026-10-09T22:45,0.58
corupa,2026-10-09T22:46,0.57
corupa,2026-10-09T22:47,0.57
corupa,2026-10-09T22:48,0.57
corupa,2026-10-09T22:49,0.57
corupa,2026-10-09T22:50,0.56
corupa,2026-10-09T22:51,0.57
corupa,2026-10-09T22:52,0.57
corupa,2026-10-09T22:53,0.57
corupa,2026-10-09T22:54,0.57
corupa,2026-10-09T22:55,0.57
corupa,2026-10-09T22:56,0.57
nereu,2026-10-09T19:45,0.7
nereu,2026-10-09T19:46,0.7
nereu,2026-10-09T19:47,0.7
nereu,2026-10-09T19:48,0.7
nereu,2026-10-09T19:49,0.7
nereu,2026-10-09T19:50,0.7
nereu,2026-10-09T19:51,0.7
nereu,2026-10-09T19:52,0.7
nereu,2026-10-09T19:53,0.7
nereu,2026-10-09T19:54,0.7
nereu,2026-10-09T19:55,0.7
nereu,2026-10-09T19:56,0.7
nereu,2026-10-09T19:57,0.7
nereu,2026-10-09T19:58,0.7
nereu,2026-10-09T19:59,0.7
nereu,2026-10-09T20:00,0.7
nereu,2026-10-09T20:01,0.7
nereu,2026-10-09T20:02,0.7
nereu,2026-10-09T20:03,0.7
nereu,2026-10-09T20:04,0.7
nereu,2026-10-09T20:05,0.7
nereu,2026-10-09T20:06,0.7
nereu,2026-10-09T20:07,0.7
nereu,2026-10-09T20:08,0.7
nereu,2026-10-09T20:09,0.7
nereu,2026-10-09T20:10,0.7
nereu,2026-10-09T20:11,0.69
nereu,2026-10-09T20:12,0.7
nereu,2026-10-09T20:13,0.7
nereu,2026-10-09T20:14,0.7
nereu,2026-10-09T20:15,0.7
nereu,2026-10-09T20:16,0.7
nereu,2026-10-09T20:17,0.7
nereu,2026-10-09T20:18,0.7
nereu,2026-10-09T20:19,0.7
nereu,2026-10-09T20:20,0.7
nereu,2026-10-09T20:21,0.7
nereu,2026-10-09T20:22,0.7
nereu,2026-10-09T20:23,0.7
nereu,2026-10-09T20:24,0.69
nereu,2026-10-09T20:25,0.7
nereu,2026-10-09T20:26,0.7
nereu,2026-10-09T20:27,0.7
nereu,2026-10-09T20:28,0.7
nereu,2026-10-09T20:29,0.69
nereu,2026-10-09T20:30,0.69
nereu,2026-10-09T20:31,0.69
nereu,2026-10-09T20:32,0.69
nereu,2026-10-09T20:33,0.7
nereu,2026-10-09T20:34,0.69
nereu,2026-10-09T20:35,0.69
nereu,2026-10-09T20:36,0.69
nereu,2026-10-09T20:37,0.69
nereu,2026-10-09T20:38,0.69
nereu,2026-10-09T20:39,0.7
nereu,2026-10-09T20:40,0.7
nereu,2026-10-09T20:41,0.7
nereu,2026-10-09T20:42,0.7
nereu,2026-10-09T20:43,0.7
nereu,2026-10-09T20:44,0.7
nereu,2026-10-09T20:45,0.7
nereu,2026-10-09T20:46,0.7
nereu,2026-10-09T20:47,0.69
nereu,2026-10-09T20:48,0.69
nereu,2026-10-09T20:49,0.69
nereu,2026-10-09T20:50,0.69
nereu,2026-10-09T20:51,0.69
nereu,2026-10-09T20:52,0.69
nereu,2026-10-09T20:53,0.69
nereu,2026-10-09T20:54,0.7
nereu,2026-10-09T20:55,0.69
nereu,2026-10-09T20:56,0.69
nereu,2026-10-09T20:57,0.69
nereu,2026-10-09T20:58,0.69
nereu,2026-10-09T20:59,0.69
nereu,2026-10-09T21:00,0.7
nereu,2026-10-09T21:01,0.69
nereu,2026-10-09T21:02,0.69
nereu,2026-10-09T21:03,0.69
nereu,2026-10-09T21:04,0.7
nereu,2026-10-09T21:05,0.7
nereu,2026-10-09T21:06,0.7
nereu,2026-10-09T21:07,0.69
nereu,2026-10-09T21:08,0.69
nereu,2026-10-09T21:09,0.69
nereu,2026-10-09T21:10,0.69
nereu,2026-10-09T21:11,0.69
nereu,2026-10-09T21:12,0.7
nereu,2026-10-09T21:13,0.7
nereu,2026-10-09T21:14,0.69
nereu,2026-10-09T21:15,0.69
nereu,2026-10-09T21:16,0.69
nereu,2026-10-09T21:17,0.7
nereu,2026-10-09T21:18,0.69
nereu,2026-10-09T21:19,0.69
nereu,2026-10-09T21:20,0.69
nereu,2026-10-09T21:21,0.69
nereu,2026-10-09T21:22,0.69
nereu,2026-10-09T21:23,0.69
nereu,2026-10-09T21:24,0.69
nereu,2026-10-09T21:25,0.69
nereu,2026-10-09T21:26,0.69
nereu,2026-10-09T21:27,0.69
nereu,2026-10-09T21:28,0.69
nereu,2026-10-09T21:29,0.69
nereu,2026-10-09T21:30,0.69
nereu,2026-10-09T21:31,0.69
nereu,2026-10-09T21:32,0.69
nereu,2026-10-09T21:33,0.69
nereu,2026-10-09T21:34,0.69
nereu,2026-10-09T21:35,0.69
nereu,2026-10-09T21:36,0.69
nereu,2026-10-09T21:37,0.69
nereu,2026-10-09T21:38,0.69
nereu,2026-10-09T21:39,0.69
nereu,2026-10-09T21:40,0.69
nereu,2026-10-09T21:41,0.69
nereu,2026-10-09T21:42,0.69
nereu,2026-10-09T21:43,0.69
nereu,2026-10-09T21:44,0.69
nereu,2026-10-09T21:45,0.69
nereu,2026-10-09T21:46,0.69
nereu,2026-10-09T21:47,0.69
nereu,2026-10-09T21:48,0.69
nereu,2026-10-09T21:49,0.69
nereu,2026-10-09T21:50,0.69
nereu,2026-10-09T21:51,0.69
nereu,2026-10-09T21:52,0.69
nereu,2026-10-09T21:53,0.69
nereu,2026-10-09T21:54,0.69
nereu,2026-10-09T21:55,0.69
nereu,2026-10-09T21:56,0.69
nereu,2026-10-09T21:57,0.69
nereu,2026-10-09T21:58,0.69
nereu,2026-10-09T21:59,0.69
nereu,2026-10-09T22:00,0.69
nereu,2026-10-09T22:01,0.69
nereu,2026-10-09T22:02,0.69
nereu,2026-10-09T22:03,0.69
nereu,2026-10-09T22:04,0.69
nereu,2026-10-09T22:05,0.69
nereu,2026-10-09T22:06,0.69
nereu,2026-10-09T22:07,0.69
nereu,2026-10-09T22:08,0.69
nereu,2026-10-09T22:09,0.69
nereu,2026-10-09T22:10,0.69
nereu,2026-10-09T22:11,0.69
nereu,2026-10-09T22:12,0.69
nereu,2026-10-09T22:13,0.69
nereu,2026-10-09T22:14,0.69
nereu,2026-10-09T22:15,0.69
nereu,2026-10-09T22:16,0.69
nereu,2026-10-09T22:17,0.69
nereu,2026-10-09T22:18,0.69
nereu,2026-10-09T22:19,0.69
nereu,2026-10-09T22:20,0.69
nereu,2026-10-09T22:21,0.69
nereu,2026-10-09T22:22,0.69
nereu,2026-10-09T22:23,0.68
nereu,2026-10-09T22:24,0.69
nereu,2026-10-09T22:25,0.69
nereu,2026-10-09T22:26,0.69
nereu,2026-10-09T22:27,0.69
nereu,2026-10-09T22:28,0.69
nereu,2026-10-09T22:29,0.69
nereu,2026-10-09T22:30,0.69
nereu,2026-10-09T22:31,0.69
nereu,2026-10-09T22:32,0.69
nereu,2026-10-09T22:33,0.69
nereu,2026-10-09T22:34,0.69
nereu,2026-10-09T22:35,0.7
nereu,2026-10-09T22:36,0.69
nereu,2026-10-09T22:37,0.7
nereu,2026-10-09T22:38,0.69
nereu,2026-10-09T22:39,0.69
nereu,2026-10-09T22:40,0.69
nereu,2026-10-09T22:41,0.69
nereu,2026-10-09T22:42,0.69
nereu,2026-10-09T22:43,0.69
nereu,2026-10-09T22:44,0.69
nereu,2026-10-09T22:45,0.69
nereu,2026-10-09T22:46,0.69
nereu,2026-10-09T22:47,0.69
nereu,2026-10-09T22:48,0.69
nereu,2026-10-09T22:49,0.69
nereu,2026-10-09T22:50,0.68
nereu,2026-10-09T22:51,0.69
nereu,2026-10-09T22:52,0.69
nereu,2026-10-09T22:53,0.69
nereu,2026-10-09T22:54,0.69
nereu,2026-10-09T22:55,0.69
nereu,2026-10-09T22:56,0.69
eta,2026-10-09T19:45,0.94
eta,2026-10-09T19:46,0.94
eta,2026-10-09T19:47,0.94
eta,2026-10-09T19:48,0.94
eta,2026-10-09T19:49,0.94
eta,2026-10-09T19:50,0.95
eta,2026-10-09T19:51,0.94
eta,2026-10-09T19:52,0.94
eta,2026-10-09T19:53,0.94
eta,2026-10-09T19:54,0.94
eta,2026-10-09T19:55,0.94
eta,2026-10-09T19:56,0.94
eta,2026-10-09T19:57,0.94
eta,2026-10-09T19:58,0.94
eta,2026-10-09T19:59,0.94
eta,2026-10-09T20:00,0.94
eta,2026-10-09T20:01,0.94
eta,2026-10-09T20:02,0.94
eta,2026-10-09T20:03,0.94
eta,2026-10-09T20:04,0.94
eta,2026-10-09T20:05,0.94
eta,2026-10-09T20:06,0.94
eta,2026-10-09T20:07,0.94
eta,2026-10-09T20:08,0.94
eta,2026-10-09T20:09,0.95
eta,2026-10-09T20:10,0.94
eta,2026-10-09T20:11,0.94
eta,2026-10-09T20:12,0.94
eta,2026-10-09T20:13,0.93
eta,2026-10-09T20:14,0.93
eta,2026-10-09T20:15,0.94
eta,2026-10-09T20:16,0.94
eta,2026-10-09T20:17,0.94
eta,2026-10-09T20:18,0.94
eta,2026-10-09T20:19,0.94
eta,2026-10-09T20:20,0.94
eta,2026-10-09T20:21,0.94
eta,2026-10-09T20:22,0.93
eta,2026-10-09T20:23,0.94
eta,2026-10-09T20:24,0.94
eta,2026-10-09T20:25,0.93
eta,2026-10-09T20:26,0.93
eta,2026-10-09T20:27,0.94
eta,2026-10-09T20:28,0.94
eta,2026-10-09T20:29,0.94
eta,2026-10-09T20:30,0.94
eta,2026-10-09T20:31,0.94
eta,2026-10-09T20:32,0.94
eta,2026-10-09T20:33,0.94
eta,2026-10-09T20:34,0.94
eta,2026-10-09T20:35,0.94
eta,2026-10-09T20:36,0.93
eta,2026-10-09T20:37,0.93
eta,2026-10-09T20:38,0.92
eta,2026-10-09T20:39,0.93
eta,2026-10-09T20:40,0.93
eta,2026-10-09T20:41,0.93
eta,2026-10-09T20:42,0.93
eta,2026-10-09T20:43,0.92
eta,2026-10-09T20:44,0.93
eta,2026-10-09T20:45,0.93
eta,2026-10-09T20:46,0.93
eta,2026-10-09T20:47,0.93
eta,2026-10-09T20:48,0.93
eta,2026-10-09T20:49,0.94
eta,2026-10-09T20:50,0.93
eta,2026-10-09T20:51,0.93
eta,2026-10-09T20:52,0.94
eta,2026-10-09T20:53,0.93
eta,2026-10-09T20:54,0.93
eta,2026-10-09T20:55,0.93
eta,2026-10-09T20:56,0.93
eta,2026-10-09T20:57,0.94
eta,2026-10-09T20:58,0.93
eta,2026-10-09T20:59,0.93
eta,2026-10-09T21:00,0.92
eta,2026-10-09T21:01,0.93
eta,2026-10-09T21:02,0.93
eta,2026-10-09T21:03,0.93
eta,2026-10-09T21:04,0.93
eta,2026-10-09T21:05,0.93
eta,2026-10-09T21:06,0.93
eta,2026-10-09T21:07,0.93
eta,2026-10-09T21:08,0.93
eta,2026-10-09T21:09,0.94
eta,2026-10-09T21:10,0.93
eta,2026-10-09T21:11,0.92
eta,2026-10-09T21:12,0.93
eta,2026-10-09T21:13,0.92
eta,2026-10-09T21:14,0.93
eta,2026-10-09T21:15,0.93
eta,2026-10-09T21:16,0.93
eta,2026-10-09T21:17,0.92
eta,2026-10-09T21:18,0.93
eta,2026-10-09T21:19,0.93
eta,2026-10-09T21:20,0.93
eta,2026-10-09T21:21,0.92
eta,2026-10-09T21:22,0.93
eta,2026-10-09T21:23,0.93
eta,2026-10-09T21:24,0.92
eta,2026-10-09T21:25,0.92
eta,2026-10-09T21:26,0.93
eta,2026-10-09T21:27,0.93
eta,2026-10-09T21:28,0.93
eta,2026-10-09T21:29,0.93
eta,2026-10-09T21:30,0.92
eta,2026-10-09T21:31,0.93
eta,2026-10-09T21:32,0.92
eta,2026-10-09T21:33,0.92
eta,2026-10-09T21:34,0.92
eta,2026-10-09T21:35,0.92
eta,2026-10-09T21:36,0.93
eta,2026-10-09T21:37,0.92
eta,2026-10-09T21:38,0.92
eta,2026-10-09T21:39,0.92
eta,2026-10-09T21:40,0.91
eta,2026-10-09T21:41,0.92
eta,2026-10-09T21:42,0.92
eta,2026-10-09T21:43,0.92
eta,2026-10-09T21:44,0.93
eta,2026-10-09T21:45,0.92
eta,2026-10-09T21:46,0.92
eta,2026-10-09T21:47,0.92
eta,2026-10-09T21:48,0.92
eta,2026-10-09T21:49,0.92
eta,2026-10-09T21:50,0.92
eta,2026-10-09T21:51,0.92
eta,2026-10-09T21:52,0.92
eta,2026-10-09T21:53,0.93
eta,2026-10-09T21:54,0.92
eta,2026-10-09T21:55,0.93
eta,2026-10-09T21:56,0.92
eta,2026-10-09T21:57,0.92
eta,2026-10-09T21:58,0.92
eta,2026-10-09T21:59,0.92
eta,2026-10-09T22:00,0.92
eta,2026-10-09T22:01,0.92
eta,2026-10-09T22:02,0.92
eta,2026-10-09T22:03,0.92
eta,2026-10-09T22:04,0.92
eta,2026-10-09T22:05,0.91
eta,2026-10-09T22:06,0.92
eta,2026-10-09T22:07,0.92
eta,2026-10-09T22:08,0.92
eta,2026-10-09T22:09,0.92
eta,2026-10-09T22:10,0.92
eta,2026-10-09T22:11,0.93
eta,2026-10-09T22:12,0.92
eta,2026-10-09T22:13,0.92
eta,2026-10-09T22:14,0.92
eta,2026-10-09T22:15,0.92
eta,2026-10-09T22:16,0.92
eta,2026-10-09T22:17,0.92
eta,2026-10-09T22:18,0.91
eta,2026-10-09T22:19,0.92
eta,2026-10-09T22:20,0.92
eta,2026-10-09T22:21,0.92
eta,2026-10-09T22:22,0.92
eta,2026-10-09T22:23,0.92
eta,2026-10-09T22:24,0.92
eta,2026-10-09T22:25,0.92
eta,2026-10-09T22:26,0.92
eta,2026-10-09T22:27,0.91
eta,2026-10-09T22:28,0.92
eta,2026-10-09T22:29,0.92
eta,2026-10-09T22:30,0.93
eta,2026-10-09T22:31,0.9
eta,2026-10-09T22:32,0.92
eta,2026-10-09T22:33,0.92
eta,2026-10-09T22:34,0.91
eta,2026-10-09T22:35,0.92
eta,2026-10-09T22:36,0.92
eta,2026-10-09T22:37,0.92
eta,2026-10-09T22:38,0.92
eta,2026-10-09T22:39,0.91
eta,2026-10-09T22:40,0.92
eta,2026-10-09T22:41,0.92
eta,2026-10-09T22:42,0.92
eta,2026-10-09T22:43,0.92
eta,2026-10-09T22:44,0.92
eta,2026-10-09T22:45,0.92
eta,2026-10-09T22:46,0.92
eta,2026-10-09T22:47,0.92
eta,2026-10-09T22:48,0.91
eta,2026-10-09T22:49,0.91
eta,2026-10-09T22:50,0.92
eta,2026-10-09T22:51,0.92
eta,2026-10-09T22:52,0.92
eta,2026-10-09T22:53,0.92
eta,2026-10-09T22:54,0.92
eta,2026-10-09T22:55,0.91
eta,2026-10-09T22:56,0.92
via_verde,2026-10-09T19:45,0.86
via_verde,2026-10-09T19:46,0.86
via_verde,2026-10-09T19:47,0.86
via_verde,2026-10-09T19:48,0.86
via_verde,2026-10-09T19:49,0.86
via_verde,2026-10-09T19:50,0.86
via_verde,2026-10-09T19:51,0.86
via_verde,2026-10-09T19:52,0.86
via_verde,2026-10-09T19:53,0.86
via_verde,2026-10-09T19:54,0.86
via_verde,2026-10-09T19:55,0.86
via_verde,2026-10-09T19:56,0.86
via_verde,2026-10-09T19:57,0.86
via_verde,2026-10-09T19:58,0.85
via_verde,2026-10-09T19:59,0.86
via_verde,2026-10-09T20:00,0.86
via_verde,2026-10-09T20:01,0.86
via_verde,2026-10-09T20:02,0.86
via_verde,2026-10-09T20:03,0.86
via_verde,2026-10-09T20:04,0.86
via_verde,2026-10-09T20:05,0.85
via_verde,2026-10-09T20:06,0.86
via_verde,2026-10-09T20:07,0.86
via_verde,2026-10-09T20:08,0.86
via_verde,2026-10-09T20:09,0.85
via_verde,2026-10-09T20:10,0.86
via_verde,2026-10-09T20:11,0.86
via_verde,2026-10-09T20:12,0.86
via_verde,2026-10-09T20:13,0.86
via_verde,2026-10-09T20:14,0.85
via_verde,2026-10-09T20:15,0.86
via_verde,2026-10-09T20:16,0.85
via_verde,2026-10-09T20:17,0.85
via_verde,2026-10-09T20:18,0.86
via_verde,2026-10-09T20:19,0.85
via_verde,2026-10-09T20:20,0.86
via_verde,2026-10-09T20:21,0.86
via_verde,2026-10-09T20:22,0.85
via_verde,2026-10-09T20:23,0.85
via_verde,2026-10-09T20:24,0.86
via_verde,2026-10-09T20:25,0.85
via_verde,2026-10-09T20:26,0.86
via_verde,2026-10-09T20:27,0.85
via_verde,2026-10-09T20:28,0.86
via_verde,2026-10-09T20:29,0.86
via_verde,2026-10-09T20:30,0.85
via_verde,2026-10-09T20:31,0.85
via_verde,2026-10-09T20:32,0.86
via_verde,2026-10-09T20:33,0.86
via_verde,2026-10-09T20:34,0.86
via_verde,2026-10-09T20:35,0.86
via_verde,2026-10-09T20:36,0.85
via_verde,2026-10-09T20:37,0.85
via_verde,2026-10-09T20:38,0.85
via_verde,2026-10-09T20:39,0.85
via_verde,2026-10-09T20:40,0.85
via_verde,2026-10-09T20:41,0.85
via_verde,2026-10-09T20:42,0.85
via_verde,2026-10-09T20:43,0.85
via_verde,2026-10-09T20:44,0.85
via_verde,2026-10-09T20:45,0.85
via_verde,2026-10-09T20:46,0.85
via_verde,2026-10-09T20:47,0.85
via_verde,2026-10-09T20:48,0.85
via_verde,2026-10-09T20:49,0.85
via_verde,2026-10-09T20:50,0.85
via_verde,2026-10-09T20:51,0.85
via_verde,2026-10-09T20:52,0.85
via_verde,2026-10-09T20:53,0.85
via_verde,2026-10-09T20:54,0.85
via_verde,2026-10-09T20:55,0.85
via_verde,2026-10-09T20:56,0.85
via_verde,2026-10-09T20:57,0.85
via_verde,2026-10-09T20:58,0.85
via_verde,2026-10-09T20:59,0.85
via_verde,2026-10-09T21:00,0.85
via_verde,2026-10-09T21:01,0.85
via_verde,2026-10-09T21:02,0.85
via_verde,2026-10-09T21:03,0.85
via_verde,2026-10-09T21:04,0.85
via_verde,2026-10-09T21:05,0.85
via_verde,2026-10-09T21:06,0.85
via_verde,2026-10-09T21:07,0.85
via_verde,2026-10-09T21:08,0.85
via_verde,2026-10-09T21:09,0.84
via_verde,2026-10-09T21:10,0.85
via_verde,2026-10-09T21:11,0.84
via_verde,2026-10-09T21:12,0.83
via_verde,2026-10-09T21:13,0.85
via_verde,2026-10-09T21:14,0.84
via_verde,2026-10-09T21:15,0.85
via_verde,2026-10-09T21:16,0.85
via_verde,2026-10-09T21:17,0.84
via_verde,2026-10-09T21:18,0.84
via_verde,2026-10-09T21:19,0.85
via_verde,2026-10-09T21:20,0.84
via_verde,2026-10-09T21:21,0.85
via_verde,2026-10-09T21:22,0.85
via_verde,2026-10-09T21:23,0.85
via_verde,2026-10-09T21:24,0.85
via_verde,2026-10-09T21:25,0.85
via_verde,2026-10-09T21:26,0.84
via_verde,2026-10-09T21:27,0.84
via_verde,2026-10-09T21:28,0.85
via_verde,2026-10-09T21:29,0.85
via_verde,2026-10-09T21:30,0.84
via_verde,2026-10-09T21:31,0.84
via_verde,2026-10-09T21:32,0.84
via_verde,2026-10-09T21:33,0.84
via_verde,2026-10-09T21:34,0.84
via_verde,2026-10-09T21:35,0.85
via_verde,2026-10-09T21:36,0.85
via_verde,2026-10-09T21:37,0.84
via_verde,2026-10-09T21:38,0.85
via_verde,2026-10-09T21:39,0.84
via_verde,2026-10-09T21:40,0.84
via_verde,2026-10-09T21:41,0.84
via_verde,2026-10-09T21:42,0.84
via_verde,2026-10-09T21:43,0.84
via_verde,2026-10-09T21:44,0.84
via_verde,2026-10-09T21:45,0.84
via_verde,2026-10-09T21:46,0.84
via_verde,2026-10-09T21:47,0.84
via_verde,2026-10-09T21:48,0.84
via_verde,2026-10-09T21:49,0.84
via_verde,2026-10-09T21:50,0.84
via_verde,2026-10-09T21:51,0.84
via_verde,2026-10-09T21:52,0.84
via_verde,2026-10-09T21:53,0.84
via_verde,2026-10-09T21:54,0.84
via_verde,2026-10-09T21:55,0.84
via_verde,2026-10-09T21:56,0.84
via_verde,2026-10-09T21:57,0.84
via_verde,2026-10-09T21:58,0.84
via_verde,2026-10-09T21:59,0.83
via_verde,2026-10-09T22:00,0.84
via_verde,2026-10-09T22:01,0.84
via_verde,2026-10-09T22:02,0.84
via_verde,2026-10-09T22:03,0.84
via_verde,2026-10-09T22:04,0.84
via_verde,2026-10-09T22:05,0.83
via_verde,2026-10-09T22:06,0.84
via_verde,2026-10-09T22:07,0.85
via_verde,2026-10-09T22:08,0.83
via_verde,2026-10-09T22:09,0.84
via_verde,2026-10-09T22:10,0.84
via_verde,2026-10-09T22:11,0.83
via_verde,2026-10-09T22:12,0.84
via_verde,2026-10-09T22:13,0.84
via_verde,2026-10-09T22:14,0.84
via_verde,2026-10-09T22:15,0.83
via_verde,2026-10-09T22:16,0.84
via_verde,2026-10-09T22:17,0.84
via_verde,2026-10-09T22:18,0.83
via_verde,2026-10-09T22:19,0.83
via_verde,2026-10-09T22:20,0.83
via_verde,2026-10-09T22:21,0.84
via_verde,2026-10-09T22:22,0.83
via_verde,2026-10-09T22:23,0.83
via_verde,2026-10-09T22:24,0.83
via_verde,2026-10-09T22:25,0.83
via_verde,2026-10-09T22:26,0.84
via_verde,2026-10-09T22:27,0.83
via_verde,2026-10-09T22:28,0.84
via_verde,2026-10-09T22:29,0.83
via_verde,2026-10-09T22:30,0.83
via_verde,2026-10-09T22:31,0.83
via_verde,2026-10-09T22:32,0.83
via_verde,2026-10-09T22:33,0.83
via_verde,2026-10-09T22:34,0.83
via_verde,2026-10-09T22:35,0.83
via_verde,2026-10-09T22:36,0.83
via_verde,2026-10-09T22:37,0.83
via_verde,2026-10-09T22:38,0.83
via_verde,2026-10-09T22:39,0.83
via_verde,2026-10-09T22:40,0.83
via_verde,2026-10-09T22:41,0.83
via_verde,2026-10-09T22:42,0.83
via_verde,2026-10-09T22:43,0.83
via_verde,2026-10-09T22:44,0.83
via_verde,2026-10-09T22:45,0.82
via_verde,2026-10-09T22:46,0.83
via_verde,2026-10-09T22:47,0.83
via_verde,2026-10-09T22:48,0.83
via_verde,2026-10-09T22:49,0.83
via_verde,2026-10-09T22:50,0.83
via_verde,2026-10-09T22:51,0.83
via_verde,2026-10-09T22:52,0.83
via_verde,2026-10-09T22:53,0.83
via_verde,2026-10-09T22:54,0.83
via_verde,2026-10-09T22:55,0.83
via_verde,2026-10-09T22:56,0.83
corupa,2026-10-09T22:57,0.57
nereu,2026-10-09T22:57,0.68
eta,2026-10-09T22:57,0.92
via_verde,2026-10-09T22:57,0.84
corupa,2026-10-09T22:58,0.56
corupa,2026-10-09T22:59,0.56
corupa,2026-10-09T23:00,0.58
corupa,2026-10-09T23:01,0.58
corupa,2026-10-09T23:02,0.56
corupa,2026-10-09T23:03,0.56
corupa,2026-10-09T23:04,0.58
corupa,2026-10-09T23:05,0.58
corupa,2026-10-09T23:06,0.58
corupa,2026-10-09T23:07,0.57
corupa,2026-10-09T23:08,0.57
corupa,2026-10-09T23:09,0.57
corupa,2026-10-09T23:10,0.57
corupa,2026-10-09T23:11,0.57
corupa,2026-10-09T23:12,0.57
corupa,2026-10-09T23:13,0.57
corupa,2026-10-09T23:14,0.57
corupa,2026-10-09T23:15,0.57
corupa,2026-10-09T23:16,0.56
corupa,2026-10-09T23:17,0.56
corupa,2026-10-09T23:18,0.56
corupa,2026-10-09T23:19,0.57
corupa,2026-10-09T23:20,0.57
corupa,2026-10-09T23:21,0.57
corupa,2026-10-09T23:22,0.57
corupa,2026-10-09T23:23,0.57
corupa,2026-10-09T23:24,0.57
corupa,2026-10-09T23:25,0.57
corupa,2026-10-09T23:26,0.57
corupa,2026-10-09T23:27,0.56
corupa,2026-10-09T23:28,0.56
corupa,2026-10-09T23:29,0.56
corupa,2026-10-09T23:30,0.56
corupa,2026-10-09T23:31,0.58
corupa,2026-10-09T23:32,0.57
corupa,2026-10-09T23:33,0.57
corupa,2026-10-09T23:34,0.55
corupa,2026-10-09T23:35,0.55
corupa,2026-10-09T23:36,0.58
corupa,2026-10-09T23:37,0.57
corupa,2026-10-09T23:38,0.57
corupa,2026-10-09T23:39,0.57
corupa,2026-10-09T23:40,0.57
corupa,2026-10-09T23:41,0.56
corupa,2026-10-09T23:42,0.57
corupa,2026-10-09T23:43,0.57
corupa,2026-10-09T23:44,0.56
corupa,2026-10-09T23:45,0.56
corupa,2026-10-09T23:46,0.56
corupa,2026-10-09T23:47,0.56
corupa,2026-10-09T23:48,0.56
corupa,2026-10-09T23:49,0.56
corupa,2026-10-09T23:50,0.56
corupa,2026-10-09T23:51,0.57
corupa,2026-10-09T23:52,0.57
corupa,2026-10-09T23:53,0.56
corupa,2026-10-09T23:54,0.56
corupa,2026-10-09T23:55,0.57
corupa,2026-10-09T23:56,0.57
corupa,2026-10-09T23:57,0.57
corupa,2026-10-09T23:58,0.58
corupa,2026-10-09T23:59,0.58
corupa,2026-10-10T00:00,0.56
corupa,2026-10-10T00:01,0.56
corupa,2026-10-10T00:02,0.56
corupa,2026-10-10T00:03,0.57
corupa,2026-10-10T00:04,0.57
corupa,2026-10-10T00:05,0.57
corupa,2026-10-10T00:06,0.56
corupa,2026-10-10T00:07,0.56
corupa,2026-10-10T00:08,0.56
corupa,2026-10-10T00:09,0.56
corupa,2026-10-10T00:10,0.57
corupa,2026-10-10T00:11,0.57
corupa,2026-10-10T00:12,0.57
corupa,2026-10-10T00:13,0.55
corupa,2026-10-10T00:14,0.55
corupa,2026-10-10T00:15,0.57
corupa,2026-10-10T00:16,0.56
corupa,2026-10-10T00:17,0.56
corupa,2026-10-10T00:18,0.55
corupa,2026-10-10T00:19,0.55
corupa,2026-10-10T00:20,0.56
corupa,2026-10-10T00:21,0.56
corupa,2026-10-10T00:22,0.57
corupa,2026-10-10T00:23,0.53
corupa,2026-10-10T00:24,0.53
corupa,2026-10-10T00:25,0.56
corupa,2026-10-10T00:26,0.55
corupa,2026-10-10T00:27,0.55
corupa,2026-10-10T00:28,0.55
corupa,2026-10-10T00:29,0.55
corupa,2026-10-10T00:30,0.56
corupa,2026-10-10T00:31,0.56
corupa,2026-10-10T00:32,0.56
corupa,2026-10-10T00:33,0.56
corupa,2026-10-10T00:34,0.57
corupa,2026-10-10T00:35,0.56
corupa,2026-10-10T00:36,0.56
corupa,2026-10-10T00:37,0.55
corupa,2026-10-10T00:38,0.53
corupa,2026-10-10T00:39,0.53
corupa,2026-10-10T00:40,0.56
corupa,2026-10-10T00:41,0.55
corupa,2026-10-10T00:42,0.55
corupa,2026-10-10T00:43,0.55
corupa,2026-10-10T00:44,0.55
corupa,2026-10-10T00:45,0.56
corupa,2026-10-10T00:46,0.55
corupa,2026-10-10T00:47,0.55
corupa,2026-10-10T00:48,0.55
corupa,2026-10-10T00:49,0.55
corupa,2026-10-10T00:50,0.57
corupa,2026-10-10T00:51,0.57
corupa,2026-10-10T00:52,0.55
corupa,2026-10-10T00:53,0.55
corupa,2026-10-10T00:54,0.55
corupa,2026-10-10T00:55,0.56
corupa,2026-10-10T00:56,0.56
corupa,2026-10-10T00:57,0.55
corupa,2026-10-10T00:58,0.56
corupa,2026-10-10T00:59,0.56
corupa,2026-10-10T01:00,0.57
corupa,2026-10-10T01:01,0.57
corupa,2026-10-10T01:02,0.53
corupa,2026-10-10T01:03,0.55
corupa,2026-10-10T01:04,0.55
corupa,2026-10-10T01:05,0.56
corupa,2026-10-10T01:06,0.56
corupa,2026-10-10T01:07,0.57
corupa,2026-10-10T01:08,0.56
corupa,2026-10-10T01:09,0.56
corupa,2026-10-10T01:10,0.55
corupa,2026-10-10T01:11,0.54
corupa,2026-10-10T01:12,0.54
corupa,2026-10-10T01:13,0.55
corupa,2026-10-10T01:14,0.55
corupa,2026-10-10T01:15,0.55
corupa,2026-10-10T01:16,0.55
corupa,2026-10-10T01:17,0.55
corupa,2026-10-10T01:18,0.55
corupa,2026-10-10T01:19,0.58
corupa,2026-10-10T01:20,0.58
corupa,2026-10-10T01:21,0.55
corupa,2026-10-10T01:22,0.55
corupa,2026-10-10T01:23,0.56
corupa,2026-10-10T01:24,0.56
corupa,2026-10-10T01:25,0.56
corupa,2026-10-10T01:26,0.56
corupa,2026-10-10T01:27,0.56
corupa,2026-10-10T01:28,0.56
corupa,2026-10-10T01:29,0.56
corupa,2026-10-10T01:30,0.57
corupa,2026-10-10T01:31,0.57
corupa,2026-10-10T01:32,0.55
corupa,2026-10-10T01:33,0.55
corupa,2026-10-10T01:34,0.55
corupa,2026-10-10T01:35,0.55
corupa,2026-10-10T01:36,0.55
corupa,2026-10-10T01:37,0.56
corupa,2026-10-10T01:38,0.55
corupa,2026-10-10T01:39,0.55
corupa,2026-10-10T01:40,0.54
corupa,2026-10-10T01:41,0.55
corupa,2026-10-10T01:42,0.55
corupa,2026-10-10T01:43,0.54
corupa,2026-10-10T01:44,0.56
corupa,2026-10-10T01:45,0.56
corupa,2026-10-10T01:46,0.55
corupa,2026-10-10T01:47,0.56
corupa,2026-10-10T01:48,0.56
corupa,2026-10-10T01:49,0.55
corupa,2026-10-10T01:50,0.55
corupa,2026-10-10T01:51,0.56
corupa,2026-10-10T01:52,0.55
corupa,2026-10-10T01:53,0.55
corupa,2026-10-10T01:54,0.56
corupa,2026-10-10T01:55,0.56
corupa,2026-10-10T01:56,0.56
corupa,2026-10-10T01:57,0.57
corupa,2026-10-10T01:58,0.57
corupa,2026-10-10T01:59,0.55
corupa,2026-10-10T02:00,0.56
corupa,2026-10-10T02:01,0.56
corupa,2026-10-10T02:02,0.55
corupa,2026-10-10T02:03,0.55
corupa,2026-10-10T02:04,0.55
corupa,2026-10-10T02:05,0.56
corupa,2026-10-10T02:06,0.56
corupa,2026-10-10T02:07,0.56
corupa,2026-10-10T02:08,0.57
corupa,2026-10-10T02:09,0.57
corupa,2026-10-10T02:10,0.56
corupa,2026-10-10T02:11,0.53
corupa,2026-10-10T02:12,0.55
corupa,2026-10-10T02:13,0.55
corupa,2026-10-10T02:14,0.55
corupa,2026-10-10T02:15,0.55
corupa,2026-10-10T02:16,0.55
corupa,2026-10-10T02:17,0.56
corupa,2026-10-10T02:18,0.55
corupa,2026-10-10T02:19,0.55
corupa,2026-10-10T02:20,0.56
corupa,2026-10-10T02:21,0.55
corupa,2026-10-10T02:22,0.55
corupa,2026-10-10T02:23,0.55
corupa,2026-10-10T02:24,0.55
corupa,2026-10-10T02:25,0.55
corupa,2026-10-10T02:26,0.55
corupa,2026-10-10T02:27,0.56
corupa,2026-10-10T02:28,0.54
corupa,2026-10-10T02:29,0.54
corupa,2026-10-10T02:30,0.57
nereu,2026-10-09T22:58,0.69
nereu,2026-10-09T22:59,0.69
nereu,2026-10-09T23:00,0.69
nereu,2026-10-09T23:01,0.68
nereu,2026-10-09T23:02,0.69
nereu,2026-10-09T23:03,0.69
nereu,2026-10-09T23:04,0.69
nereu,2026-10-09T23:05,0.69
nereu,2026-10-09T23:06,0.69
nereu,2026-10-09T23:07,0.68
nereu,2026-10-09T23:08,0.69
nereu,2026-10-09T23:09,0.69
nereu,2026-10-09T23:10,0.69
nereu,2026-10-09T23:11,0.68
nereu,2026-10-09T23:12,0.69
nereu,2026-10-09T23:13,0.69
nereu,2026-10-09T23:14,0.69
nereu,2026-10-09T23:15,0.68
nereu,2026-10-09T23:16,0.69
nereu,2026-10-09T23:17,0.69
nereu,2026-10-09T23:18,0.68
nereu,2026-10-09T23:19,0.68
nereu,2026-10-09T23:20,0.68
nereu,2026-10-09T23:21,0.69
nereu,2026-10-09T23:22,0.69
nereu,2026-10-09T23:23,0.68
nereu,2026-10-09T23:24,0.69
nereu,2026-10-09T23:25,0.69
nereu,2026-10-09T23:26,0.69
nereu,2026-10-09T23:27,0.69
nereu,2026-10-09T23:28,0.68
nereu,2026-10-09T23:29,0.68
nereu,2026-10-09T23:30,0.69
nereu,2026-10-09T23:31,0.69
nereu,2026-10-09T23:32,0.68
nereu,2026-10-09T23:33,0.68
nereu,2026-10-09T23:34,0.68
nereu,2026-10-09T23:35,0.68
nereu,2026-10-09T23:36,0.68
nereu,2026-10-09T23:37,0.68
nereu,2026-10-09T23:38,0.68
nereu,2026-10-09T23:39,0.68
nereu,2026-10-09T23:40,0.68
nereu,2026-10-09T23:41,0.68
nereu,2026-10-09T23:42,0.69
nereu,2026-10-09T23:43,0.69
nereu,2026-10-09T23:44,0.69
nereu,2026-10-09T23:45,0.69
nereu,2026-10-09T23:46,0.69
nereu,2026-10-09T23:47,0.68
nereu,2026-10-09T23:48,0.69
nereu,2026-10-09T23:49,0.68
nereu,2026-10-09T23:50,0.68
nereu,2026-10-09T23:51,0.68
nereu,2026-10-09T23:52,0.69
nereu,2026-10-09T23:53,0.69
nereu,2026-10-09T23:54,0.69
nereu,2026-10-09T23:55,0.69
nereu,2026-10-09T23:56,0.69
nereu,2026-10-09T23:57,0.69
nereu,2026-10-09T23:58,0.68
nereu,2026-10-09T23:59,0.69
nereu,2026-10-10T00:00,0.68
nereu,2026-10-10T00:01,0.68
nereu,2026-10-10T00:02,0.68
nereu,2026-10-10T00:03,0.68
nereu,2026-10-10T00:04,0.68
nereu,2026-10-10T00:05,0.68
nereu,2026-10-10T00:06,0.68
nereu,2026-10-10T00:07,0.68
nereu,2026-10-10T00:08,0.69
nereu,2026-10-10T00:09,0.68
nereu,2026-10-10T00:10,0.68
nereu,2026-10-10T00:11,0.69
nereu,2026-10-10T00:12,0.69
nereu,2026-10-10T00:13,0.69
nereu,2026-10-10T00:14,0.68
nereu,2026-10-10T00:15,0.69
nereu,2026-10-10T00:16,0.68
nereu,2026-10-10T00:17,0.69
nereu,2026-10-10T00:18,0.69
nereu,2026-10-10T00:19,0.69
nereu,2026-10-10T00:20,0.69
nereu,2026-10-10T00:21,0.68
nereu,2026-10-10T00:22,0.68
nereu,2026-10-10T00:23,0.69
nereu,2026-10-10T00:24,0.69
nereu,2026-10-10T00:25,0.68
nereu,2026-10-10T00:26,0.68
nereu,2026-10-10T00:27,0.68
nereu,2026-10-10T00:28,0.69
nereu,2026-10-10T00:29,0.68
nereu,2026-10-10T00:30,0.68
nereu,2026-10-10T00:31,0.68
nereu,2026-10-10T00:32,0.69
nereu,2026-10-10T00:33,0.68
nereu,2026-10-10T00:34,0.68
nereu,2026-10-10T00:35,0.68
nereu,2026-10-10T00:36,0.68
nereu,2026-10-10T00:37,0.68
nereu,2026-10-10T00:38,0.68
nereu,2026-10-10T00:39,0.68
nereu,2026-10-10T00:40,0.68
nereu,2026-10-10T00:41,0.69
nereu,2026-10-10T00:42,0.68
nereu,2026-10-10T00:43,0.68
nereu,2026-10-10T00:44,0.69
nereu,2026-10-10T00:45,0.69
nereu,2026-10-10T00:46,0.69
nereu,2026-10-10T00:47,0.69
nereu,2026-10-10T00:48,0.68
nereu,2026-10-10T00:49,0.68
nereu,2026-10-10T00:50,0.68
nereu,2026-10-10T00:51,0.68
nereu,2026-10-10T00:52,0.68
nereu,2026-10-10T00:53,0.68
nereu,2026-10-10T00:54,0.68
nereu,2026-10-10T00:55,0.68
nereu,2026-10-10T00:56,0.69
nereu,2026-10-10T00:57,0.68
nereu,2026-10-10T00:58,0.68
nereu,2026-10-10T00:59,0.68
nereu,2026-10-10T01:00,0.68
nereu,2026-10-10T01:01,0.68
nereu,2026-10-10T01:02,0.68
nereu,2026-10-10T01:03,0.68
nereu,2026-10-10T01:04,0.68
nereu,2026-10-10T01:05,0.68
nereu,2026-10-10T01:06,0.68
nereu,2026-10-10T01:07,0.68
nereu,2026-10-10T01:08,0.68
nereu,2026-10-10T01:09,0.68
nereu,2026-10-10T01:10,0.68
nereu,2026-10-10T01:11,0.68
nereu,2026-10-10T01:12,0.68
nereu,2026-10-10T01:13,0.68
nereu,2026-10-10T01:14,0.68
nereu,2026-10-10T01:15,0.68
nereu,2026-10-10T01:16,0.68
nereu,2026-10-10T01:17,0.68
nereu,2026-10-10T01:18,0.68
nereu,2026-10-10T01:19,0.68
nereu,2026-10-10T01:20,0.68
nereu,2026-10-10T01:21,0.68
nereu,2026-10-10T01:22,0.68
nereu,2026-10-10T01:23,0.68
nereu,2026-10-10T01:24,0.68
nereu,2026-10-10T01:25,0.68
nereu,2026-10-10T01:26,0.68
nereu,2026-10-10T01:27,0.68
nereu,2026-10-10T01:28,0.68
nereu,2026-10-10T01:29,0.68
nereu,2026-10-10T01:30,0.68
nereu,2026-10-10T01:31,0.68
nereu,2026-10-10T01:32,0.68
nereu,2026-10-10T01:33,0.68
nereu,2026-10-10T01:34,0.68
nereu,2026-10-10T01:35,0.68
nereu,2026-10-10T01:36,0.67
nereu,2026-10-10T01:37,0.68
nereu,2026-10-10T01:38,0.68
nereu,2026-10-10T01:39,0.68
nereu,2026-10-10T01:40,0.67
nereu,2026-10-10T01:41,0.68
nereu,2026-10-10T01:42,0.67
nereu,2026-10-10T01:43,0.67
nereu,2026-10-10T01:44,0.68
nereu,2026-10-10T01:45,0.67
nereu,2026-10-10T01:46,0.68
nereu,2026-10-10T01:47,0.67
nereu,2026-10-10T01:48,0.67
nereu,2026-10-10T01:49,0.68
nereu,2026-10-10T01:50,0.67
nereu,2026-10-10T01:51,0.67
nereu,2026-10-10T01:52,0.67
nereu,2026-10-10T01:53,0.68
nereu,2026-10-10T01:54,0.68
nereu,2026-10-10T01:55,0.68
nereu,2026-10-10T01:56,0.67
nereu,2026-10-10T01:57,0.68
nereu,2026-10-10T01:58,0.68
nereu,2026-10-10T01:59,0.68
nereu,2026-10-10T02:00,0.67
nereu,2026-10-10T02:01,0.67
nereu,2026-10-10T02:02,0.68
nereu,2026-10-10T02:03,0.68
nereu,2026-10-10T02:04,0.68
nereu,2026-10-10T02:05,0.68
nereu,2026-10-10T02:06,0.67
nereu,2026-10-10T02:07,0.67
nereu,2026-10-10T02:08,0.67
nereu,2026-10-10T02:09,0.68
nereu,2026-10-10T02:10,0.67
nereu,2026-10-10T02:11,0.68
nereu,2026-10-10T02:12,0.67
nereu,2026-10-10T02:13,0.67
nereu,2026-10-10T02:14,0.67
nereu,2026-10-10T02:15,0.68
nereu,2026-10-10T02:16,0.68
nereu,2026-10-10T02:17,0.67
nereu,2026-10-10T02:18,0.68
nereu,2026-10-10T02:19,0.68
nereu,2026-10-10T02:20,0.68
nereu,2026-10-10T02:21,0.67
nereu,2026-10-10T02:22,0.68
nereu,2026-10-10T02:23,0.68
nereu,2026-10-10T02:24,0.68
nereu,2026-10-10T02:25,0.68
nereu,2026-10-10T02:26,0.68
nereu,2026-10-10T02:27,0.68
nereu,2026-10-10T02:28,0.68
nereu,2026-10-10T02:29,0.68
nereu,2026-10-10T02:30,0.68
eta,2026-10-09T22:58,0.91
eta,2026-10-09T22:59,0.92
eta,2026-10-09T23:00,0.91
eta,2026-10-09T23:01,0.92
eta,2026-10-09T23:02,0.92
eta,2026-10-09T23:03,0.92
eta,2026-10-09T23:04,0.91
eta,2026-10-09T23:05,0.91
eta,2026-10-09T23:06,0.92
eta,2026-10-09T23:07,0.91
eta,2026-10-09T23:08,0.91
eta,2026-10-09T23:09,0.92
eta,2026-10-09T23:10,0.92
eta,2026-10-09T23:11,0.92
eta,2026-10-09T23:12,0.91
eta,2026-10-09T23:13,0.91
eta,2026-10-09T23:14,0.91
eta,2026-10-09T23:15,0.91
eta,2026-10-09T23:16,0.9
eta,2026-10-09T23:17,0.92
eta,2026-10-09T23:18,0.91
eta,2026-10-09T23:19,0.91
eta,2026-10-09T23:20,0.91
eta,2026-10-09T23:21,0.92
eta,2026-10-09T23:22,0.92
eta,2026-10-09T23:23,0.91
eta,2026-10-09T23:24,0.92
eta,2026-10-09T23:25,0.91
eta,2026-10-09T23:26,0.91
eta,2026-10-09T23:27,0.91
eta,2026-10-09T23:28,0.91
eta,2026-10-09T23:29,0.91
eta,2026-10-09T23:30,0.91
eta,2026-10-09T23:31,0.91
eta,2026-10-09T23:32,0.91
eta,2026-10-09T23:33,0.91
eta,2026-10-09T23:34,0.91
eta,2026-10-09T23:35,0.91
eta,2026-10-09T23:36,0.91
eta,2026-10-09T23:37,0.91
eta,2026-10-09T23:38,0.91
eta,2026-10-09T23:39,0.91
eta,2026-10-09T23:40,0.91
eta,2026-10-09T23:41,0.91
eta,2026-10-09T23:42,0.91
eta,2026-10-09T23:43,0.91
eta,2026-10-09T23:44,0.9
eta,2026-10-09T23:45,0.91
eta,2026-10-09T23:46,0.91
eta,2026-10-09T23:47,0.89
eta,2026-10-09T23:48,0.91
eta,2026-10-09T23:49,0.91
eta,2026-10-09T23:50,0.91
eta,2026-10-09T23:51,0.91
eta,2026-10-09T23:52,0.9
eta,2026-10-09T23:53,0.9
eta,2026-10-09T23:54,0.91
eta,2026-10-09T23:55,0.91
eta,2026-10-09T23:56,0.89
eta,2026-10-09T23:57,0.91
eta,2026-10-09T23:58,0.91
eta,2026-10-09T23:59,0.91
eta,2026-10-10T00:00,0.91
eta,2026-10-10T00:01,0.91
eta,2026-10-10T00:02,0.91
eta,2026-10-10T00:03,0.91
eta,2026-10-10T00:04,0.91
eta,2026-10-10T00:05,0.92
eta,2026-10-10T00:06,0.92
eta,2026-10-10T00:07,0.91
eta,2026-10-10T00:08,0.91
eta,2026-10-10T00:09,0.91
eta,2026-10-10T00:10,0.91
eta,2026-10-10T00:11,0.91
eta,2026-10-10T00:12,0.91
eta,2026-10-10T00:13,0.91
eta,2026-10-10T00:14,0.91
eta,2026-10-10T00:15,0.91
eta,2026-10-10T00:16,0.91
eta,2026-10-10T00:17,0.92
eta,2026-10-10T00:18,0.91
eta,2026-10-10T00:19,0.91
eta,2026-10-10T00:20,0.91
eta,2026-10-10T00:21,0.92
eta,2026-10-10T00:22,0.91
eta,2026-10-10T00:23,0.91
eta,2026-10-10T00:24,0.91
eta,2026-10-10T00:25,0.91
eta,2026-10-10T00:26,0.91
eta,2026-10-10T00:27,0.91
eta,2026-10-10T00:28,0.91
eta,2026-10-10T00:29,0.91
eta,2026-10-10T00:30,0.91
eta,2026-10-10T00:31,0.91
eta,2026-10-10T00:32,0.91
eta,2026-10-10T00:33,0.91
eta,2026-10-10T00:34,0.91
eta,2026-10-10T00:35,0.91
eta,2026-10-10T00:36,0.91
eta,2026-10-10T00:37,0.91
eta,2026-10-10T00:38,0.91
eta,2026-10-10T00:39,0.91
eta,2026-10-10T00:40,0.91
eta,2026-10-10T00:41,0.91
eta,2026-10-10T00:42,0.9
eta,2026-10-10T00:43,0.91
eta,2026-10-10T00:44,0.91
eta,2026-10-10T00:45,0.91
eta,2026-10-10T00:46,0.91
eta,2026-10-10T00:47,0.91
eta,2026-10-10T00:48,0.91
eta,2026-10-10T00:49,0.91
eta,2026-10-10T00:50,0.91
eta,2026-10-10T00:51,0.91
eta,2026-10-10T00:52,0.91
eta,2026-10-10T00:53,0.91
eta,2026-10-10T00:54,0.89
eta,2026-10-10T00:55,0.91
eta,2026-10-10T00:56,0.91
eta,2026-10-10T00:57,0.91
eta,2026-10-10T00:58,0.91
eta,2026-10-10T00:59,0.91
eta,2026-10-10T01:00,0.91
eta,2026-10-10T01:01,0.91
eta,2026-10-10T01:02,0.9
eta,2026-10-10T01:03,0.92
eta,2026-10-10T01:04,0.91
eta,2026-10-10T01:05,0.9
eta,2026-10-10T01:06,0.9
eta,2026-10-10T01:07,0.91
eta,2026-10-10T01:08,0.9
eta,2026-10-10T01:09,0.91
eta,2026-10-10T01:10,0.9
eta,2026-10-10T01:11,0.9
eta,2026-10-10T01:12,0.9
eta,2026-10-10T01:13,0.9
eta,2026-10-10T01:14,0.9
eta,2026-10-10T01:15,0.9
eta,2026-10-10T01:16,0.9
eta,2026-10-10T01:17,0.91
eta,2026-10-10T01:18,0.9
eta,2026-10-10T01:19,0.91
eta,2026-10-10T01:20,0.9
eta,2026-10-10T01:21,0.9
eta,2026-10-10T01:22,0.91
eta,2026-10-10T01:23,0.9
eta,2026-10-10T01:24,0.9
eta,2026-10-10T01:25,0.9
eta,2026-10-10T01:26,0.9
eta,2026-10-10T01:27,0.9
eta,2026-10-10T01:28,0.9
eta,2026-10-10T01:29,0.91
eta,2026-10-10T01:30,0.9
eta,2026-10-10T01:31,0.9
eta,2026-10-10T01:32,0.92
eta,2026-10-10T01:33,0.9
eta,2026-10-10T01:34,0.9
eta,2026-10-10T01:35,0.9
eta,2026-10-10T01:36,0.9
eta,2026-10-10T01:37,0.9
eta,2026-10-10T01:38,0.9
eta,2026-10-10T01:39,0.9
eta,2026-10-10T01:40,0.9
eta,2026-10-10T01:41,0.9
eta,2026-10-10T01:42,0.9
eta,2026-10-10T01:43,0.9
eta,2026-10-10T01:44,0.9
eta,2026-10-10T01:45,0.9
eta,2026-10-10T01:46,0.9
eta,2026-10-10T01:47,0.9
eta,2026-10-10T01:48,0.9
eta,2026-10-10T01:49,0.9
eta,2026-10-10T01:50,0.9
eta,2026-10-10T01:51,0.9
eta,2026-10-10T01:52,0.9
eta,2026-10-10T01:53,0.9
eta,2026-10-10T01:54,0.89
eta,2026-10-10T01:55,0.9
eta,2026-10-10T01:56,0.9
eta,2026-10-10T01:57,0.9
eta,2026-10-10T01:58,0.89
eta,2026-10-10T01:59,0.9
eta,2026-10-10T02:00,0.9
eta,2026-10-10T02:01,0.9
eta,2026-10-10T02:02,0.9
eta,2026-10-10T02:03,0.9
eta,2026-10-10T02:04,0.9
eta,2026-10-10T02:05,0.89
eta,2026-10-10T02:06,0.89
eta,2026-10-10T02:07,0.9
eta,2026-10-10T02:08,0.9
eta,2026-10-10T02:09,0.9
eta,2026-10-10T02:10,0.89
eta,2026-10-10T02:11,0.89
eta,2026-10-10T02:12,0.9
eta,2026-10-10T02:13,0.9
eta,2026-10-10T02:14,0.89
eta,2026-10-10T02:15,0.89
eta,2026-10-10T02:16,0.9
eta,2026-10-10T02:17,0.89
eta,2026-10-10T02:18,0.89
eta,2026-10-10T02:19,0.9
eta,2026-10-10T02:20,0.9
eta,2026-10-10T02:21,0.89
eta,2026-10-10T02:22,0.9
eta,2026-10-10T02:23,0.89
eta,2026-10-10T02:24,0.89
eta,2026-10-10T02:25,0.89
eta,2026-10-10T02:26,0.89
eta,2026-10-10T02:27,0.89
eta,2026-10-10T02:28,0.89
eta,2026-10-10T02:29,0.89
eta,2026-10-10T02:30,0.89
via_verde,2026-10-09T22:58,0.83
via_verde,2026-10-09T22:59,0.83
via_verde,2026-10-09T23:00,0.83
via_verde,2026-10-09T23:01,0.83
via_verde,2026-10-09T23:02,0.83
via_verde,2026-10-09T23:03,0.83
via_verde,2026-10-09T23:04,0.83
via_verde,2026-10-09T23:05,0.82
via_verde,2026-10-09T23:06,0.82
via_verde,2026-10-09T23:07,0.83
via_verde,2026-10-09T23:08,0.82
via_verde,2026-10-09T23:09,0.83
via_verde,2026-10-09T23:10,0.83
via_verde,2026-10-09T23:11,0.83
via_verde,2026-10-09T23:12,0.83
via_verde,2026-10-09T23:13,0.83
via_verde,2026-10-09T23:14,0.83
via_verde,2026-10-09T23:15,0.83
via_verde,2026-10-09T23:16,0.83
via_verde,2026-10-09T23:17,0.82
via_verde,2026-10-09T23:18,0.83
via_verde,2026-10-09T23:19,0.82
via_verde,2026-10-09T23:20,0.82
via_verde,2026-10-09T23:21,0.83
via_verde,2026-10-09T23:22,0.83
via_verde,2026-10-09T23:23,0.83
via_verde,2026-10-09T23:24,0.82
via_verde,2026-10-09T23:25,0.83
via_verde,2026-10-09T23:26,0.82
via_verde,2026-10-09T23:27,0.83
via_verde,2026-10-09T23:28,0.83
via_verde,2026-10-09T23:29,0.82
via_verde,2026-10-09T23:30,0.82
via_verde,2026-10-09T23:31,0.82
via_verde,2026-10-09T23:32,0.83
via_verde,2026-10-09T23:33,0.83
via_verde,2026-10-09T23:34,0.83
via_verde,2026-10-09T23:35,0.82
via_verde,2026-10-09T23:36,0.82
via_verde,2026-10-09T23:37,0.82
via_verde,2026-10-09T23:38,0.82
via_verde,2026-10-09T23:39,0.82
via_verde,2026-10-09T23:40,0.83
via_verde,2026-10-09T23:41,0.81
via_verde,2026-10-09T23:42,0.82
via_verde,2026-10-09T23:43,0.82
via_verde,2026-10-09T23:44,0.82
via_verde,2026-10-09T23:45,0.83
via_verde,2026-10-09T23:46,0.83
via_verde,2026-10-09T23:47,0.82
via_verde,2026-10-09T23:48,0.82
via_verde,2026-10-09T23:49,0.82
via_verde,2026-10-09T23:50,0.81
via_verde,2026-10-09T23:51,0.82
via_verde,2026-10-09T23:52,0.82
via_verde,2026-10-09T23:53,0.82
via_verde,2026-10-09T23:54,0.82
via_verde,2026-10-09T23:55,0.82
via_verde,2026-10-09T23:56,0.81
via_verde,2026-10-09T23:57,0.82
via_verde,2026-10-09T23:58,0.81
via_verde,2026-10-09T23:59,0.81
via_verde,2026-10-10T00:00,0.82
via_verde,2026-10-10T00:01,0.82
via_verde,2026-10-10T00:02,0.82
via_verde,2026-10-10T00:03,0.83
via_verde,2026-10-10T00:04,0.82
via_verde,2026-10-10T00:05,0.81
via_verde,2026-10-10T00:06,0.82
via_verde,2026-10-10T00:07,0.8
via_verde,2026-10-10T00:08,0.81
via_verde,2026-10-10T00:09,0.82
via_verde,2026-10-10T00:10,0.81
via_verde,2026-10-10T00:11,0.82
via_verde,2026-10-10T00:12,0.81
via_verde,2026-10-10T00:13,0.81
via_verde,2026-10-10T00:14,0.81
via_verde,2026-10-10T00:15,0.81
via_verde,2026-10-10T00:16,0.81
via_verde,2026-10-10T00:17,0.81
via_verde,2026-10-10T00:18,0.82
via_verde,2026-10-10T00:19,0.81
via_verde,2026-10-10T00:20,0.8
via_verde,2026-10-10T00:21,0.81
via_verde,2026-10-10T00:22,0.82
via_verde,2026-10-10T00:23,0.8
via_verde,2026-10-10T00:24,0.8
via_verde,2026-10-10T00:25,0.81
via_verde,2026-10-10T00:26,0.81
via_verde,2026-10-10T00:27,0.82
via_verde,2026-10-10T00:28,0.81
via_verde,2026-10-10T00:29,0.8
via_verde,2026-10-10T00:30,0.81
via_verde,2026-10-10T00:31,0.8
via_verde,2026-10-10T00:32,0.81
via_verde,2026-10-10T00:33,0.81
via_verde,2026-10-10T00:34,0.81
via_verde,2026-10-10T00:35,0.82
via_verde,2026-10-10T00:36,0.81
via_verde,2026-10-10T00:37,0.81
via_verde,2026-10-10T00:38,0.82
via_verde,2026-10-10T00:39,0.81
via_verde,2026-10-10T00:40,0.81
via_verde,2026-10-10T00:41,0.81
via_verde,2026-10-10T00:42,0.82
via_verde,2026-10-10T00:43,0.82
via_verde,2026-10-10T00:44,0.81
via_verde,2026-10-10T00:45,0.81
via_verde,2026-10-10T00:46,0.81
via_verde,2026-10-10T00:47,0.82
via_verde,2026-10-10T00:48,0.81
via_verde,2026-10-10T00:49,0.81
via_verde,2026-10-10T00:50,0.81
via_verde,2026-10-10T00:51,0.82
via_verde,2026-10-10T00:52,0.81
via_verde,2026-10-10T00:53,0.81
via_verde,2026-10-10T00:54,0.81
via_verde,2026-10-10T00:55,0.81
via_verde,2026-10-10T00:56,0.81
via_verde,2026-10-10T00:57,0.81
via_verde,2026-10-10T00:58,0.79
via_verde,2026-10-10T00:59,0.81
via_verde,2026-10-10T01:00,0.81
via_verde,2026-10-10T01:01,0.82
via_verde,2026-10-10T01:02,0.81
via_verde,2026-10-10T01:03,0.81
via_verde,2026-10-10T01:04,0.81
via_verde,2026-10-10T01:05,0.81
via_verde,2026-10-10T01:06,0.81
via_verde,2026-10-10T01:07,0.81
via_verde,2026-10-10T01:08,0.81
via_verde,2026-10-10T01:09,0.82
via_verde,2026-10-10T01:10,0.79
via_verde,2026-10-10T01:11,0.81
via_verde,2026-10-10T01:12,0.82
via_verde,2026-10-10T01:13,0.81
via_verde,2026-10-10T01:14,0.81
via_verde,2026-10-10T01:15,0.8
via_verde,2026-10-10T01:16,0.81
via_verde,2026-10-10T01:17,0.81
via_verde,2026-10-10T01:18,0.81
via_verde,2026-10-10T01:19,0.82
via_verde,2026-10-10T01:20,0.81
via_verde,2026-10-10T01:21,0.81
via_verde,2026-10-10T01:22,0.81
via_verde,2026-10-10T01:23,0.82
via_verde,2026-10-10T01:24,0.81
via_verde,2026-10-10T01:25,0.81
via_verde,2026-10-10T01:26,0.81
via_verde,2026-10-10T01:27,0.8
via_verde,2026-10-10T01:28,0.82
via_verde,2026-10-10T01:29,0.81
via_verde,2026-10-10T01:30,0.81
via_verde,2026-10-10T01:31,0.81
via_verde,2026-10-10T01:32,0.81
via_verde,2026-10-10T01:33,0.81
via_verde,2026-10-10T01:34,0.81
via_verde,2026-10-10T01:35,0.82
via_verde,2026-10-10T01:36,0.81
via_verde,2026-10-10T01:37,0.8
via_verde,2026-10-10T01:38,0.81
via_verde,2026-10-10T01:39,0.81
via_verde,2026-10-10T01:40,0.81
via_verde,2026-10-10T01:41,0.81
via_verde,2026-10-10T01:42,0.81
via_verde,2026-10-10T01:43,0.81
via_verde,2026-10-10T01:44,0.81
via_verde,2026-10-10T01:45,0.81
via_verde,2026-10-10T01:46,0.81
via_verde,2026-10-10T01:47,0.81
via_verde,2026-10-10T01:48,0.81
via_verde,2026-10-10T01:49,0.81
via_verde,2026-10-10T01:50,0.81
via_verde,2026-10-10T01:51,0.81
via_verde,2026-10-10T01:52,0.81
via_verde,2026-10-10T01:53,0.81
via_verde,2026-10-10T01:54,0.81
via_verde,2026-10-10T01:55,0.81
via_verde,2026-10-10T01:56,0.81
via_verde,2026-10-10T01:57,0.81
via_verde,2026-10-10T01:58,0.81
via_verde,2026-10-10T01:59,0.8
via_verde,2026-10-10T02:00,0.81
via_verde,2026-10-10T02:01,0.81
via_verde,2026-10-10T02:02,0.8
via_verde,2026-10-10T02:03,0.81
via_verde,2026-10-10T02:04,0.81
via_verde,2026-10-10T02:05,0.81
via_verde,2026-10-10T02:06,0.81
via_verde,2026-10-10T02:07,0.81
via_verde,2026-10-10T02:08,0.8
via_verde,2026-10-10T02:09,0.8
via_verde,2026-10-10T02:10,0.81
via_verde,2026-10-10T02:11,0.8
via_verde,2026-10-10T02:12,0.8
via_verde,2026-10-10T02:13,0.8
via_verde,2026-10-10T02:14,0.8
via_verde,2026-10-10T02:15,0.81
via_verde,2026-10-10T02:16,0.81
via_verde,2026-10-10T02:17,0.8
via_verde,2026-10-10T02:18,0.8
via_verde,2026-10-10T02:19,0.8
via_verde,2026-10-10T02:20,0.8
via_verde,2026-10-10T02:21,0.8
via_verde,2026-10-10T02:22,0.8
via_verde,2026-10-10T02:23,0.79
via_verde,2026-10-10T02:24,0.81
via_verde,2026-10-10T02:25,0.81
via_verde,2026-10-10T02:26,0.8
via_verde,2026-10-10T02:27,0.79
via_verde,2026-10-10T02:28,0.8
via_verde,2026-10-10T02:29,0.8
via_verde,2026-10-10T02:30,0.81
corupa,2026-10-10T02:31,0.55
corupa,2026-10-10T02:32,0.55
corupa,2026-10-10T02:33,0.55
corupa,2026-10-10T02:34,0.55
corupa,2026-10-10T02:35,0.55
corupa,2026-10-10T02:36,0.53
corupa,2026-10-10T02:37,0.53
corupa,2026-10-10T02:38,0.55
corupa,2026-10-10T02:39,0.55
corupa,2026-10-10T02:40,0.55
corupa,2026-10-10T02:41,0.55
corupa,2026-10-10T02:42,0.55
corupa,2026-10-10T02:43,0.53
corupa,2026-10-10T02:44,0.53
corupa,2026-10-10T02:45,0.55
corupa,2026-10-10T02:46,0.55
corupa,2026-10-10T02:47,0.55
corupa,2026-10-10T02:48,0.55
corupa,2026-10-10T02:49,0.55
corupa,2026-10-10T02:50,0.55
corupa,2026-10-10T02:51,0.55
corupa,2026-10-10T02:52,0.55
corupa,2026-10-10T02:53,0.54
corupa,2026-10-10T02:54,0.54
corupa,2026-10-10T02:55,0.54
corupa,2026-10-10T02:56,0.55
corupa,2026-10-10T02:57,0.55
corupa,2026-10-10T02:58,0.55
corupa,2026-10-10T02:59,0.55
corupa,2026-10-10T03:00,0.55
corupa,2026-10-10T03:01,0.55
corupa,2026-10-10T03:02,0.55
corupa,2026-10-10T03:03,0.55
corupa,2026-10-10T03:04,0.55
corupa,2026-10-10T03:05,0.55
corupa,2026-10-10T03:06,0.55
corupa,2026-10-10T03:07,0.54
corupa,2026-10-10T03:08,0.54
corupa,2026-10-10T03:09,0.53
corupa,2026-10-10T03:10,0.53
corupa,2026-10-10T03:11,0.56
corupa,2026-10-10T03:12,0.53
corupa,2026-10-10T03:13,0.53
corupa,2026-10-10T03:14,0.55
corupa,2026-10-10T03:15,0.55
corupa,2026-10-10T03:16,0.55
corupa,2026-10-10T03:17,0.55
corupa,2026-10-10T03:18,0.55
corupa,2026-10-10T03:19,0.55
corupa,2026-10-10T03:20,0.55
corupa,2026-10-10T03:21,0.55
corupa,2026-10-10T03:22,0.55
corupa,2026-10-10T03:23,0.54
corupa,2026-10-10T03:24,0.55
corupa,2026-10-10T03:25,0.55
corupa,2026-10-10T03:26,0.53
corupa,2026-10-10T03:27,0.56
corupa,2026-10-10T03:28,0.56
corupa,2026-10-10T03:29,0.53
corupa,2026-10-10T03:30,0.54
corupa,2026-10-10T03:31,0.54
corupa,2026-10-10T03:32,0.56
corupa,2026-10-10T03:33,0.56
corupa,2026-10-10T03:34,0.53
corupa,2026-10-10T03:35,0.54
corupa,2026-10-10T03:36,0.54
corupa,2026-10-10T03:37,0.56
corupa,2026-10-10T03:38,0.52
corupa,2026-10-10T03:39,0.52
corupa,2026-10-10T03:40,0.53
corupa,2026-10-10T03:41,0.53
corupa,2026-10-10T03:42,0.55
corupa,2026-10-10T03:43,0.55
corupa,2026-10-10T03:44,0.55
corupa,2026-10-10T03:45,0.55
corupa,2026-10-10T03:46,0.53
corupa,2026-10-10T03:47,0.54
corupa,2026-10-10T03:48,0.54
corupa,2026-10-10T03:49,0.54
corupa,2026-10-10T03:50,0.54
corupa,2026-10-10T03:51,0.55
corupa,2026-10-10T03:52,0.54
corupa,2026-10-10T03:53,0.54
corupa,2026-10-10T03:54,0.56
corupa,2026-10-10T03:55,0.56
corupa,2026-10-10T03:56,0.55
corupa,2026-10-10T03:57,0.53
corupa,2026-10-10T03:58,0.53
corupa,2026-10-10T03:59,0.54
corupa,2026-10-10T04:00,0.54
corupa,2026-10-10T04:01,0.55
corupa,2026-10-10T04:02,0.54
corupa,2026-10-10T04:03,0.54
corupa,2026-10-10T04:04,0.55
corupa,2026-10-10T04:05,0.54
corupa,2026-10-10T04:06,0.54
corupa,2026-10-10T04:07,0.54
corupa,2026-10-10T04:08,0.54
corupa,2026-10-10T04:09,0.56
corupa,2026-10-10T04:10,0.54
corupa,2026-10-10T04:11,0.54
corupa,2026-10-10T04:12,0.54
corupa,2026-10-10T04:13,0.54
corupa,2026-10-10T04:14,0.55
corupa,2026-10-10T04:15,0.53
corupa,2026-10-10T04:16,0.53
corupa,2026-10-10T04:17,0.55
corupa,2026-10-10T04:18,0.53
corupa,2026-10-10T04:19,0.53
corupa,2026-10-10T04:20,0.53
corupa,2026-10-10T04:21,0.53
corupa,2026-10-10T04:22,0.54
corupa,2026-10-10T04:23,0.54
corupa,2026-10-10T04:24,0.54
corupa,2026-10-10T04:25,0.56
corupa,2026-10-10T04:26,0.56
corupa,2026-10-10T04:27,0.54
corupa,2026-10-10T04:28,0.55
corupa,2026-10-10T04:29,0.55
corupa,2026-10-10T04:30,0.53
corupa,2026-10-10T04:31,0.55
corupa,2026-10-10T04:32,0.55
corupa,2026-10-10T04:33,0.56
corupa,2026-10-10T04:34,0.56
corupa,2026-10-10T04:35,0.54
corupa,2026-10-10T04:36,0.53
corupa,2026-10-10T04:37,0.54
corupa,2026-10-10T04:38,0.54
corupa,2026-10-10T04:39,0.54
corupa,2026-10-10T04:40,0.53
corupa,2026-10-10T04:41,0.53
corupa,2026-10-10T04:42,0.53
corupa,2026-10-10T04:43,0.55
corupa,2026-10-10T04:44,0.55
corupa,2026-10-10T04:45,0.55
corupa,2026-10-10T04:46,0.54
corupa,2026-10-10T04:47,0.54
corupa,2026-10-10T04:48,0.53
corupa,2026-10-10T04:49,0.52
corupa,2026-10-10T04:50,0.52
corupa,2026-10-10T04:51,0.54
corupa,2026-10-10T04:52,0.54
corupa,2026-10-10T04:53,0.54
corupa,2026-10-10T04:54,0.54
corupa,2026-10-10T04:55,0.55
corupa,2026-10-10T04:56,0.55
corupa,2026-10-10T04:57,0.53
corupa,2026-10-10T04:58,0.55
corupa,2026-10-10T04:59,0.55
corupa,2026-10-10T05:00,0.53
corupa,2026-10-10T05:01,0.54
corupa,2026-10-10T05:02,0.54
corupa,2026-10-10T05:03,0.53
corupa,2026-10-10T05:04,0.53
corupa,2026-10-10T05:05,0.56
corupa,2026-10-10T05:06,0.55
corupa,2026-10-10T05:07,0.55
corupa,2026-10-10T05:08,0.53
corupa,2026-10-10T05:09,0.53
corupa,2026-10-10T05:10,0.53
corupa,2026-10-10T05:11,0.55
corupa,2026-10-10T05:12,0.54
corupa,2026-10-10T05:13,0.54
nereu,2026-10-10T02:31,0.68
nereu,2026-10-10T02:32,0.67
nereu,2026-10-10T02:33,0.68
nereu,2026-10-10T02:34,0.68
nereu,2026-10-10T02:35,0.68
nereu,2026-10-10T02:36,0.68
nereu,2026-10-10T02:37,0.67
nereu,2026-10-10T02:38,0.68
nereu,2026-10-10T02:39,0.68
nereu,2026-10-10T02:40,0.68
nereu,2026-10-10T02:41,0.68
nereu,2026-10-10T02:42,0.68
nereu,2026-10-10T02:43,0.68
nereu,2026-10-10T02:44,0.68
nereu,2026-10-10T02:45,0.68
nereu,2026-10-10T02:46,0.68
nereu,2026-10-10T02:47,0.68
nereu,2026-10-10T02:48,0.68
nereu,2026-10-10T02:49,0.68
nereu,2026-10-10T02:50,0.68
nereu,2026-10-10T02:51,0.67
nereu,2026-10-10T02:52,0.68
nereu,2026-10-10T02:53,0.68
nereu,2026-10-10T02:54,0.68
nereu,2026-10-10T02:55,0.68
nereu,2026-10-10T02:56,0.67
nereu,2026-10-10T02:57,0.67
nereu,2026-10-10T02:58,0.67
nereu,2026-10-10T02:59,0.67
nereu,2026-10-10T03:00,0.68
nereu,2026-10-10T03:01,0.67
nereu,2026-10-10T03:02,0.67
nereu,2026-10-10T03:03,0.67
nereu,2026-10-10T03:04,0.67
nereu,2026-10-10T03:05,0.67
nereu,2026-10-10T03:06,0.67
nereu,2026-10-10T03:07,0.68
nereu,2026-10-10T03:08,0.67
nereu,2026-10-10T03:09,0.68
nereu,2026-10-10T03:10,0.68
nereu,2026-10-10T03:11,0.67
nereu,2026-10-10T03:12,0.67
nereu,2026-10-10T03:13,0.68
nereu,2026-10-10T03:14,0.68
nereu,2026-10-10T03:15,0.67
nereu,2026-10-10T03:16,0.68
nereu,2026-10-10T03:17,0.68
nereu,2026-10-10T03:18,0.68
nereu,2026-10-10T03:19,0.67
nereu,2026-10-10T03:20,0.68
nereu,2026-10-10T03:21,0.68
nereu,2026-10-10T03:22,0.68
nereu,2026-10-10T03:23,0.68
nereu,2026-10-10T03:24,0.68
nereu,2026-10-10T03:25,0.68
nereu,2026-10-10T03:26,0.68
nereu,2026-10-10T03:27,0.68
nereu,2026-10-10T03:28,0.68
nereu,2026-10-10T03:29,0.68
nereu,2026-10-10T03:30,0.67
nereu,2026-10-10T03:31,0.67
nereu,2026-10-10T03:32,0.67
nereu,2026-10-10T03:33,0.67
nereu,2026-10-10T03:34,0.67
nereu,2026-10-10T03:35,0.67
nereu,2026-10-10T03:36,0.68
nereu,2026-10-10T03:37,0.67
nereu,2026-10-10T03:38,0.68
nereu,2026-10-10T03:39,0.67
nereu,2026-10-10T03:40,0.67
nereu,2026-10-10T03:41,0.67
nereu,2026-10-10T03:42,0.67
nereu,2026-10-10T03:43,0.67
nereu,2026-10-10T03:44,0.67
nereu,2026-10-10T03:45,0.67
nereu,2026-10-10T03:46,0.67
nereu,2026-10-10T03:47,0.67
nereu,2026-10-10T03:48,0.67
nereu,2026-10-10T03:49,0.68
nereu,2026-10-10T03:50,0.67
nereu,2026-10-10T03:51,0.68
nereu,2026-10-10T03:52,0.67
nereu,2026-10-10T03:53,0.67
nereu,2026-10-10T03:54,0.67
nereu,2026-10-10T03:55,0.67
nereu,2026-10-10T03:56,0.67
nereu,2026-10-10T03:57,0.67
nereu,2026-10-10T03:58,0.67
nereu,2026-10-10T03:59,0.68
nereu,2026-10-10T04:00,0.68
nereu,2026-10-10T04:01,0.67
nereu,2026-10-10T04:02,0.67
nereu,2026-10-10T04:03,0.67
nereu,2026-10-10T04:04,0.67
nereu,2026-10-10T04:05,0.67
nereu,2026-10-10T04:06,0.67
nereu,2026-10-10T04:07,0.67
nereu,2026-10-10T04:08,0.67
nereu,2026-10-10T04:09,0.67
nereu,2026-10-10T04:10,0.68
nereu,2026-10-10T04:11,0.67
nereu,2026-10-10T04:12,0.67
nereu,2026-10-10T04:13,0.67
nereu,2026-10-10T04:14,0.67
nereu,2026-10-10T04:15,0.67
nereu,2026-10-10T04:16,0.67
nereu,2026-10-10T04:17,0.67
nereu,2026-10-10T04:18,0.67
nereu,2026-10-10T04:19,0.67
nereu,2026-10-10T04:20,0.67
nereu,2026-10-10T04:21,0.67
nereu,2026-10-10T04:22,0.67
nereu,2026-10-10T04:23,0.67
nereu,2026-10-10T04:24,0.67
nereu,2026-10-10T04:25,0.67
nereu,2026-10-10T04:26,0.67
nereu,2026-10-10T04:27,0.67
nereu,2026-10-10T04:28,0.67
nereu,2026-10-10T04:29,0.67
nereu,2026-10-10T04:30,0.67
nereu,2026-10-10T04:31,0.67
nereu,2026-10-10T04:32,0.67
nereu,2026-10-10T04:33,0.67
nereu,2026-10-10T04:34,0.67
nereu,2026-10-10T04:35,0.67
nereu,2026-10-10T04:36,0.67
nereu,2026-10-10T04:37,0.67
nereu,2026-10-10T04:38,0.67
nereu,2026-10-10T04:39,0.67
nereu,2026-10-10T04:40,0.67
nereu,2026-10-10T04:41,0.67
nereu,2026-10-10T04:42,0.67
nereu,2026-10-10T04:43,0.67
nereu,2026-10-10T04:44,0.67
nereu,2026-10-10T04:45,0.66
nereu,2026-10-10T04:46,0.67
nereu,2026-10-10T04:47,0.67
nereu,2026-10-10T04:48,0.67
nereu,2026-10-10T04:49,0.67
nereu,2026-10-10T04:50,0.67
nereu,2026-10-10T04:51,0.67
nereu,2026-10-10T04:52,0.67
nereu,2026-10-10T04:53,0.67
nereu,2026-10-10T04:54,0.67
nereu,2026-10-10T04:55,0.66
nereu,2026-10-10T04:56,0.67
nereu,2026-10-10T04:57,0.67
nereu,2026-10-10T04:58,0.67
nereu,2026-10-10T04:59,0.67
nereu,2026-10-10T05:00,0.66
nereu,2026-10-10T05:01,0.66
nereu,2026-10-10T05:02,0.66
nereu,2026-10-10T05:03,0.66
nereu,2026-10-10T05:04,0.66
nereu,2026-10-10T05:05,0.66
nereu,2026-10-10T05:06,0.66
nereu,2026-10-10T05:07,0.66
nereu,2026-10-10T05:08,0.66
nereu,2026-10-10T05:09,0.66
nereu,2026-10-10T05:10,0.66
nereu,2026-10-10T05:11,0.67
nereu,2026-10-10T05:12,0.66
nereu,2026-10-10T05:13,0.66
eta,2026-10-10T02:31,0.89
eta,2026-10-10T02:32,0.9
eta,2026-10-10T02:33,0.89
eta,2026-10-10T02:34,0.89
eta,2026-10-10T02:35,0.89
eta,2026-10-10T02:36,0.89
eta,2026-10-10T02:37,0.89
eta,2026-10-10T02:38,0.89
eta,2026-10-10T02:39,0.89
eta,2026-10-10T02:40,0.89
eta,2026-10-10T02:41,0.89
eta,2026-10-10T02:42,0.89
eta,2026-10-10T02:43,0.89
eta,2026-10-10T02:44,0.89
eta,2026-10-10T02:45,0.89
eta,2026-10-10T02:46,0.9
eta,2026-10-10T02:47,0.89
eta,2026-10-10T02:48,0.89
eta,2026-10-10T02:49,0.89
eta,2026-10-10T02:50,0.89
eta,2026-10-10T02:51,0.89
eta,2026-10-10T02:52,0.89
eta,2026-10-10T02:53,0.89
eta,2026-10-10T02:54,0.89
eta,2026-10-10T02:55,0.89
eta,2026-10-10T02:56,0.89
eta,2026-10-10T02:57,0.89
eta,2026-10-10T02:58,0.89
eta,2026-10-10T02:59,0.89
eta,2026-10-10T03:00,0.89
eta,2026-10-10T03:01,0.89
eta,2026-10-10T03:02,0.89
eta,2026-10-10T03:03,0.89
eta,2026-10-10T03:04,0.89
eta,2026-10-10T03:05,0.88
eta,2026-10-10T03:06,0.89
eta,2026-10-10T03:07,0.89
eta,2026-10-10T03:08,0.89
eta,2026-10-10T03:09,0.88
eta,2026-10-10T03:10,0.89
eta,2026-10-10T03:11,0.89
eta,2026-10-10T03:12,0.89
eta,2026-10-10T03:13,0.89
eta,2026-10-10T03:14,0.89
eta,2026-10-10T03:15,0.88
eta,2026-10-10T03:16,0.89
eta,2026-10-10T03:17,0.88
eta,2026-10-10T03:18,0.89
eta,2026-10-10T03:19,0.89
eta,2026-10-10T03:20,0.89
eta,2026-10-10T03:21,0.89
eta,2026-10-10T03:22,0.89
eta,2026-10-10T03:23,0.88
eta,2026-10-10T03:24,0.9
eta,2026-10-10T03:25,0.89
eta,2026-10-10T03:26,0.89
eta,2026-10-10T03:27,0.88
eta,2026-10-10T03:28,0.89
eta,2026-10-10T03:29,0.89
eta,2026-10-10T03:30,0.89
eta,2026-10-10T03:31,0.89
eta,2026-10-10T03:32,0.89
eta,2026-10-10T03:33,0.89
eta,2026-10-10T03:34,0.89
eta,2026-10-10T03:35,0.89
eta,2026-10-10T03:36,0.88
eta,2026-10-10T03:37,0.89
eta,2026-10-10T03:38,0.88
eta,2026-10-10T03:39,0.88
eta,2026-10-10T03:40,0.89
eta,2026-10-10T03:41,0.89
eta,2026-10-10T03:42,0.88
eta,2026-10-10T03:43,0.89
eta,2026-10-10T03:44,0.88
eta,2026-10-10T03:45,0.88
eta,2026-10-10T03:46,0.89
eta,2026-10-10T03:47,0.89
eta,2026-10-10T03:48,0.89
eta,2026-10-10T03:49,0.89
eta,2026-10-10T03:50,0.89
eta,2026-10-10T03:51,0.88
eta,2026-10-10T03:52,0.88
eta,2026-10-10T03:53,0.89
eta,2026-10-10T03:54,0.89
eta,2026-10-10T03:55,0.89
eta,2026-10-10T03:56,0.89
eta,2026-10-10T03:57,0.89
eta,2026-10-10T03:58,0.88
eta,2026-10-10T03:59,0.89
eta,2026-10-10T04:00,0.89
eta,2026-10-10T04:01,0.89
eta,2026-10-10T04:02,0.89
eta,2026-10-10T04:03,0.89
eta,2026-10-10T04:04,0.88
eta,2026-10-10T04:05,0.89
eta,2026-10-10T04:06,0.89
eta,2026-10-10T04:07,0.89
eta,2026-10-10T04:08,0.89
eta,2026-10-10T04:09,0.9
eta,2026-10-10T04:10,0.89
eta,2026-10-10T04:11,0.89
eta,2026-10-10T04:12,0.89
eta,2026-10-10T04:13,0.89
eta,2026-10-10T04:14,0.89
eta,2026-10-10T04:15,0.89
eta,2026-10-10T04:16,0.89
eta,2026-10-10T04:17,0.89
eta,2026-10-10T04:18,0.88
eta,2026-10-10T04:19,0.89
eta,2026-10-10T04:20,0.89
eta,2026-10-10T04:21,0.89
eta,2026-10-10T04:22,0.89
eta,2026-10-10T04:23,0.89
eta,2026-10-10T04:24,0.89
eta,2026-10-10T04:25,0.89
eta,2026-10-10T04:26,0.89
eta,2026-10-10T04:27,0.89
eta,2026-10-10T04:28,0.89
eta,2026-10-10T04:29,0.89
eta,2026-10-10T04:30,0.88
eta,2026-10-10T04:31,0.89
eta,2026-10-10T04:32,0.89
eta,2026-10-10T04:33,0.89
eta,2026-10-10T04:34,0.89
eta,2026-10-10T04:35,0.89
eta,2026-10-10T04:36,0.88
eta,2026-10-10T04:37,0.88
eta,2026-10-10T04:38,0.89
eta,2026-10-10T04:39,0.89
eta,2026-10-10T04:40,0.88
eta,2026-10-10T04:41,0.88
eta,2026-10-10T04:42,0.88
eta,2026-10-10T04:43,0.89
eta,2026-10-10T04:44,0.89
eta,2026-10-10T04:45,0.88
eta,2026-10-10T04:46,0.88
eta,2026-10-10T04:47,0.89
eta,2026-10-10T04:48,0.88
eta,2026-10-10T04:49,0.88
eta,2026-10-10T04:50,0.88
eta,2026-10-10T04:51,0.88
eta,2026-10-10T04:52,0.88
eta,2026-10-10T04:53,0.89
eta,2026-10-10T04:54,0.88
eta,2026-10-10T04:55,0.88
eta,2026-10-10T04:56,0.88
eta,2026-10-10T04:57,0.89
eta,2026-10-10T04:58,0.88
eta,2026-10-10T04:59,0.89
eta,2026-10-10T05:00,0.88
eta,2026-10-10T05:01,0.88
eta,2026-10-10T05:02,0.87
eta,2026-10-10T05:03,0.87
eta,2026-10-10T05:04,0.88
eta,2026-10-10T05:05,0.88
eta,2026-10-10T05:06,0.86
eta,2026-10-10T05:07,0.88
eta,2026-10-10T05:08,0.88
eta,2026-10-10T05:09,0.88
eta,2026-10-10T05:10,0.88
eta,2026-10-10T05:11,0.88
eta,2026-10-10T05:12,0.88
eta,2026-10-10T05:13,0.88
via_verde,2026-10-10T02:31,0.81
via_verde,2026-10-10T02:32,0.8
via_verde,2026-10-10T02:33,0.79
via_verde,2026-10-10T02:34,0.8
via_verde,2026-10-10T02:35,0.8
via_verde,2026-10-10T02:36,0.8
via_verde,2026-10-10T02:37,0.79
via_verde,2026-10-10T02:38,0.8
via_verde,2026-10-10T02:39,0.8
via_verde,2026-10-10T02:40,0.8
via_verde,2026-10-10T02:41,0.79
via_verde,2026-10-10T02:42,0.8
via_verde,2026-10-10T02:43,0.8
via_verde,2026-10-10T02:44,0.8
via_verde,2026-10-10T02:45,0.8
via_verde,2026-10-10T02:46,0.79
via_verde,2026-10-10T02:47,0.8
via_verde,2026-10-10T02:48,0.8
via_verde,2026-10-10T02:49,0.8
via_verde,2026-10-10T02:50,0.81
via_verde,2026-10-10T02:51,0.79
via_verde,2026-10-10T02:52,0.79
via_verde,2026-10-10T02:53,0.8
via_verde,2026-10-10T02:54,0.79
via_verde,2026-10-10T02:55,0.79
via_verde,2026-10-10T02:56,0.79
via_verde,2026-10-10T02:57,0.8
via_verde,2026-10-10T02:58,0.8
via_verde,2026-10-10T02:59,0.8
via_verde,2026-10-10T03:00,0.79
via_verde,2026-10-10T03:01,0.79
via_verde,2026-10-10T03:02,0.79
via_verde,2026-10-10T03:03,0.8
via_verde,2026-10-10T03:04,0.8
via_verde,2026-10-10T03:05,0.79
via_verde,2026-10-10T03:06,0.78
via_verde,2026-10-10T03:07,0.8
via_verde,2026-10-10T03:08,0.8
via_verde,2026-10-10T03:09,0.79
via_verde,2026-10-10T03:10,0.79
via_verde,2026-10-10T03:11,0.79
via_verde,2026-10-10T03:12,0.79
via_verde,2026-10-10T03:13,0.79
via_verde,2026-10-10T03:14,0.79
via_verde,2026-10-10T03:15,0.79
via_verde,2026-10-10T03:16,0.79
via_verde,2026-10-10T03:17,0.79
via_verde,2026-10-10T03:18,0.79
via_verde,2026-10-10T03:19,0.8
via_verde,2026-10-10T03:20,0.79
via_verde,2026-10-10T03:21,0.79
via_verde,2026-10-10T03:22,0.79
via_verde,2026-10-10T03:23,0.79
via_verde,2026-10-10T03:24,0.79
via_verde,2026-10-10T03:25,0.79
via_verde,2026-10-10T03:26,0.79
via_verde,2026-10-10T03:27,0.79
via_verde,2026-10-10T03:28,0.79
via_verde,2026-10-10T03:29,0.79
via_verde,2026-10-10T03:30,0.79
via_verde,2026-10-10T03:31,0.79
via_verde,2026-10-10T03:32,0.79
via_verde,2026-10-10T03:33,0.78
via_verde,2026-10-10T03:34,0.79
via_verde,2026-10-10T03:35,0.79
via_verde,2026-10-10T03:36,0.79
via_verde,2026-10-10T03:37,0.79
via_verde,2026-10-10T03:38,0.78
via_verde,2026-10-10T03:39,0.78
via_verde,2026-10-10T03:40,0.79
via_verde,2026-10-10T03:41,0.79
via_verde,2026-10-10T03:42,0.79
via_verde,2026-10-10T03:43,0.78
via_verde,2026-10-10T03:44,0.78
via_verde,2026-10-10T03:45,0.78
via_verde,2026-10-10T03:46,0.79
via_verde,2026-10-10T03:47,0.79
via_verde,2026-10-10T03:48,0.78
via_verde,2026-10-10T03:49,0.78
via_verde,2026-10-10T03:50,0.79
via_verde,2026-10-10T03:51,0.79
via_verde,2026-10-10T03:52,0.79
via_verde,2026-10-10T03:53,0.78
via_verde,2026-10-10T03:54,0.78
via_verde,2026-10-10T03:55,0.79
via_verde,2026-10-10T03:56,0.78
via_verde,2026-10-10T03:57,0.79
via_verde,2026-10-10T03:58,0.79
via_verde,2026-10-10T03:59,0.78
via_verde,2026-10-10T04:00,0.79
via_verde,2026-10-10T04:01,0.79
via_verde,2026-10-10T04:02,0.78
via_verde,2026-10-10T04:03,0.78
via_verde,2026-10-10T04:04,0.78
via_verde,2026-10-10T04:05,0.78
via_verde,2026-10-10T04:06,0.78
via_verde,2026-10-10T04:07,0.78
via_verde,2026-10-10T04:08,0.78
via_verde,2026-10-10T04:09,0.79
via_verde,2026-10-10T04:10,0.78
via_verde,2026-10-10T04:11,0.78
via_verde,2026-10-10T04:12,0.78
via_verde,2026-10-10T04:13,0.78
via_verde,2026-10-10T04:14,0.78
via_verde,2026-10-10T04:15,0.79
via_verde,2026-10-10T04:16,0.78
via_verde,2026-10-10T04:17,0.79
via_verde,2026-10-10T04:18,0.78
via_verde,2026-10-10T04:19,0.78
via_verde,2026-10-10T04:20,0.78
via_verde,2026-10-10T04:21,0.78
via_verde,2026-10-10T04:22,0.78
via_verde,2026-10-10T04:23,0.78
via_verde,2026-10-10T04:24,0.78
via_verde,2026-10-10T04:25,0.78
via_verde,2026-10-10T04:26,0.78
via_verde,2026-10-10T04:27,0.78
via_verde,2026-10-10T04:28,0.78
via_verde,2026-10-10T04:29,0.78
via_verde,2026-10-10T04:30,0.78
via_verde,2026-10-10T04:31,0.78
via_verde,2026-10-10T04:32,0.78
via_verde,2026-10-10T04:33,0.78
via_verde,2026-10-10T04:34,0.78
via_verde,2026-10-10T04:35,0.78
via_verde,2026-10-10T04:36,0.78
via_verde,2026-10-10T04:37,0.78
via_verde,2026-10-10T04:38,0.78
via_verde,2026-10-10T04:39,0.78
via_verde,2026-10-10T04:40,0.78
via_verde,2026-10-10T04:41,0.79
via_verde,2026-10-10T04:42,0.78
via_verde,2026-10-10T04:43,0.77
via_verde,2026-10-10T04:44,0.78
via_verde,2026-10-10T04:45,0.78
via_verde,2026-10-10T04:46,0.78
via_verde,2026-10-10T04:47,0.78
via_verde,2026-10-10T04:48,0.78
via_verde,2026-10-10T04:49,0.78
via_verde,2026-10-10T04:50,0.78
via_verde,2026-10-10T04:51,0.78
via_verde,2026-10-10T04:52,0.78
via_verde,2026-10-10T04:53,0.78
via_verde,2026-10-10T04:54,0.78
via_verde,2026-10-10T04:55,0.78
via_verde,2026-10-10T04:56,0.78
via_verde,2026-10-10T04:57,0.78
via_verde,2026-10-10T04:58,0.78
via_verde,2026-10-10T04:59,0.78
via_verde,2026-10-10T05:00,0.78
via_verde,2026-10-10T05:01,0.78
via_verde,2026-10-10T05:02,0.78
via_verde,2026-10-10T05:03,0.78
via_verde,2026-10-10T05:04,0.78
via_verde,2026-10-10T05:05,0.78
via_verde,2026-10-10T05:06,0.78
via_verde,2026-10-10T05:07,0.78
via_verde,2026-10-10T05:08,0.78
via_verde,2026-10-10T05:09,0.78
via_verde,2026-10-10T05:10,0.78
via_verde,2026-10-10T05:11,0.78
via_verde,2026-10-10T05:12,0.78
via_verde,2026-10-10T05:13,0.78
corupa,2026-10-10T05:14,0.53
nereu,2026-10-10T05:14,0.66
eta,2026-10-10T05:14,0.88
via_verde,2026-10-10T05:14,0.78
corupa,2026-10-10T05:15,0.54
corupa,2026-10-10T05:16,0.54
corupa,2026-10-10T05:17,0.54
corupa,2026-10-10T05:18,0.53
corupa,2026-10-10T05:19,0.53
corupa,2026-10-10T05:20,0.54
corupa,2026-10-10T05:21,0.53
corupa,2026-10-10T05:22,0.53
corupa,2026-10-10T05:23,0.54
corupa,2026-10-10T05:24,0.54
corupa,2026-10-10T05:25,0.53
corupa,2026-10-10T05:26,0.53
corupa,2026-10-10T05:27,0.53
corupa,2026-10-10T05:28,0.52
corupa,2026-10-10T05:29,0.52
corupa,2026-10-10T05:30,0.53
corupa,2026-10-10T05:31,0.53
corupa,2026-10-10T05:32,0.53
corupa,2026-10-10T05:33,0.54
corupa,2026-10-10T05:34,0.54
corupa,2026-10-10T05:35,0.54
corupa,2026-10-10T05:36,0.53
corupa,2026-10-10T05:37,0.53
corupa,2026-10-10T05:38,0.52
corupa,2026-10-10T05:39,0.53
corupa,2026-10-10T05:40,0.53
corupa,2026-10-10T05:41,0.53
corupa,2026-10-10T05:42,0.53
corupa,2026-10-10T05:43,0.53
corupa,2026-10-10T05:44,0.53
corupa,2026-10-10T05:45,0.52
corupa,2026-10-10T05:46,0.52
corupa,2026-10-10T05:47,0.54
corupa,2026-10-10T05:48,0.54
corupa,2026-10-10T05:49,0.55
corupa,2026-10-10T05:50,0.53
corupa,2026-10-10T05:51,0.53
corupa,2026-10-10T05:52,0.53
corupa,2026-10-10T05:53,0.53
corupa,2026-10-10T05:54,0.53
corupa,2026-10-10T05:55,0.53
corupa,2026-10-10T05:56,0.53
corupa,2026-10-10T05:57,0.52
corupa,2026-10-10T05:58,0.52
corupa,2026-10-10T05:59,0.53
corupa,2026-10-10T06:00,0.53
corupa,2026-10-10T06:01,0.53
corupa,2026-10-10T06:02,0.52
corupa,2026-10-10T06:03,0.53
corupa,2026-10-10T06:04,0.53
corupa,2026-10-10T06:05,0.53
corupa,2026-10-10T06:06,0.53
corupa,2026-10-10T06:07,0.53
corupa,2026-10-10T06:08,0.53
corupa,2026-10-10T06:09,0.53
corupa,2026-10-10T06:10,0.54
corupa,2026-10-10T06:11,0.54
corupa,2026-10-10T06:12,0.54
corupa,2026-10-10T06:13,0.54
corupa,2026-10-10T06:14,0.53
corupa,2026-10-10T06:15,0.53
corupa,2026-10-10T06:16,0.55
corupa,2026-10-10T06:17,0.53
corupa,2026-10-10T06:18,0.53
corupa,2026-10-10T06:19,0.52
corupa,2026-10-10T06:20,0.53
corupa,2026-10-10T06:21,0.53
corupa,2026-10-10T06:22,0.53
corupa,2026-10-10T06:23,0.53
corupa,2026-10-10T06:24,0.53
corupa,2026-10-10T06:25,0.54
corupa,2026-10-10T06:26,0.54
corupa,2026-10-10T06:27,0.53
corupa,2026-10-10T06:28,0.52
corupa,2026-10-10T06:29,0.52
corupa,2026-10-10T06:30,0.54
corupa,2026-10-10T06:31,0.54
corupa,2026-10-10T06:32,0.54
corupa,2026-10-10T06:33,0.52
corupa,2026-10-10T06:34,0.52
corupa,2026-10-10T06:35,0.54
corupa,2026-10-10T06:36,0.54
corupa,2026-10-10T06:37,0.54
corupa,2026-10-10T06:38,0.53
corupa,2026-10-10T06:39,0.53
corupa,2026-10-10T06:40,0.54
corupa,2026-10-10T06:41,0.54
corupa,2026-10-10T06:42,0.52
corupa,2026-10-10T06:43,0.51
corupa,2026-10-10T06:44,0.51
corupa,2026-10-10T06:45,0.53
corupa,2026-10-10T06:46,0.53
corupa,2026-10-10T06:47,0.53
corupa,2026-10-10T06:48,0.52
corupa,2026-10-10T06:49,0.52
corupa,2026-10-10T06:50,0.51
corupa,2026-10-10T06:51,0.51
corupa,2026-10-10T06:52,0.53
corupa,2026-10-10T06:53,0.53
corupa,2026-10-10T06:54,0.53
corupa,2026-10-10T06:55,0.52
corupa,2026-10-10T06:56,0.52
corupa,2026-10-10T06:57,0.53
corupa,2026-10-10T06:58,0.53
corupa,2026-10-10T06:59,0.53
corupa,2026-10-10T07:00,0.53
corupa,2026-10-10T07:01,0.53
corupa,2026-10-10T07:02,0.53
corupa,2026-10-10T07:03,0.53
corupa,2026-10-10T07:04,0.52
corupa,2026-10-10T07:05,0.53
corupa,2026-10-10T07:06,0.53
corupa,2026-10-10T07:07,0.54
corupa,2026-10-10T07:08,0.54
corupa,2026-10-10T07:09,0.54
corupa,2026-10-10T07:10,0.52
corupa,2026-10-10T07:11,0.52
corupa,2026-10-10T07:12,0.53
corupa,2026-10-10T07:13,0.53
corupa,2026-10-10T07:14,0.53
corupa,2026-10-10T07:15,0.53
corupa,2026-10-10T07:16,0.53
corupa,2026-10-10T07:17,0.53
corupa,2026-10-10T07:18,0.53
corupa,2026-10-10T07:19,0.54
corupa,2026-10-10T07:20,0.52
corupa,2026-10-10T07:21,0.52
corupa,2026-10-10T07:22,0.54
corupa,2026-10-10T07:23,0.54
corupa,2026-10-10T07:24,0.51
corupa,2026-10-10T07:25,0.51
corupa,2026-10-10T07:26,0.52
corupa,2026-10-10T07:27,0.53
corupa,2026-10-10T07:28,0.53
corupa,2026-10-10T07:29,0.53
corupa,2026-10-10T07:30,0.53
corupa,2026-10-10T07:31,0.52
corupa,2026-10-10T07:32,0.52
corupa,2026-10-10T07:33,0.52
corupa,2026-10-10T07:34,0.52
corupa,2026-10-10T07:35,0.52
corupa,2026-10-10T07:36,0.52
corupa,2026-10-10T07:37,0.52
corupa,2026-10-10T07:38,0.53
corupa,2026-10-10T07:39,0.53
corupa,2026-10-10T07:40,0.53
corupa,2026-10-10T07:41,0.53
corupa,2026-10-10T07:42,0.53
corupa,2026-10-10T07:43,0.53
corupa,2026-10-10T07:44,0.53
corupa,2026-10-10T07:45,0.53
corupa,2026-10-10T07:46,0.53
corupa,2026-10-10T07:47,0.53
corupa,2026-10-10T07:48,0.53
corupa,2026-10-10T07:49,0.53
corupa,2026-10-10T07:50,0.52
corupa,2026-10-10T07:51,0.52
corupa,2026-10-10T07:52,0.5
corupa,2026-10-10T07:53,0.5
corupa,2026-10-10T07:54,0.53
corupa,2026-10-10T07:55,0.53
corupa,2026-10-10T07:56,0.53
corupa,2026-10-10T07:57,0.52
corupa,2026-10-10T07:58,0.52
corupa,2026-10-10T07:59,0.53
corupa,2026-10-10T08:00,0.53
corupa,2026-10-10T08:01,0.53
corupa,2026-10-10T08:02,0.53
corupa,2026-10-10T08:03,0.53
corupa,2026-10-10T08:04,0.53
corupa,2026-10-10T08:05,0.53
corupa,2026-10-10T08:06,0.53
corupa,2026-10-10T08:07,0.53
corupa,2026-10-10T08:08,0.52
corupa,2026-10-10T08:09,0.52
corupa,2026-10-10T08:10,0.52
corupa,2026-10-10T08:11,0.52
corupa,2026-10-10T08:12,0.52
corupa,2026-10-10T08:13,0.53
corupa,2026-10-10T08:14,0.53
corupa,2026-10-10T08:15,0.52
corupa,2026-10-10T08:16,0.52
corupa,2026-10-10T08:17,0.52
corupa,2026-10-10T08:18,0.53
corupa,2026-10-10T08:19,0.53
corupa,2026-10-10T08:20,0.52
corupa,2026-10-10T08:21,0.52
corupa,2026-10-10T08:22,0.5
corupa,2026-10-10T08:23,0.5
corupa,2026-10-10T08:24,0.51
corupa,2026-10-10T08:25,0.52
corupa,2026-10-10T08:26,0.52
corupa,2026-10-10T08:27,0.53
corupa,2026-10-10T08:28,0.53
corupa,2026-10-10T08:29,0.54
corupa,2026-10-10T08:30,0.54
corupa,2026-10-10T08:31,0.52
corupa,2026-10-10T08:32,0.52
corupa,2026-10-10T08:33,0.52
corupa,2026-10-10T08:34,0.53
corupa,2026-10-10T08:35,0.53
corupa,2026-10-10T08:36,0.53
corupa,2026-10-10T08:37,0.53
corupa,2026-10-10T08:38,0.52
corupa,2026-10-10T08:39,0.52
corupa,2026-10-10T08:40,0.52
corupa,2026-10-10T08:41,0.51
corupa,2026-10-10T08:42,0.51
corupa,2026-10-10T08:43,0.52
corupa,2026-10-10T08:44,0.52
corupa,2026-10-10T08:45,0.52
corupa,2026-10-10T08:46,0.52
corupa,2026-10-10T08:47,0.52
corupa,2026-10-10T08:48,0.53
corupa,2026-10-10T08:49,0.53
corupa,2026-10-10T08:50,0.52
corupa,2026-10-10T08:51,0.52
corupa,2026-10-10T08:52,0.5
corupa,2026-10-10T08:53,0.5
corupa,2026-10-10T08:54,0.51
corupa,2026-10-10T08:55,0.51
corupa,2026-10-10T08:56,0.51
corupa,2026-10-10T08:57,0.52
corupa,2026-10-10T08:58,0.52
corupa,2026-10-10T08:59,0.53
corupa,2026-10-10T09:00,0.53
corupa,2026-10-10T09:01,0.53
corupa,2026-10-10T09:02,0.52
corupa,2026-10-10T09:03,0.52
corupa,2026-10-10T09:04,0.52
corupa,2026-10-10T09:05,0.52
corupa,2026-10-10T09:06,0.53
corupa,2026-10-10T09:07,0.53
corupa,2026-10-10T09:08,0.51
corupa,2026-10-10T09:09,0.53
corupa,2026-10-10T09:10,0.53
corupa,2026-10-10T09:11,0.52
corupa,2026-10-10T09:12,0.52
corupa,2026-10-10T09:13,0.52
corupa,2026-10-10T09:14,0.52
corupa,2026-10-10T09:15,0.52
corupa,2026-10-10T09:16,0.53
corupa,2026-10-10T09:17,0.53
corupa,2026-10-10T09:18,0.53
nereu,2026-10-10T05:15,0.66
nereu,2026-10-10T05:16,0.66
nereu,2026-10-10T05:17,0.66
nereu,2026-10-10T05:18,0.66
nereu,2026-10-10T05:19,0.66
nereu,2026-10-10T05:20,0.67
nereu,2026-10-10T05:21,0.66
nereu,2026-10-10T05:22,0.67
nereu,2026-10-10T05:23,0.67
nereu,2026-10-10T05:24,0.67
nereu,2026-10-10T05:25,0.67
nereu,2026-10-10T05:26,0.67
nereu,2026-10-10T05:27,0.66
nereu,2026-10-10T05:28,0.66
nereu,2026-10-10T05:29,0.67
nereu,2026-10-10T05:30,0.66
nereu,2026-10-10T05:31,0.66
nereu,2026-10-10T05:32,0.66
nereu,2026-10-10T05:33,0.66
nereu,2026-10-10T05:34,0.66
nereu,2026-10-10T05:35,0.66
nereu,2026-10-10T05:36,0.66
nereu,2026-10-10T05:37,0.66
nereu,2026-10-10T05:38,0.66
nereu,2026-10-10T05:39,0.67
nereu,2026-10-10T05:40,0.66
nereu,2026-10-10T05:41,0.67
nereu,2026-10-10T05:42,0.66
nereu,2026-10-10T05:43,0.66
nereu,2026-10-10T05:44,0.67
nereu,2026-10-10T05:45,0.66
nereu,2026-10-10T05:46,0.66
nereu,2026-10-10T05:47,0.67
nereu,2026-10-10T05:48,0.66
nereu,2026-10-10T05:49,0.66
nereu,2026-10-10T05:50,0.66
nereu,2026-10-10T05:51,0.67
nereu,2026-10-10T05:52,0.67
nereu,2026-10-10T05:53,0.67
nereu,2026-10-10T05:54,0.67
nereu,2026-10-10T05:55,0.67
nereu,2026-10-10T05:56,0.67
nereu,2026-10-10T05:57,0.67
nereu,2026-10-10T05:58,0.67
nereu,2026-10-10T05:59,0.67
nereu,2026-10-10T06:00,0.67
nereu,2026-10-10T06:01,0.66
nereu,2026-10-10T06:02,0.67
nereu,2026-10-10T06:03,0.66
nereu,2026-10-10T06:04,0.66
nereu,2026-10-10T06:05,0.66
nereu,2026-10-10T06:06,0.66
nereu,2026-10-10T06:07,0.67
nereu,2026-10-10T06:08,0.67
nereu,2026-10-10T06:09,0.67
nereu,2026-10-10T06:10,0.66
nereu,2026-10-10T06:11,0.67
nereu,2026-10-10T06:12,0.66
nereu,2026-10-10T06:13,0.66
nereu,2026-10-10T06:14,0.67
nereu,2026-10-10T06:15,0.66
nereu,2026-10-10T06:16,0.67
nereu,2026-10-10T06:17,0.66
nereu,2026-10-10T06:18,0.67
nereu,2026-10-10T06:19,0.66
nereu,2026-10-10T06:20,0.66
nereu,2026-10-10T06:21,0.67
nereu,2026-10-10T06:22,0.66
nereu,2026-10-10T06:23,0.67
nereu,2026-10-10T06:24,0.67
nereu,2026-10-10T06:25,0.67
nereu,2026-10-10T06:26,0.67
nereu,2026-10-10T06:27,0.67
nereu,2026-10-10T06:28,0.67
nereu,2026-10-10T06:29,0.66
nereu,2026-10-10T06:30,0.67
nereu,2026-10-10T06:31,0.67
nereu,2026-10-10T06:32,0.66
nereu,2026-10-10T06:33,0.66
nereu,2026-10-10T06:34,0.66
nereu,2026-10-10T06:35,0.66
nereu,2026-10-10T06:36,0.66
nereu,2026-10-10T06:37,0.66
nereu,2026-10-10T06:38,0.66
nereu,2026-10-10T06:39,0.66
nereu,2026-10-10T06:40,0.66
nereu,2026-10-10T06:41,0.66
nereu,2026-10-10T06:42,0.66
nereu,2026-10-10T06:43,0.66
nereu,2026-10-10T06:44,0.66
nereu,2026-10-10T06:45,0.66
nereu,2026-10-10T06:46,0.66
nereu,2026-10-10T06:47,0.66
nereu,2026-10-10T06:48,0.66
nereu,2026-10-10T06:49,0.66
nereu,2026-10-10T06:50,0.67
nereu,2026-10-10T06:51,0.67
nereu,2026-10-10T06:52,0.67
nereu,2026-10-10T06:53,0.66
nereu,2026-10-10T06:54,0.66
nereu,2026-10-10T06:55,0.67
nereu,2026-10-10T06:56,0.66
nereu,2026-10-10T06:57,0.66
nereu,2026-10-10T06:58,0.66
nereu,2026-10-10T06:59,0.66
nereu,2026-10-10T07:00,0.66
nereu,2026-10-10T07:01,0.66
nereu,2026-10-10T07:02,0.66
nereu,2026-10-10T07:03,0.66
nereu,2026-10-10T07:04,0.66
nereu,2026-10-10T07:05,0.66
nereu,2026-10-10T07:06,0.66
nereu,2026-10-10T07:07,0.66
nereu,2026-10-10T07:08,0.66
nereu,2026-10-10T07:09,0.66
nereu,2026-10-10T07:10,0.66
nereu,2026-10-10T07:11,0.66
nereu,2026-10-10T07:12,0.66
nereu,2026-10-10T07:13,0.66
nereu,2026-10-10T07:14,0.66
nereu,2026-10-10T07:15,0.66
nereu,2026-10-10T07:16,0.66
nereu,2026-10-10T07:17,0.66
nereu,2026-10-10T07:18,0.66
nereu,2026-10-10T07:19,0.67
nereu,2026-10-10T07:20,0.66
nereu,2026-10-10T07:21,0.66
nereu,2026-10-10T07:22,0.66
nereu,2026-10-10T07:23,0.66
nereu,2026-10-10T07:24,0.67
nereu,2026-10-10T07:25,0.66
nereu,2026-10-10T07:26,0.67
nereu,2026-10-10T07:27,0.66
nereu,2026-10-10T07:28,0.67
nereu,2026-10-10T07:29,0.66
nereu,2026-10-10T07:30,0.66
nereu,2026-10-10T07:31,0.66
nereu,2026-10-10T07:32,0.66
nereu,2026-10-10T07:33,0.66
nereu,2026-10-10T07:34,0.66
nereu,2026-10-10T07:35,0.66
nereu,2026-10-10T07:36,0.66
nereu,2026-10-10T07:37,0.66
nereu,2026-10-10T07:38,0.66
nereu,2026-10-10T07:39,0.66
nereu,2026-10-10T07:40,0.66
nereu,2026-10-10T07:41,0.66
nereu,2026-10-10T07:42,0.66
nereu,2026-10-10T07:43,0.66
nereu,2026-10-10T07:44,0.67
nereu,2026-10-10T07:45,0.66
nereu,2026-10-10T07:46,0.67
nereu,2026-10-10T07:47,0.67
nereu,2026-10-10T07:48,0.66
nereu,2026-10-10T07:49,0.66
nereu,2026-10-10T07:50,0.66
nereu,2026-10-10T07:51,0.66
nereu,2026-10-10T07:52,0.66
nereu,2026-10-10T07:53,0.67
nereu,2026-10-10T07:54,0.66
nereu,2026-10-10T07:55,0.66
nereu,2026-10-10T07:56,0.67
nereu,2026-10-10T07:57,0.66
nereu,2026-10-10T07:58,0.66
nereu,2026-10-10T07:59,0.66
nereu,2026-10-10T08:00,0.66
nereu,2026-10-10T08:01,0.66
nereu,2026-10-10T08:02,0.66
nereu,2026-10-10T08:03,0.66
nereu,2026-10-10T08:04,0.66
nereu,2026-10-10T08:05,0.66
nereu,2026-10-10T08:06,0.66
nereu,2026-10-10T08:07,0.66
nereu,2026-10-10T08:08,0.67
nereu,2026-10-10T08:09,0.66
nereu,2026-10-10T08:10,0.67
nereu,2026-10-10T08:11,0.67
nereu,2026-10-10T08:12,0.67
nereu,2026-10-10T08:13,0.67
nereu,2026-10-10T08:14,0.67
nereu,2026-10-10T08:15,0.67
nereu,2026-10-10T08:16,0.66
nereu,2026-10-10T08:17,0.67
nereu,2026-10-10T08:18,0.67
nereu,2026-10-10T08:19,0.66
nereu,2026-10-10T08:20,0.66
nereu,2026-10-10T08:21,0.67
nereu,2026-10-10T08:22,0.66
nereu,2026-10-10T08:23,0.66
nereu,2026-10-10T08:24,0.66
nereu,2026-10-10T08:25,0.66
nereu,2026-10-10T08:26,0.66
nereu,2026-10-10T08:27,0.66
nereu,2026-10-10T08:28,0.66
nereu,2026-10-10T08:29,0.66
nereu,2026-10-10T08:30,0.66
nereu,2026-10-10T08:31,0.66
nereu,2026-10-10T08:32,0.66
nereu,2026-10-10T08:33,0.66
nereu,2026-10-10T08:34,0.66
nereu,2026-10-10T08:35,0.66
nereu,2026-10-10T08:36,0.66
nereu,2026-10-10T08:37,0.66
nereu,2026-10-10T08:38,0.66
nereu,2026-10-10T08:39,0.66
nereu,2026-10-10T08:40,0.66
nereu,2026-10-10T08:41,0.66
nereu,2026-10-10T08:42,0.66
nereu,2026-10-10T08:43,0.66
nereu,2026-10-10T08:44,0.66
nereu,2026-10-10T08:45,0.65
nereu,2026-10-10T08:46,0.66
nereu,2026-10-10T08:47,0.66
nereu,2026-10-10T08:48,0.66
nereu,2026-10-10T08:49,0.66
nereu,2026-10-10T08:50,0.66
nereu,2026-10-10T08:51,0.66
nereu,2026-10-10T08:52,0.66
nereu,2026-10-10T08:53,0.66
nereu,2026-10-10T08:54,0.66
nereu,2026-10-10T08:55,0.66
nereu,2026-10-10T08:56,0.66
nereu,2026-10-10T08:57,0.66
nereu,2026-10-10T08:58,0.66
nereu,2026-10-10T08:59,0.66
nereu,2026-10-10T09:00,0.66
nereu,2026-10-10T09:01,0.66
nereu,2026-10-10T09:02,0.66
nereu,2026-10-10T09:03,0.66
nereu,2026-10-10T09:04,0.66
nereu,2026-10-10T09:05,0.66
nereu,2026-10-10T09:06,0.66
nereu,2026-10-10T09:07,0.66
nereu,2026-10-10T09:08,0.66
nereu,2026-10-10T09:09,0.66
nereu,2026-10-10T09:10,0.66
nereu,2026-10-10T09:11,0.66
nereu,2026-10-10T09:12,0.66
nereu,2026-10-10T09:13,0.66
nereu,2026-10-10T09:14,0.66
nereu,2026-10-10T09:15,0.66
nereu,2026-10-10T09:16,0.66
nereu,2026-10-10T09:17,0.66
nereu,2026-10-10T09:18,0.66
eta,2026-10-10T05:15,0.88
eta,2026-10-10T05:16,0.88
eta,2026-10-10T05:17,0.88
eta,2026-10-10T05:18,0.87
eta,2026-10-10T05:19,0.88
eta,2026-10-10T05:20,0.89
eta,2026-10-10T05:21,0.88
eta,2026-10-10T05:22,0.88
eta,2026-10-10T05:23,0.88
eta,2026-10-10T05:24,0.88
eta,2026-10-10T05:25,0.88
eta,2026-10-10T05:26,0.88
eta,2026-10-10T05:27,0.88
eta,2026-10-10T05:28,0.88
eta,2026-10-10T05:29,0.89
eta,2026-10-10T05:30,0.88
eta,2026-10-10T05:31,0.87
eta,2026-10-10T05:32,0.88
eta,2026-10-10T05:33,0.88
eta,2026-10-10T05:34,0.88
eta,2026-10-10T05:35,0.88
eta,2026-10-10T05:36,0.88
eta,2026-10-10T05:37,0.87
eta,2026-10-10T05:38,0.88
eta,2026-10-10T05:39,0.88
eta,2026-10-10T05:40,0.89
eta,2026-10-10T05:41,0.88
eta,2026-10-10T05:42,0.87
eta,2026-10-10T05:43,0.87
eta,2026-10-10T05:44,0.88
eta,2026-10-10T05:45,0.88
eta,2026-10-10T05:46,0.87
eta,2026-10-10T05:47,0.87
eta,2026-10-10T05:48,0.87
eta,2026-10-10T05:49,0.88
eta,2026-10-10T05:50,0.88
eta,2026-10-10T05:51,0.87
eta,2026-10-10T05:52,0.87
eta,2026-10-10T05:53,0.88
eta,2026-10-10T05:54,0.87
eta,2026-10-10T05:55,0.87
eta,2026-10-10T05:56,0.87
eta,2026-10-10T05:57,0.87
eta,2026-10-10T05:58,0.87
eta,2026-10-10T05:59,0.87
eta,2026-10-10T06:00,0.87
eta,2026-10-10T06:01,0.87
eta,2026-10-10T06:02,0.87
eta,2026-10-10T06:03,0.87
eta,2026-10-10T06:04,0.87
eta,2026-10-10T06:05,0.86
eta,2026-10-10T06:06,0.87
eta,2026-10-10T06:07,0.86
eta,2026-10-10T06:08,0.87
eta,2026-10-10T06:09,0.87
eta,2026-10-10T06:10,0.87
eta,2026-10-10T06:11,0.87
eta,2026-10-10T06:12,0.87
eta,2026-10-10T06:13,0.87
eta,2026-10-10T06:14,0.87
eta,2026-10-10T06:15,0.86
eta,2026-10-10T06:16,0.87
eta,2026-10-10T06:17,0.87
eta,2026-10-10T06:18,0.87
eta,2026-10-10T06:19,0.87
eta,2026-10-10T06:20,0.87
eta,2026-10-10T06:21,0.87
eta,2026-10-10T06:22,0.87
eta,2026-10-10T06:23,0.86
eta,2026-10-10T06:24,0.87
eta,2026-10-10T06:25,0.86
eta,2026-10-10T06:26,0.86
eta,2026-10-10T06:27,0.86
eta,2026-10-10T06:28,0.86
eta,2026-10-10T06:29,0.85
eta,2026-10-10T06:30,0.87
eta,2026-10-10T06:31,0.86
eta,2026-10-10T06:32,0.87
eta,2026-10-10T06:33,0.86
eta,2026-10-10T06:34,0.87
eta,2026-10-10T06:35,0.87
eta,2026-10-10T06:36,0.87
eta,2026-10-10T06:37,0.87
eta,2026-10-10T06:38,0.86
eta,2026-10-10T06:39,0.86
eta,2026-10-10T06:40,0.87
eta,2026-10-10T06:41,0.86
eta,2026-10-10T06:42,0.86
eta,2026-10-10T06:43,0.86
eta,2026-10-10T06:44,0.86
eta,2026-10-10T06:45,0.86
eta,2026-10-10T06:46,0.86
eta,2026-10-10T06:47,0.87
eta,2026-10-10T06:48,0.87
eta,2026-10-10T06:49,0.86
eta,2026-10-10T06:50,0.87
eta,2026-10-10T06:51,0.86
eta,2026-10-10T06:52,0.86
eta,2026-10-10T06:53,0.86
eta,2026-10-10T06:54,0.86
eta,2026-10-10T06:55,0.86
eta,2026-10-10T06:56,0.86
eta,2026-10-10T06:57,0.86
eta,2026-10-10T06:58,0.86
eta,2026-10-10T06:59,0.86
eta,2026-10-10T07:00,0.87
eta,2026-10-10T07:01,0.86
eta,2026-10-10T07:02,0.86
eta,2026-10-10T07:03,0.86
eta,2026-10-10T07:04,0.87
eta,2026-10-10T07:05,0.86
eta,2026-10-10T07:06,0.86
eta,2026-10-10T07:07,0.86
eta,2026-10-10T07:08,0.86
eta,2026-10-10T07:09,0.86
eta,2026-10-10T07:10,0.86
eta,2026-10-10T07:11,0.86
eta,2026-10-10T07:12,0.86
eta,2026-10-10T07:13,0.86
eta,2026-10-10T07:14,0.87
eta,2026-10-10T07:15,0.86
eta,2026-10-10T07:16,0.86
eta,2026-10-10T07:17,0.86
eta,2026-10-10T07:18,0.86
eta,2026-10-10T07:19,0.86
eta,2026-10-10T07:20,0.86
eta,2026-10-10T07:21,0.86
eta,2026-10-10T07:22,0.86
eta,2026-10-10T07:23,0.86
eta,2026-10-10T07:24,0.85
eta,2026-10-10T07:25,0.86
eta,2026-10-10T07:26,0.86
eta,2026-10-10T07:27,0.86
eta,2026-10-10T07:28,0.86
eta,2026-10-10T07:29,0.86
eta,2026-10-10T07:30,0.86
eta,2026-10-10T07:31,0.86
eta,2026-10-10T07:32,0.86
eta,2026-10-10T07:33,0.86
eta,2026-10-10T07:34,0.86
eta,2026-10-10T07:35,0.86
eta,2026-10-10T07:36,0.86
eta,2026-10-10T07:37,0.86
eta,2026-10-10T07:38,0.86
eta,2026-10-10T07:39,0.89
eta,2026-10-10T07:40,0.86
eta,2026-10-10T07:41,0.87
eta,2026-10-10T07:42,0.86
eta,2026-10-10T07:43,0.86
eta,2026-10-10T07:44,0.86
eta,2026-10-10T07:45,0.86
eta,2026-10-10T07:46,0.86
eta,2026-10-10T07:47,0.86
eta,2026-10-10T07:48,0.86
eta,2026-10-10T07:49,0.86
eta,2026-10-10T07:50,0.86
eta,2026-10-10T07:51,0.86
eta,2026-10-10T07:52,0.86
eta,2026-10-10T07:53,0.86
eta,2026-10-10T07:54,0.87
eta,2026-10-10T07:55,0.86
eta,2026-10-10T07:56,0.86
eta,2026-10-10T07:57,0.86
eta,2026-10-10T07:58,0.86
eta,2026-10-10T07:59,0.86
eta,2026-10-10T08:00,0.86
eta,2026-10-10T08:01,0.87
eta,2026-10-10T08:02,0.86
eta,2026-10-10T08:03,0.86
eta,2026-10-10T08:04,0.87
eta,2026-10-10T08:05,0.86
eta,2026-10-10T08:06,0.86
eta,2026-10-10T08:07,0.87
eta,2026-10-10T08:08,0.86
eta,2026-10-10T08:09,0.87
eta,2026-10-10T08:10,0.86
eta,2026-10-10T08:11,0.86
eta,2026-10-10T08:12,0.87
eta,2026-10-10T08:13,0.86
eta,2026-10-10T08:14,0.86
eta,2026-10-10T08:15,0.86
eta,2026-10-10T08:16,0.86
eta,2026-10-10T08:17,0.86
eta,2026-10-10T08:18,0.86
eta,2026-10-10T08:19,0.86
eta,2026-10-10T08:20,0.86
eta,2026-10-10T08:21,0.87
eta,2026-10-10T08:22,0.86
eta,2026-10-10T08:23,0.86
eta,2026-10-10T08:24,0.86
eta,2026-10-10T08:25,0.86
eta,2026-10-10T08:26,0.86
eta,2026-10-10T08:27,0.86
eta,2026-10-10T08:28,0.86
eta,2026-10-10T08:29,0.86
eta,2026-10-10T08:30,0.87
eta,2026-10-10T08:31,0.86
eta,2026-10-10T08:32,0.86
eta,2026-10-10T08:33,0.86
eta,2026-10-10T08:34,0.86
eta,2026-10-10T08:35,0.86
eta,2026-10-10T08:36,0.86
eta,2026-10-10T08:37,0.87
eta,2026-10-10T08:38,0.86
eta,2026-10-10T08:39,0.86
eta,2026-10-10T08:40,0.86
eta,2026-10-10T08:41,0.86
eta,2026-10-10T08:42,0.86
eta,2026-10-10T08:43,0.86
eta,2026-10-10T08:44,0.86
eta,2026-10-10T08:45,0.86
eta,2026-10-10T08:46,0.86
eta,2026-10-10T08:47,0.86
eta,2026-10-10T08:48,0.86
eta,2026-10-10T08:49,0.86
eta,2026-10-10T08:50,0.87
eta,2026-10-10T08:51,0.86
eta,2026-10-10T08:52,0.86
eta,2026-10-10T08:53,0.86
eta,2026-10-10T08:54,0.85
eta,2026-10-10T08:55,0.86
eta,2026-10-10T08:56,0.86
eta,2026-10-10T08:57,0.86
eta,2026-10-10T08:58,0.86
eta,2026-10-10T08:59,0.86
eta,2026-10-10T09:00,0.85
eta,2026-10-10T09:01,0.86
eta,2026-10-10T09:02,0.85
eta,2026-10-10T09:03,0.86
eta,2026-10-10T09:04,0.86
eta,2026-10-10T09:05,0.86
eta,2026-10-10T09:06,0.86
eta,2026-10-10T09:07,0.86
eta,2026-10-10T09:08,0.85
eta,2026-10-10T09:09,0.86
eta,2026-10-10T09:10,0.86
eta,2026-10-10T09:11,0.86
eta,2026-10-10T09:12,0.86
eta,2026-10-10T09:13,0.85
eta,2026-10-10T09:14,0.86
eta,2026-10-10T09:15,0.86
eta,2026-10-10T09:16,0.85
eta,2026-10-10T09:17,0.86
eta,2026-10-10T09:18,0.86
via_verde,2026-10-10T05:15,0.78
via_verde,2026-10-10T05:16,0.78
via_verde,2026-10-10T05:17,0.78
via_verde,2026-10-10T05:18,0.78
via_verde,2026-10-10T05:19,0.78
via_verde,2026-10-10T05:20,0.78
via_verde,2026-10-10T05:21,0.78
via_verde,2026-10-10T05:22,0.78
via_verde,2026-10-10T05:23,0.78
via_verde,2026-10-10T05:24,0.78
via_verde,2026-10-10T05:25,0.78
via_verde,2026-10-10T05:26,0.78
via_verde,2026-10-10T05:27,0.78
via_verde,2026-10-10T05:28,0.78
via_verde,2026-10-10T05:29,0.78
via_verde,2026-10-10T05:30,0.78
via_verde,2026-10-10T05:31,0.78
via_verde,2026-10-10T05:32,0.78
via_verde,2026-10-10T05:33,0.78
via_verde,2026-10-10T05:34,0.78
via_verde,2026-10-10T05:35,0.78
via_verde,2026-10-10T05:36,0.78
via_verde,2026-10-10T05:37,0.78
via_verde,2026-10-10T05:38,0.78
via_verde,2026-10-10T05:39,0.78
via_verde,2026-10-10T05:40,0.78
via_verde,2026-10-10T05:41,0.78
via_verde,2026-10-10T05:42,0.78
via_verde,2026-10-10T05:43,0.78
via_verde,2026-10-10T05:44,0.78
via_verde,2026-10-10T05:45,0.77
via_verde,2026-10-10T05:46,0.78
via_verde,2026-10-10T05:47,0.78
via_verde,2026-10-10T05:48,0.77
via_verde,2026-10-10T05:49,0.77
via_verde,2026-10-10T05:50,0.78
via_verde,2026-10-10T05:51,0.77
via_verde,2026-10-10T05:52,0.77
via_verde,2026-10-10T05:53,0.78
via_verde,2026-10-10T05:54,0.78
via_verde,2026-10-10T05:55,0.78
via_verde,2026-10-10T05:56,0.77
via_verde,2026-10-10T05:57,0.78
via_verde,2026-10-10T05:58,0.77
via_verde,2026-10-10T05:59,0.78
via_verde,2026-10-10T06:00,0.77
via_verde,2026-10-10T06:01,0.78
via_verde,2026-10-10T06:02,0.77
via_verde,2026-10-10T06:03,0.76
via_verde,2026-10-10T06:04,0.76
via_verde,2026-10-10T06:05,0.76
via_verde,2026-10-10T06:06,0.77
via_verde,2026-10-10T06:07,0.78
via_verde,2026-10-10T06:08,0.77
via_verde,2026-10-10T06:09,0.77
via_verde,2026-10-10T06:10,0.77
via_verde,2026-10-10T06:11,0.77
via_verde,2026-10-10T06:12,0.78
via_verde,2026-10-10T06:13,0.78
via_verde,2026-10-10T06:14,0.77
via_verde,2026-10-10T06:15,0.76
via_verde,2026-10-10T06:16,0.78
via_verde,2026-10-10T06:17,0.78
via_verde,2026-10-10T06:18,0.78
via_verde,2026-10-10T06:19,0.78
via_verde,2026-10-10T06:20,0.77
via_verde,2026-10-10T06:21,0.78
via_verde,2026-10-10T06:22,0.77
via_verde,2026-10-10T06:23,0.77
via_verde,2026-10-10T06:24,0.77
via_verde,2026-10-10T06:25,0.77
via_verde,2026-10-10T06:26,0.77
via_verde,2026-10-10T06:27,0.77
via_verde,2026-10-10T06:28,0.77
via_verde,2026-10-10T06:29,0.77
via_verde,2026-10-10T06:30,0.77
via_verde,2026-10-10T06:31,0.78
via_verde,2026-10-10T06:32,0.77
via_verde,2026-10-10T06:33,0.77
via_verde,2026-10-10T06:34,0.78
via_verde,2026-10-10T06:35,0.77
via_verde,2026-10-10T06:36,0.77
via_verde,2026-10-10T06:37,0.77
via_verde,2026-10-10T06:38,0.77
via_verde,2026-10-10T06:39,0.77
via_verde,2026-10-10T06:40,0.77
via_verde,2026-10-10T06:41,0.77
via_verde,2026-10-10T06:42,0.77
via_verde,2026-10-10T06:43,0.77
via_verde,2026-10-10T06:44,0.77
via_verde,2026-10-10T06:45,0.77
via_verde,2026-10-10T06:46,0.77
via_verde,2026-10-10T06:47,0.77
via_verde,2026-10-10T06:48,0.76
via_verde,2026-10-10T06:49,0.77
via_verde,2026-10-10T06:50,0.77
via_verde,2026-10-10T06:51,0.77
via_verde,2026-10-10T06:52,0.77
via_verde,2026-10-10T06:53,0.77
via_verde,2026-10-10T06:54,0.77
via_verde,2026-10-10T06:55,0.77
via_verde,2026-10-10T06:56,0.77
via_verde,2026-10-10T06:57,0.77
via_verde,2026-10-10T06:58,0.76
via_verde,2026-10-10T06:59,0.77
via_verde,2026-10-10T07:00,0.76
via_verde,2026-10-10T07:01,0.76
via_verde,2026-10-10T07:02,0.76
via_verde,2026-10-10T07:03,0.77
via_verde,2026-10-10T07:04,0.76
via_verde,2026-10-10T07:05,0.76
via_verde,2026-10-10T07:06,0.77
via_verde,2026-10-10T07:07,0.77
via_verde,2026-10-10T07:08,0.76
via_verde,2026-10-10T07:09,0.76
via_verde,2026-10-10T07:10,0.76
via_verde,2026-10-10T07:11,0.76
via_verde,2026-10-10T07:12,0.76
via_verde,2026-10-10T07:13,0.76
via_verde,2026-10-10T07:14,0.76
via_verde,2026-10-10T07:15,0.76
via_verde,2026-10-10T07:16,0.76
via_verde,2026-10-10T07:17,0.76
via_verde,2026-10-10T07:18,0.76
via_verde,2026-10-10T07:19,0.76
via_verde,2026-10-10T07:20,0.77
via_verde,2026-10-10T07:21,0.76
via_verde,2026-10-10T07:22,0.76
via_verde,2026-10-10T07:23,0.76
via_verde,2026-10-10T07:24,0.76
via_verde,2026-10-10T07:25,0.76
via_verde,2026-10-10T07:26,0.75
via_verde,2026-10-10T07:27,0.76
via_verde,2026-10-10T07:28,0.76
via_verde,2026-10-10T07:29,0.76
via_verde,2026-10-10T07:30,0.76
via_verde,2026-10-10T07:31,0.76
via_verde,2026-10-10T07:32,0.76
via_verde,2026-10-10T07:33,0.75
via_verde,2026-10-10T07:34,0.76
via_verde,2026-10-10T07:35,0.76
via_verde,2026-10-10T07:36,0.76
via_verde,2026-10-10T07:37,0.75
via_verde,2026-10-10T07:38,0.76
via_verde,2026-10-10T07:39,0.76
via_verde,2026-10-10T07:40,0.76
via_verde,2026-10-10T07:41,0.75
via_verde,2026-10-10T07:42,0.76
via_verde,2026-10-10T07:43,0.76
via_verde,2026-10-10T07:44,0.75
via_verde,2026-10-10T07:45,0.76
via_verde,2026-10-10T07:46,0.76
via_verde,2026-10-10T07:47,0.75
via_verde,2026-10-10T07:48,0.76
via_verde,2026-10-10T07:49,0.76
via_verde,2026-10-10T07:50,0.75
via_verde,2026-10-10T07:51,0.76
via_verde,2026-10-10T07:52,0.76
via_verde,2026-10-10T07:53,0.76
via_verde,2026-10-10T07:54,0.76
via_verde,2026-10-10T07:55,0.76
via_verde,2026-10-10T07:56,0.76
via_verde,2026-10-10T07:57,0.76
via_verde,2026-10-10T07:58,0.76
via_verde,2026-10-10T07:59,0.75
via_verde,2026-10-10T08:00,0.76
via_verde,2026-10-10T08:01,0.76
via_verde,2026-10-10T08:02,0.76
via_verde,2026-10-10T08:03,0.76
via_verde,2026-10-10T08:04,0.75
via_verde,2026-10-10T08:05,0.75
via_verde,2026-10-10T08:06,0.76
via_verde,2026-10-10T08:07,0.75
via_verde,2026-10-10T08:08,0.76
via_verde,2026-10-10T08:09,0.75
via_verde,2026-10-10T08:10,0.75
via_verde,2026-10-10T08:11,0.75
via_verde,2026-10-10T08:12,0.76
via_verde,2026-10-10T08:13,0.75
via_verde,2026-10-10T08:14,0.75
via_verde,2026-10-10T08:15,0.74
via_verde,2026-10-10T08:16,0.74
via_verde,2026-10-10T08:17,0.75
via_verde,2026-10-10T08:18,0.75
via_verde,2026-10-10T08:19,0.75
via_verde,2026-10-10T08:20,0.75
via_verde,2026-10-10T08:21,0.75
via_verde,2026-10-10T08:22,0.75
via_verde,2026-10-10T08:23,0.75
via_verde,2026-10-10T08:24,0.75
via_verde,2026-10-10T08:25,0.75
via_verde,2026-10-10T08:26,0.75
via_verde,2026-10-10T08:27,0.75
via_verde,2026-10-10T08:28,0.76
via_verde,2026-10-10T08:29,0.75
via_verde,2026-10-10T08:30,0.75
via_verde,2026-10-10T08:31,0.75
via_verde,2026-10-10T08:32,0.75
via_verde,2026-10-10T08:33,0.75
via_verde,2026-10-10T08:34,0.75
via_verde,2026-10-10T08:35,0.75
via_verde,2026-10-10T08:36,0.76
via_verde,2026-10-10T08:37,0.75
via_verde,2026-10-10T08:38,0.75
via_verde,2026-10-10T08:39,0.75
via_verde,2026-10-10T08:40,0.75
via_verde,2026-10-10T08:41,0.75
via_verde,2026-10-10T08:42,0.75
via_verde,2026-10-10T08:43,0.75
via_verde,2026-10-10T08:44,0.75
via_verde,2026-10-10T08:45,0.76
via_verde,2026-10-10T08:46,0.75
via_verde,2026-10-10T08:47,0.75
via_verde,2026-10-10T08:48,0.75
via_verde,2026-10-10T08:49,0.75
via_verde,2026-10-10T08:50,0.75
via_verde,2026-10-10T08:51,0.75
via_verde,2026-10-10T08:52,0.75
via_verde,2026-10-10T08:53,0.76
via_verde,2026-10-10T08:54,0.75
via_verde,2026-10-10T08:55,0.75
via_verde,2026-10-10T08:56,0.75
via_verde,2026-10-10T08:57,0.75
via_verde,2026-10-10T08:58,0.75
via_verde,2026-10-10T08:59,0.75
via_verde,2026-10-10T09:00,0.75
via_verde,2026-10-10T09:01,0.75
via_verde,2026-10-10T09:02,0.75
via_verde,2026-10-10T09:03,0.75
via_verde,2026-10-10T09:04,0.75
via_verde,2026-10-10T09:05,0.76
via_verde,2026-10-10T09:06,0.75
via_verde,2026-10-10T09:07,0.75
via_verde,2026-10-10T09:08,0.75
via_verde,2026-10-10T09:09,0.75
via_verde,2026-10-10T09:10,0.76
via_verde,2026-10-10T09:11,0.75
via_verde,2026-10-10T09:12,0.76
via_verde,2026-10-10T09:13,0.75
via_verde,2026-10-10T09:14,0.75
via_verde,2026-10-10T09:15,0.76
via_verde,2026-10-10T09:16,0.75
via_verde,2026-10-10T09:17,0.75
via_verde,2026-10-10T09:18,0.76
corupa,2026-10-10T09:19,0.53
corupa,2026-10-10T09:20,0.51
corupa,2026-10-10T09:21,0.51
corupa,2026-10-10T09:22,0.52
corupa,2026-10-10T09:23,0.52
corupa,2026-10-10T09:24,0.52
corupa,2026-10-10T09:25,0.52
corupa,2026-10-10T09:26,0.53
corupa,2026-10-10T09:27,0.53
corupa,2026-10-10T09:28,0.52
corupa,2026-10-10T09:29,0.51
corupa,2026-10-10T09:30,0.51
corupa,2026-10-10T09:31,0.52
corupa,2026-10-10T09:32,0.52
corupa,2026-10-10T09:33,0.52
corupa,2026-10-10T09:34,0.52
corupa,2026-10-10T09:35,0.52
corupa,2026-10-10T09:36,0.52
corupa,2026-10-10T09:37,0.52
corupa,2026-10-10T09:38,0.53
corupa,2026-10-10T09:39,0.53
corupa,2026-10-10T09:40,0.5
corupa,2026-10-10T09:41,0.5
corupa,2026-10-10T09:42,0.52
corupa,2026-10-10T09:43,0.52
corupa,2026-10-10T09:44,0.52
corupa,2026-10-10T09:45,0.53
corupa,2026-10-10T09:46,0.53
corupa,2026-10-10T09:47,0.52
corupa,2026-10-10T09:48,0.51
corupa,2026-10-10T09:49,0.51
corupa,2026-10-10T09:50,0.52
corupa,2026-10-10T09:51,0.52
corupa,2026-10-10T09:52,0.53
corupa,2026-10-10T09:53,0.53
corupa,2026-10-10T09:54,0.51
corupa,2026-10-10T09:55,0.51
corupa,2026-10-10T09:56,0.51
corupa,2026-10-10T09:57,0.51
corupa,2026-10-10T09:58,0.51
corupa,2026-10-10T09:59,0.51
corupa,2026-10-10T10:00,0.51
corupa,2026-10-10T10:01,0.52
corupa,2026-10-10T10:02,0.52
corupa,2026-10-10T10:03,0.52
corupa,2026-10-10T10:04,0.52
corupa,2026-10-10T10:05,0.52
corupa,2026-10-10T10:06,0.51
corupa,2026-10-10T10:07,0.51
corupa,2026-10-10T10:08,0.52
corupa,2026-10-10T10:09,0.52
corupa,2026-10-10T10:10,0.52
corupa,2026-10-10T10:11,0.52
corupa,2026-10-10T10:12,0.52
corupa,2026-10-10T10:13,0.51
corupa,2026-10-10T10:14,0.51
corupa,2026-10-10T10:15,0.52
corupa,2026-10-10T10:16,0.52
corupa,2026-10-10T10:17,0.52
corupa,2026-10-10T10:18,0.52
corupa,2026-10-10T10:19,0.52
corupa,2026-10-10T10:20,0.52
corupa,2026-10-10T10:21,0.51
corupa,2026-10-10T10:22,0.52
corupa,2026-10-10T10:23,0.52
corupa,2026-10-10T10:24,0.52
corupa,2026-10-10T10:25,0.52
corupa,2026-10-10T10:26,0.51
corupa,2026-10-10T10:27,0.51
corupa,2026-10-10T10:28,0.52
corupa,2026-10-10T10:29,0.52
corupa,2026-10-10T10:30,0.51
corupa,2026-10-10T10:31,0.51
corupa,2026-10-10T10:32,0.51
corupa,2026-10-10T10:33,0.52
corupa,2026-10-10T10:34,0.52
corupa,2026-10-10T10:35,0.5
corupa,2026-10-10T10:36,0.5
corupa,2026-10-10T10:37,0.52
corupa,2026-10-10T10:38,0.52
corupa,2026-10-10T10:39,0.52
corupa,2026-10-10T10:40,0.52
corupa,2026-10-10T10:41,0.52
corupa,2026-10-10T10:42,0.5
corupa,2026-10-10T10:43,0.5
corupa,2026-10-10T10:44,0.51
corupa,2026-10-10T10:45,0.51
corupa,2026-10-10T10:46,0.52
corupa,2026-10-10T10:47,0.52
corupa,2026-10-10T10:48,0.52
corupa,2026-10-10T10:49,0.52
corupa,2026-10-10T10:50,0.52
corupa,2026-10-10T10:51,0.51
corupa,2026-10-10T10:52,0.51
corupa,2026-10-10T10:53,0.51
corupa,2026-10-10T10:54,0.5
corupa,2026-10-10T10:55,0.5
corupa,2026-10-10T10:56,0.51
corupa,2026-10-10T10:57,0.51
corupa,2026-10-10T10:58,0.51
corupa,2026-10-10T10:59,0.51
corupa,2026-10-10T11:00,0.5
corupa,2026-10-10T11:01,0.5
corupa,2026-10-10T11:02,0.5
corupa,2026-10-10T11:03,0.53
corupa,2026-10-10T11:04,0.53
corupa,2026-10-10T11:05,0.51
corupa,2026-10-10T11:06,0.51
corupa,2026-10-10T11:07,0.51
corupa,2026-10-10T11:08,0.51
corupa,2026-10-10T11:09,0.52
corupa,2026-10-10T11:10,0.52
corupa,2026-10-10T11:11,0.51
corupa,2026-10-10T11:12,0.51
corupa,2026-10-10T11:13,0.51
corupa,2026-10-10T11:14,0.52
corupa,2026-10-10T11:15,0.52
corupa,2026-10-10T11:16,0.51
corupa,2026-10-10T11:17,0.51
corupa,2026-10-10T11:18,0.52
corupa,2026-10-10T11:19,0.51
corupa,2026-10-10T11:20,0.51
corupa,2026-10-10T11:21,0.51
corupa,2026-10-10T11:22,0.51
corupa,2026-10-10T11:23,0.51
corupa,2026-10-10T11:24,0.51
corupa,2026-10-10T11:25,0.51
corupa,2026-10-10T11:26,0.51
corupa,2026-10-10T11:27,0.51
corupa,2026-10-10T11:28,0.51
corupa,2026-10-10T11:29,0.51
corupa,2026-10-10T11:30,0.52
corupa,2026-10-10T11:31,0.52
nereu,2026-10-10T09:19,0.65
nereu,2026-10-10T09:20,0.66
nereu,2026-10-10T09:21,0.66
nereu,2026-10-10T09:22,0.66
nereu,2026-10-10T09:23,0.66
nereu,2026-10-10T09:24,0.66
nereu,2026-10-10T09:25,0.66
nereu,2026-10-10T09:26,0.66
nereu,2026-10-10T09:27,0.66
nereu,2026-10-10T09:28,0.66
nereu,2026-10-10T09:29,0.66
nereu,2026-10-10T09:30,0.66
nereu,2026-10-10T09:31,0.66
nereu,2026-10-10T09:32,0.66
nereu,2026-10-10T09:33,0.66
nereu,2026-10-10T09:34,0.66
nereu,2026-10-10T09:35,0.66
nereu,2026-10-10T09:36,0.66
nereu,2026-10-10T09:37,0.66
nereu,2026-10-10T09:38,0.66
nereu,2026-10-10T09:39,0.66
nereu,2026-10-10T09:40,0.66
nereu,2026-10-10T09:41,0.66
nereu,2026-10-10T09:42,0.66
nereu,2026-10-10T09:43,0.66
nereu,2026-10-10T09:44,0.66
nereu,2026-10-10T09:45,0.66
nereu,2026-10-10T09:46,0.66
nereu,2026-10-10T09:47,0.66
nereu,2026-10-10T09:48,0.66
nereu,2026-10-10T09:49,0.66
nereu,2026-10-10T09:50,0.66
nereu,2026-10-10T09:51,0.66
nereu,2026-10-10T09:52,0.66
nereu,2026-10-10T09:53,0.66
nereu,2026-10-10T09:54,0.66
nereu,2026-10-10T09:55,0.66
nereu,2026-10-10T09:56,0.66
nereu,2026-10-10T09:57,0.66
nereu,2026-10-10T09:58,0.66
nereu,2026-10-10T09:59,0.66
nereu,2026-10-10T10:00,0.66
nereu,2026-10-10T10:01,0.66
nereu,2026-10-10T10:02,0.66
nereu,2026-10-10T10:03,0.66
nereu,2026-10-10T10:04,0.66
nereu,2026-10-10T10:05,0.66
nereu,2026-10-10T10:06,0.66
nereu,2026-10-10T10:07,0.65
nereu,2026-10-10T10:08,0.66
nereu,2026-10-10T10:09,0.66
nereu,2026-10-10T10:10,0.66
nereu,2026-10-10T10:11,0.66
nereu,2026-10-10T10:12,0.66
nereu,2026-10-10T10:13,0.65
nereu,2026-10-10T10:14,0.65
nereu,2026-10-10T10:15,0.65
nereu,2026-10-10T10:16,0.66
nereu,2026-10-10T10:17,0.66
nereu,2026-10-10T10:18,0.66
nereu,2026-10-10T10:19,0.65
nereu,2026-10-10T10:20,0.65
nereu,2026-10-10T10:21,0.66
nereu,2026-10-10T10:22,0.66
nereu,2026-10-10T10:23,0.66
nereu,2026-10-10T10:24,0.66
nereu,2026-10-10T10:25,0.65
nereu,2026-10-10T10:26,0.65
nereu,2026-10-10T10:27,0.66
nereu,2026-10-10T10:28,0.65
nereu,2026-10-10T10:29,0.66
nereu,2026-10-10T10:30,0.66
nereu,2026-10-10T10:31,0.65
nereu,2026-10-10T10:32,0.65
nereu,2026-10-10T10:33,0.66
nereu,2026-10-10T10:34,0.65
nereu,2026-10-10T10:35,0.66
nereu,2026-10-10T10:36,0.66
nereu,2026-10-10T10:37,0.66
nereu,2026-10-10T10:38,0.66
nereu,2026-10-10T10:39,0.66
nereu,2026-10-10T10:40,0.66
nereu,2026-10-10T10:41,0.66
nereu,2026-10-10T10:42,0.66
nereu,2026-10-10T10:43,0.66
nereu,2026-10-10T10:44,0.66
nereu,2026-10-10T10:45,0.66
nereu,2026-10-10T10:46,0.66
nereu,2026-10-10T10:47,0.66
nereu,2026-10-10T10:48,0.66
nereu,2026-10-10T10:49,0.65
nereu,2026-10-10T10:50,0.66
nereu,2026-10-10T10:51,0.66
nereu,2026-10-10T10:52,0.66
nereu,2026-10-10T10:53,0.66
nereu,2026-10-10T10:54,0.66
nereu,2026-10-10T10:55,0.66
nereu,2026-10-10T10:56,0.66
nereu,2026-10-10T10:57,0.66
nereu,2026-10-10T10:58,0.66
nereu,2026-10-10T10:59,0.65
nereu,2026-10-10T11:00,0.66
nereu,2026-10-10T11:01,0.65
nereu,2026-10-10T11:02,0.66
nereu,2026-10-10T11:03,0.66
nereu,2026-10-10T11:04,0.66
nereu,2026-10-10T11:05,0.66
nereu,2026-10-10T11:06,0.66
nereu,2026-10-10T11:07,0.66
nereu,2026-10-10T11:08,0.66
nereu,2026-10-10T11:09,0.66
nereu,2026-10-10T11:10,0.66
nereu,2026-10-10T11:11,0.66
nereu,2026-10-10T11:12,0.66
nereu,2026-10-10T11:13,0.66
nereu,2026-10-10T11:14,0.66
nereu,2026-10-10T11:15,0.66
nereu,2026-10-10T11:16,0.66
nereu,2026-10-10T11:17,0.66
nereu,2026-10-10T11:18,0.66
nereu,2026-10-10T11:19,0.66
nereu,2026-10-10T11:20,0.66
nereu,2026-10-10T11:21,0.66
nereu,2026-10-10T11:22,0.66
nereu,2026-10-10T11:23,0.66
nereu,2026-10-10T11:24,0.66
nereu,2026-10-10T11:25,0.66
nereu,2026-10-10T11:26,0.66
nereu,2026-10-10T11:27,0.66
nereu,2026-10-10T11:28,0.66
nereu,2026-10-10T11:29,0.66
nereu,2026-10-10T11:30,0.66
nereu,2026-10-10T11:31,0.66
eta,2026-10-10T09:19,0.85
eta,2026-10-10T09:20,0.86
eta,2026-10-10T09:21,0.85
eta,2026-10-10T09:22,0.86
eta,2026-10-10T09:23,0.86
eta,2026-10-10T09:24,0.85
eta,2026-10-10T09:25,0.85
eta,2026-10-10T09:26,0.85
eta,2026-10-10T09:27,0.85
eta,2026-10-10T09:28,0.85
eta,2026-10-10T09:29,0.85
eta,2026-10-10T09:30,0.85
eta,2026-10-10T09:31,0.86
eta,2026-10-10T09:32,0.85
eta,2026-10-10T09:33,0.86
eta,2026-10-10T09:34,0.86
eta,2026-10-10T09:35,0.86
eta,2026-10-10T09:36,0.85
eta,2026-10-10T09:37,0.85
eta,2026-10-10T09:38,0.86
eta,2026-10-10T09:39,0.84
eta,2026-10-10T09:40,0.86
eta,2026-10-10T09:41,0.85
eta,2026-10-10T09:42,0.86
eta,2026-10-10T09:43,0.85
eta,2026-10-10T09:44,0.85
eta,2026-10-10T09:45,0.85
eta,2026-10-10T09:46,0.85
eta,2026-10-10T09:47,0.85
eta,2026-10-10T09:48,0.85
eta,2026-10-10T09:49,0.85
eta,2026-10-10T09:50,0.86
eta,2026-10-10T09:51,0.85
eta,2026-10-10T09:52,0.85
eta,2026-10-10T09:53,0.85
eta,2026-10-10T09:54,0.85
eta,2026-10-10T09:55,0.86
eta,2026-10-10T09:56,0.85
eta,2026-10-10T09:57,0.86
eta,2026-10-10T09:58,0.84
eta,2026-10-10T09:59,0.85
eta,2026-10-10T10:00,0.85
eta,2026-10-10T10:01,0.85
eta,2026-10-10T10:02,0.85
eta,2026-10-10T10:03,0.85
eta,2026-10-10T10:04,0.85
eta,2026-10-10T10:05,0.85
eta,2026-10-10T10:06,0.85
eta,2026-10-10T10:07,0.86
eta,2026-10-10T10:08,0.85
eta,2026-10-10T10:09,0.85
eta,2026-10-10T10:10,0.85
eta,2026-10-10T10:11,0.85
eta,2026-10-10T10:12,0.85
eta,2026-10-10T10:13,0.85
eta,2026-10-10T10:14,0.85
eta,2026-10-10T10:15,0.85
eta,2026-10-10T10:16,0.85
eta,2026-10-10T10:17,0.85
eta,2026-10-10T10:18,0.84
eta,2026-10-10T10:19,0.85
eta,2026-10-10T10:20,0.86
eta,2026-10-10T10:21,0.84
eta,2026-10-10T10:22,0.85
eta,2026-10-10T10:23,0.85
eta,2026-10-10T10:24,0.83
eta,2026-10-10T10:25,0.85
eta,2026-10-10T10:26,0.85
eta,2026-10-10T10:27,0.84
eta,2026-10-10T10:28,0.85
eta,2026-10-10T10:29,0.85
eta,2026-10-10T10:30,0.84
eta,2026-10-10T10:31,0.85
eta,2026-10-10T10:32,0.85
eta,2026-10-10T10:33,0.84
eta,2026-10-10T10:34,0.85
eta,2026-10-10T10:35,0.85
eta,2026-10-10T10:36,0.84
eta,2026-10-10T10:37,0.85
eta,2026-10-10T10:38,0.84
eta,2026-10-10T10:39,0.85
eta,2026-10-10T10:40,0.84
eta,2026-10-10T10:41,0.85
eta,2026-10-10T10:42,0.85
eta,2026-10-10T10:43,0.85
eta,2026-10-10T10:44,0.85
eta,2026-10-10T10:45,0.85
eta,2026-10-10T10:46,0.84
eta,2026-10-10T10:47,0.85
eta,2026-10-10T10:48,0.85
eta,2026-10-10T10:49,0.85
eta,2026-10-10T10:50,0.85
eta,2026-10-10T10:51,0.86
eta,2026-10-10T10:52,0.85
eta,2026-10-10T10:53,0.85
eta,2026-10-10T10:54,0.84
eta,2026-10-10T10:55,0.84
eta,2026-10-10T10:56,0.84
eta,2026-10-10T10:57,0.84
eta,2026-10-10T10:58,0.85
eta,2026-10-10T10:59,0.85
eta,2026-10-10T11:00,0.85
eta,2026-10-10T11:01,0.85
eta,2026-10-10T11:02,0.85
eta,2026-10-10T11:03,0.85
eta,2026-10-10T11:04,0.84
eta,2026-10-10T11:05,0.84
eta,2026-10-10T11:06,0.85
eta,2026-10-10T11:07,0.85
eta,2026-10-10T11:08,0.84
eta,2026-10-10T11:09,0.85
eta,2026-10-10T11:10,0.85
eta,2026-10-10T11:11,0.84
eta,2026-10-10T11:12,0.84
eta,2026-10-10T11:13,0.84
eta,2026-10-10T11:14,0.85
eta,2026-10-10T11:15,0.84
eta,2026-10-10T11:16,0.85
eta,2026-10-10T11:17,0.84
eta,2026-10-10T11:18,0.84
eta,2026-10-10T11:19,0.85
eta,2026-10-10T11:20,0.84
eta,2026-10-10T11:21,0.84
eta,2026-10-10T11:22,0.84
eta,2026-10-10T11:23,0.85
eta,2026-10-10T11:24,0.84
eta,2026-10-10T11:25,0.85
eta,2026-10-10T11:26,0.84
eta,2026-10-10T11:27,0.83
eta,2026-10-10T11:28,0.84
eta,2026-10-10T11:29,0.85
eta,2026-10-10T11:30,0.84
eta,2026-10-10T11:31,0.85
via_verde,2026-10-10T09:19,0.75
via_verde,2026-10-10T09:20,0.75
via_verde,2026-10-10T09:21,0.75
via_verde,2026-10-10T09:22,0.75
via_verde,2026-10-10T09:23,0.75
via_verde,2026-10-10T09:24,0.75
via_verde,2026-10-10T09:25,0.75
via_verde,2026-10-10T09:26,0.75
via_verde,2026-10-10T09:27,0.74
via_verde,2026-10-10T09:28,0.75
via_verde,2026-10-10T09:29,0.75
via_verde,2026-10-10T09:30,0.75
via_verde,2026-10-10T09:31,0.75
via_verde,2026-10-10T09:32,0.75
via_verde,2026-10-10T09:33,0.75
via_verde,2026-10-10T09:34,0.75
via_verde,2026-10-10T09:35,0.75
via_verde,2026-10-10T09:36,0.74
via_verde,2026-10-10T09:37,0.75
via_verde,2026-10-10T09:38,0.75
via_verde,2026-10-10T09:39,0.75
via_verde,2026-10-10T09:40,0.75
via_verde,2026-10-10T09:41,0.75
via_verde,2026-10-10T09:42,0.75
via_verde,2026-10-10T09:43,0.75
via_verde,2026-10-10T09:44,0.75
via_verde,2026-10-10T09:45,0.74
via_verde,2026-10-10T09:46,0.75
via_verde,2026-10-10T09:47,0.75
via_verde,2026-10-10T09:48,0.75
via_verde,2026-10-10T09:49,0.75
via_verde,2026-10-10T09:50,0.75
via_verde,2026-10-10T09:51,0.75
via_verde,2026-10-10T09:52,0.75
via_verde,2026-10-10T09:53,0.74
via_verde,2026-10-10T09:54,0.75
via_verde,2026-10-10T09:55,0.74
via_verde,2026-10-10T09:56,0.75
via_verde,2026-10-10T09:57,0.74
via_verde,2026-10-10T09:58,0.74
via_verde,2026-10-10T09:59,0.75
via_verde,2026-10-10T10:00,0.75
via_verde,2026-10-10T10:01,0.74
via_verde,2026-10-10T10:02,0.75
via_verde,2026-10-10T10:03,0.75
via_verde,2026-10-10T10:04,0.75
via_verde,2026-10-10T10:05,0.74
via_verde,2026-10-10T10:06,0.74
via_verde,2026-10-10T10:07,0.74
via_verde,2026-10-10T10:08,0.74
via_verde,2026-10-10T10:09,0.74
via_verde,2026-10-10T10:10,0.75
via_verde,2026-10-10T10:11,0.75
via_verde,2026-10-10T10:12,0.74
via_verde,2026-10-10T10:13,0.74
via_verde,2026-10-10T10:14,0.74
via_verde,2026-10-10T10:15,0.74
via_verde,2026-10-10T10:16,0.74
via_verde,2026-10-10T10:17,0.74
via_verde,2026-10-10T10:18,0.74
via_verde,2026-10-10T10:19,0.74
via_verde,2026-10-10T10:20,0.74
via_verde,2026-10-10T10:21,0.74
via_verde,2026-10-10T10:22,0.74
via_verde,2026-10-10T10:23,0.74
via_verde,2026-10-10T10:24,0.74
via_verde,2026-10-10T10:25,0.75
via_verde,2026-10-10T10:26,0.74
via_verde,2026-10-10T10:27,0.74
via_verde,2026-10-10T10:28,0.74
via_verde,2026-10-10T10:29,0.74
via_verde,2026-10-10T10:30,0.74
via_verde,2026-10-10T10:31,0.74
via_verde,2026-10-10T10:32,0.74
via_verde,2026-10-10T10:33,0.74
via_verde,2026-10-10T10:34,0.74
via_verde,2026-10-10T10:35,0.74
via_verde,2026-10-10T10:36,0.74
via_verde,2026-10-10T10:37,0.74
via_verde,2026-10-10T10:38,0.74
via_verde,2026-10-10T10:39,0.73
via_verde,2026-10-10T10:40,0.74
via_verde,2026-10-10T10:41,0.74
via_verde,2026-10-10T10:42,0.73
via_verde,2026-10-10T10:43,0.75
via_verde,2026-10-10T10:44,0.74
via_verde,2026-10-10T10:45,0.74
via_verde,2026-10-10T10:46,0.73
via_verde,2026-10-10T10:47,0.74
via_verde,2026-10-10T10:48,0.74
via_verde,2026-10-10T10:49,0.74
via_verde,2026-10-10T10:50,0.74
via_verde,2026-10-10T10:51,0.74
via_verde,2026-10-10T10:52,0.74
via_verde,2026-10-10T10:53,0.74
via_verde,2026-10-10T10:54,0.74
via_verde,2026-10-10T10:55,0.74
via_verde,2026-10-10T10:56,0.73
via_verde,2026-10-10T10:57,0.74
via_verde,2026-10-10T10:58,0.74
via_verde,2026-10-10T10:59,0.73
via_verde,2026-10-10T11:00,0.74
via_verde,2026-10-10T11:01,0.74
via_verde,2026-10-10T11:02,0.74
via_verde,2026-10-10T11:03,0.73
via_verde,2026-10-10T11:04,0.73
via_verde,2026-10-10T11:05,0.73
via_verde,2026-10-10T11:06,0.73
via_verde,2026-10-10T11:07,0.74
via_verde,2026-10-10T11:08,0.74
via_verde,2026-10-10T11:09,0.73
via_verde,2026-10-10T11:10,0.73
via_verde,2026-10-10T11:11,0.73
via_verde,2026-10-10T11:12,0.73
via_verde,2026-10-10T11:13,0.73
via_verde,2026-10-10T11:14,0.73
via_verde,2026-10-10T11:15,0.74
via_verde,2026-10-10T11:16,0.73
via_verde,2026-10-10T11:17,0.73
via_verde,2026-10-10T11:18,0.74
via_verde,2026-10-10T11:19,0.73
via_verde,2026-10-10T11:20,0.73
via_verde,2026-10-10T11:21,0.74
via_verde,2026-10-10T11:22,0.73
via_verde,2026-10-10T11:23,0.73
via_verde,2026-10-10T11:24,0.73
via_verde,2026-10-10T11:25,0.73
via_verde,2026-10-10T11:26,0.73
via_verde,2026-10-10T11:27,0.73
via_verde,2026-10-10T11:28,0.73
via_verde,2026-10-10T11:29,0.73
via_verde,2026-10-10T11:30,0.73
via_verde,2026-10-10T11:31,0.73
corupa,2026-10-10T11:32,0.49
nereu,2026-10-10T11:32,0.66
eta,2026-10-10T11:32,0.83
via_verde,2026-10-10T11:32,0.73
corupa,2026-10-10T11:33,0.49
corupa,2026-10-10T11:34,0.51
corupa,2026-10-10T11:35,0.51
corupa,2026-10-10T11:36,0.5
corupa,2026-10-10T11:37,0.5
corupa,2026-10-10T11:38,0.52
corupa,2026-10-10T11:39,0.52
corupa,2026-10-10T11:40,0.51
corupa,2026-10-10T11:41,0.51
corupa,2026-10-10T11:42,0.51
corupa,2026-10-10T11:43,0.51
corupa,2026-10-10T11:44,0.51
corupa,2026-10-10T11:45,0.51
corupa,2026-10-10T11:46,0.51
corupa,2026-10-10T11:47,0.51
corupa,2026-10-10T11:48,0.51
corupa,2026-10-10T11:49,0.52
corupa,2026-10-10T11:50,0.51
corupa,2026-10-10T11:51,0.51
corupa,2026-10-10T11:52,0.51
corupa,2026-10-10T11:53,0.51
corupa,2026-10-10T11:54,0.49
corupa,2026-10-10T11:55,0.5
corupa,2026-10-10T11:56,0.5
corupa,2026-10-10T11:57,0.5
corupa,2026-10-10T11:58,0.5
corupa,2026-10-10T11:59,0.5
corupa,2026-10-10T12:00,0.5
corupa,2026-10-10T12:01,0.5
corupa,2026-10-10T12:02,0.5
corupa,2026-10-10T12:03,0.5
corupa,2026-10-10T12:04,0.5
corupa,2026-10-10T12:05,0.5
corupa,2026-10-10T12:06,0.5
corupa,2026-10-10T12:07,0.5
corupa,2026-10-10T12:08,0.51
corupa,2026-10-10T12:09,0.51
corupa,2026-10-10T12:10,0.5
corupa,2026-10-10T12:11,0.5
corupa,2026-10-10T12:12,0.51
corupa,2026-10-10T12:13,0.52
corupa,2026-10-10T12:14,0.52
corupa,2026-10-10T12:15,0.51
corupa,2026-10-10T12:16,0.51
corupa,2026-10-10T12:17,0.5
corupa,2026-10-10T12:18,0.5
corupa,2026-10-10T12:19,0.5
corupa,2026-10-10T12:20,0.52
corupa,2026-10-10T12:21,0.52
corupa,2026-10-10T12:22,0.51
corupa,2026-10-10T12:23,0.51
corupa,2026-10-10T12:24,0.5
corupa,2026-10-10T12:25,0.5
corupa,2026-10-10T12:26,0.49
corupa,2026-10-10T12:27,0.49
corupa,2026-10-10T12:28,0.51
corupa,2026-10-10T12:29,0.51
corupa,2026-10-10T12:30,0.5
corupa,2026-10-10T12:31,0.5
corupa,2026-10-10T12:32,0.51
corupa,2026-10-10T12:33,0.51
corupa,2026-10-10T12:34,0.51
corupa,2026-10-10T12:35,0.51
corupa,2026-10-10T12:36,0.5
corupa,2026-10-10T12:37,0.5
corupa,2026-10-10T12:38,0.51
corupa,2026-10-10T12:39,0.52
corupa,2026-10-10T12:40,0.52
corupa,2026-10-10T12:41,0.52
corupa,2026-10-10T12:42,0.52
corupa,2026-10-10T12:43,0.5
corupa,2026-10-10T12:44,0.5
corupa,2026-10-10T12:45,0.5
corupa,2026-10-10T12:46,0.5
corupa,2026-10-10T12:47,0.51
corupa,2026-10-10T12:48,0.51
corupa,2026-10-10T12:49,0.51
corupa,2026-10-10T12:50,0.51
corupa,2026-10-10T12:51,0.49
corupa,2026-10-10T12:52,0.51
corupa,2026-10-10T12:53,0.51
corupa,2026-10-10T12:54,0.5
corupa,2026-10-10T12:55,0.5
corupa,2026-10-10T12:56,0.5
corupa,2026-10-10T12:57,0.5
corupa,2026-10-10T12:58,0.52
corupa,2026-10-10T12:59,0.52
corupa,2026-10-10T13:00,0.49
corupa,2026-10-10T13:01,0.49
corupa,2026-10-10T13:02,0.5
corupa,2026-10-10T13:03,0.5
corupa,2026-10-10T13:04,0.5
corupa,2026-10-10T13:05,0.5
corupa,2026-10-10T13:06,0.5
corupa,2026-10-10T13:07,0.5
corupa,2026-10-10T13:08,0.5
corupa,2026-10-10T13:09,0.5
corupa,2026-10-10T13:10,0.51
corupa,2026-10-10T13:11,0.49
corupa,2026-10-10T13:12,0.49
corupa,2026-10-10T13:13,0.5
corupa,2026-10-10T13:14,0.5
corupa,2026-10-10T13:15,0.51
corupa,2026-10-10T13:16,0.51
corupa,2026-10-10T13:17,0.51
corupa,2026-10-10T13:18,0.51
corupa,2026-10-10T13:19,0.49
corupa,2026-10-10T13:20,0.51
corupa,2026-10-10T13:21,0.51
corupa,2026-10-10T13:22,0.5
corupa,2026-10-10T13:23,0.5
corupa,2026-10-10T13:24,0.5
corupa,2026-10-10T13:25,0.5
corupa,2026-10-10T13:26,0.5
corupa,2026-10-10T13:27,0.5
corupa,2026-10-10T13:28,0.5
corupa,2026-10-10T13:29,0.5
corupa,2026-10-10T13:30,0.5
corupa,2026-10-10T13:31,0.49
corupa,2026-10-10T13:32,0.49
corupa,2026-10-10T13:33,0.5
corupa,2026-10-10T13:34,0.5
corupa,2026-10-10T13:35,0.49
corupa,2026-10-10T13:36,0.49
corupa,2026-10-10T13:37,0.49
corupa,2026-10-10T13:38,0.49
corupa,2026-10-10T13:39,0.46
corupa,2026-10-10T13:40,0.47
corupa,2026-10-10T13:41,0.47
corupa,2026-10-10T13:42,0.49
corupa,2026-10-10T13:43,0.49
corupa,2026-10-10T13:44,0.48
corupa,2026-10-10T13:45,0.48
corupa,2026-10-10T13:46,0.48
corupa,2026-10-10T13:47,0.48
corupa,2026-10-10T13:48,0.48
corupa,2026-10-10T13:49,0.48
corupa,2026-10-10T13:50,0.48
corupa,2026-10-10T13:51,0.48
corupa,2026-10-10T13:52,0.48
corupa,2026-10-10T13:53,0.49
corupa,2026-10-10T13:54,0.49
corupa,2026-10-10T13:55,0.49
corupa,2026-10-10T13:56,0.49
corupa,2026-10-10T13:57,0.49
corupa,2026-10-10T13:58,0.49
corupa,2026-10-10T13:59,0.49
corupa,2026-10-10T14:00,0.49
corupa,2026-10-10T14:01,0.49
corupa,2026-10-10T14:02,0.5
corupa,2026-10-10T14:03,0.5
corupa,2026-10-10T14:04,0.49
corupa,2026-10-10T14:05,0.51
corupa,2026-10-10T14:06,0.51
corupa,2026-10-10T14:07,0.52
corupa,2026-10-10T14:08,0.52
corupa,2026-10-10T14:09,0.51
corupa,2026-10-10T14:10,0.51
corupa,2026-10-10T14:11,0.51
corupa,2026-10-10T14:12,0.51
corupa,2026-10-10T14:13,0.52
corupa,2026-10-10T14:14,0.52
corupa,2026-10-10T14:15,0.51
corupa,2026-10-10T14:16,0.51
corupa,2026-10-10T14:17,0.51
corupa,2026-10-10T14:18,0.52
corupa,2026-10-10T14:19,0.52
corupa,2026-10-10T14:20,0.51
corupa,2026-10-10T14:21,0.51
corupa,2026-10-10T14:22,0.52
corupa,2026-10-10T14:23,0.52
corupa,2026-10-10T14:24,0.52
corupa,2026-10-10T14:25,0.53
corupa,2026-10-10T14:26,0.53
corupa,2026-10-10T14:27,0.51
corupa,2026-10-10T14:28,0.51
corupa,2026-10-10T14:29,0.51
corupa,2026-10-10T14:30,0.51
corupa,2026-10-10T14:31,0.51
corupa,2026-10-10T14:32,0.51
corupa,2026-10-10T14:33,0.51
corupa,2026-10-10T14:34,0.5
corupa,2026-10-10T14:35,0.5
corupa,2026-10-10T14:36,0.51
corupa,2026-10-10T14:37,0.51
corupa,2026-10-10T14:38,0.5
corupa,2026-10-10T14:39,0.5
corupa,2026-10-10T14:40,0.49
corupa,2026-10-10T14:41,0.49
corupa,2026-10-10T14:42,0.49
corupa,2026-10-10T14:43,0.49
corupa,2026-10-10T14:44,0.49
corupa,2026-10-10T14:45,0.49
corupa,2026-10-10T14:46,0.49
corupa,2026-10-10T14:47,0.49
corupa,2026-10-10T14:48,0.49
corupa,2026-10-10T14:49,0.48
corupa,2026-10-10T14:50,0.48
corupa,2026-10-10T14:51,0.48
corupa,2026-10-10T14:52,0.48
corupa,2026-10-10T14:53,0.48
corupa,2026-10-10T14:54,0.48
corupa,2026-10-10T14:55,0.48
corupa,2026-10-10T14:56,0.46
corupa,2026-10-10T14:57,0.46
corupa,2026-10-10T14:58,0.46
corupa,2026-10-10T14:59,0.46
corupa,2026-10-10T15:00,0.47
corupa,2026-10-10T15:01,0.47
corupa,2026-10-10T15:02,0.47
corupa,2026-10-10T15:03,0.46
corupa,2026-10-10T15:04,0.46
corupa,2026-10-10T15:05,0.45
corupa,2026-10-10T15:06,0.47
corupa,2026-10-10T15:07,0.47
corupa,2026-10-10T15:08,0.46
corupa,2026-10-10T15:09,0.46
corupa,2026-10-10T15:10,0.46
corupa,2026-10-10T15:11,0.46
corupa,2026-10-10T15:12,0.46
corupa,2026-10-10T15:13,0.46
corupa,2026-10-10T15:14,0.48
corupa,2026-10-10T15:15,0.49
corupa,2026-10-10T15:16,0.49
corupa,2026-10-10T15:17,0.48
corupa,2026-10-10T15:18,0.48
corupa,2026-10-10T15:19,0.48
corupa,2026-10-10T15:20,0.49
corupa,2026-10-10T15:21,0.49
corupa,2026-10-10T15:22,0.49
corupa,2026-10-10T15:23,0.49
corupa,2026-10-10T15:24,0.48
corupa,2026-10-10T15:25,0.49
corupa,2026-10-10T15:26,0.49
corupa,2026-10-10T15:27,0.5
corupa,2026-10-10T15:28,0.5
corupa,2026-10-10T15:29,0.49
corupa,2026-10-10T15:30,0.49
corupa,2026-10-10T15:31,0.49
corupa,2026-10-10T15:32,0.49
corupa,2026-10-10T15:33,0.49
corupa,2026-10-10T15:34,0.5
corupa,2026-10-10T15:35,0.5
corupa,2026-10-10T15:36,0.5
corupa,2026-10-10T15:37,0.5
corupa,2026-10-10T15:38,0.49
corupa,2026-10-10T15:39,0.49
corupa,2026-10-10T15:40,0.49
corupa,2026-10-10T15:41,0.49
corupa,2026-10-10T15:42,0.49
corupa,2026-10-10T15:43,0.5
corupa,2026-10-10T15:44,0.5
corupa,2026-10-10T15:45,0.49
corupa,2026-10-10T15:46,0.49
corupa,2026-10-10T15:47,0.5
corupa,2026-10-10T15:48,0.5
corupa,2026-10-10T15:49,0.5
nereu,2026-10-10T11:33,0.66
nereu,2026-10-10T11:34,0.66
nereu,2026-10-10T11:35,0.66
nereu,2026-10-10T11:36,0.66
nereu,2026-10-10T11:37,0.66
nereu,2026-10-10T11:38,0.66
nereu,2026-10-10T11:39,0.66
nereu,2026-10-10T11:40,0.66
nereu,2026-10-10T11:41,0.66
nereu,2026-10-10T11:42,0.65
nereu,2026-10-10T11:43,0.65
nereu,2026-10-10T11:44,0.65
nereu,2026-10-10T11:45,0.66
nereu,2026-10-10T11:46,0.66
nereu,2026-10-10T11:47,0.65
nereu,2026-10-10T11:48,0.66
nereu,2026-10-10T11:49,0.65
nereu,2026-10-10T11:50,0.65
nereu,2026-10-10T11:51,0.65
nereu,2026-10-10T11:52,0.66
nereu,2026-10-10T11:53,0.66
nereu,2026-10-10T11:54,0.65
nereu,2026-10-10T11:55,0.65
nereu,2026-10-10T11:56,0.65
nereu,2026-10-10T11:57,0.65
nereu,2026-10-10T11:58,0.65
nereu,2026-10-10T11:59,0.65
nereu,2026-10-10T12:00,0.65
nereu,2026-10-10T12:01,0.65
nereu,2026-10-10T12:02,0.65
nereu,2026-10-10T12:03,0.65
nereu,2026-10-10T12:04,0.65
nereu,2026-10-10T12:05,0.65
nereu,2026-10-10T12:06,0.65
nereu,2026-10-10T12:07,0.65
nereu,2026-10-10T12:08,0.65
nereu,2026-10-10T12:09,0.65
nereu,2026-10-10T12:10,0.65
nereu,2026-10-10T12:11,0.65
nereu,2026-10-10T12:12,0.65
nereu,2026-10-10T12:13,0.65
nereu,2026-10-10T12:14,0.65
nereu,2026-10-10T12:15,0.65
nereu,2026-10-10T12:16,0.65
nereu,2026-10-10T12:17,0.65
nereu,2026-10-10T12:18,0.65
nereu,2026-10-10T12:19,0.65
nereu,2026-10-10T12:20,0.65
nereu,2026-10-10T12:21,0.65
nereu,2026-10-10T12:22,0.65
nereu,2026-10-10T12:23,0.65
nereu,2026-10-10T12:24,0.65
nereu,2026-10-10T12:25,0.65
nereu,2026-10-10T12:26,0.65
nereu,2026-10-10T12:27,0.65
nereu,2026-10-10T12:28,0.65
nereu,2026-10-10T12:29,0.65
nereu,2026-10-10T12:30,0.65
nereu,2026-10-10T12:31,0.65
nereu,2026-10-10T12:32,0.65
nereu,2026-10-10T12:33,0.65
nereu,2026-10-10T12:34,0.65
nereu,2026-10-10T12:35,0.65
nereu,2026-10-10T12:36,0.65
nereu,2026-10-10T12:37,0.65
nereu,2026-10-10T12:38,0.65
nereu,2026-10-10T12:39,0.65
nereu,2026-10-10T12:40,0.65
nereu,2026-10-10T12:41,0.65
nereu,2026-10-10T12:42,0.65
nereu,2026-10-10T12:43,0.65
nereu,2026-10-10T12:44,0.65
nereu,2026-10-10T12:45,0.65
nereu,2026-10-10T12:46,0.65
nereu,2026-10-10T12:47,0.65
nereu,2026-10-10T12:48,0.65
nereu,2026-10-10T12:49,0.65
nereu,2026-10-10T12:50,0.65
nereu,2026-10-10T12:51,0.65
nereu,2026-10-10T12:52,0.65
nereu,2026-10-10T12:53,0.65
nereu,2026-10-10T12:54,0.65
nereu,2026-10-10T12:55,0.65
nereu,2026-10-10T12:56,0.65
nereu,2026-10-10T12:57,0.65
nereu,2026-10-10T12:58,0.65
nereu,2026-10-10T12:59,0.65
nereu,2026-10-10T13:00,0.65
nereu,2026-10-10T13:01,0.65
nereu,2026-10-10T13:02,0.65
nereu,2026-10-10T13:03,0.65
nereu,2026-10-10T13:04,0.65
nereu,2026-10-10T13:05,0.65
nereu,2026-10-10T13:06,0.65
nereu,2026-10-10T13:07,0.65
nereu,2026-10-10T13:08,0.65
nereu,2026-10-10T13:09,0.65
nereu,2026-10-10T13:10,0.65
nereu,2026-10-10T13:11,0.65
nereu,2026-10-10T13:12,0.65
nereu,2026-10-10T13:13,0.65
nereu,2026-10-10T13:14,0.65
nereu,2026-10-10T13:15,0.65
nereu,2026-10-10T13:16,0.65
nereu,2026-10-10T13:17,0.65
nereu,2026-10-10T13:18,0.65
nereu,2026-10-10T13:19,0.65
nereu,2026-10-10T13:20,0.65
nereu,2026-10-10T13:21,0.65
nereu,2026-10-10T13:22,0.65
nereu,2026-10-10T13:23,0.65
nereu,2026-10-10T13:24,0.65
nereu,2026-10-10T13:25,0.65
nereu,2026-10-10T13:26,0.65
nereu,2026-10-10T13:27,0.65
nereu,2026-10-10T13:28,0.65
nereu,2026-10-10T13:29,0.65
nereu,2026-10-10T13:30,0.65
nereu,2026-10-10T13:31,0.64
nereu,2026-10-10T13:32,0.65
nereu,2026-10-10T13:33,0.65
nereu,2026-10-10T13:34,0.64
nereu,2026-10-10T13:35,0.64
nereu,2026-10-10T13:36,0.64
nereu,2026-10-10T13:37,0.64
nereu,2026-10-10T13:38,0.64
nereu,2026-10-10T13:39,0.64
nereu,2026-10-10T13:40,0.64
nereu,2026-10-10T13:41,0.64
nereu,2026-10-10T13:42,0.64
nereu,2026-10-10T13:43,0.64
nereu,2026-10-10T13:44,0.64
nereu,2026-10-10T13:45,0.65
nereu,2026-10-10T13:46,0.65
nereu,2026-10-10T13:47,0.64
nereu,2026-10-10T13:48,0.64
nereu,2026-10-10T13:49,0.64
nereu,2026-10-10T13:50,0.64
nereu,2026-10-10T13:51,0.64
nereu,2026-10-10T13:52,0.64
nereu,2026-10-10T13:53,0.64
nereu,2026-10-10T13:54,0.64
nereu,2026-10-10T13:55,0.65
nereu,2026-10-10T13:56,0.65
nereu,2026-10-10T13:57,0.64
nereu,2026-10-10T13:58,0.64
nereu,2026-10-10T13:59,0.64
nereu,2026-10-10T14:00,0.65
nereu,2026-10-10T14:01,0.64
nereu,2026-10-10T14:02,0.64
nereu,2026-10-10T14:03,0.64
nereu,2026-10-10T14:04,0.65
nereu,2026-10-10T14:05,0.64
nereu,2026-10-10T14:06,0.65
nereu,2026-10-10T14:07,0.65
nereu,2026-10-10T14:08,0.64
nereu,2026-10-10T14:09,0.65
nereu,2026-10-10T14:10,0.65
nereu,2026-10-10T14:11,0.65
nereu,2026-10-10T14:12,0.65
nereu,2026-10-10T14:13,0.65
nereu,2026-10-10T14:14,0.65
nereu,2026-10-10T14:15,0.65
nereu,2026-10-10T14:16,0.65
nereu,2026-10-10T14:17,0.65
nereu,2026-10-10T14:18,0.65
nereu,2026-10-10T14:19,0.64
nereu,2026-10-10T14:20,0.65
nereu,2026-10-10T14:21,0.64
nereu,2026-10-10T14:22,0.65
nereu,2026-10-10T14:23,0.65
nereu,2026-10-10T14:24,0.64
nereu,2026-10-10T14:25,0.65
nereu,2026-10-10T14:26,0.65
nereu,2026-10-10T14:27,0.64
nereu,2026-10-10T14:28,0.64
nereu,2026-10-10T14:29,0.65
nereu,2026-10-10T14:30,0.65
nereu,2026-10-10T14:31,0.64
nereu,2026-10-10T14:32,0.65
nereu,2026-10-10T14:33,0.64
nereu,2026-10-10T14:34,0.65
nereu,2026-10-10T14:35,0.64
nereu,2026-10-10T14:36,0.65
nereu,2026-10-10T14:37,0.65
nereu,2026-10-10T14:38,0.65
nereu,2026-10-10T14:39,0.65
nereu,2026-10-10T14:40,0.65
nereu,2026-10-10T14:41,0.65
nereu,2026-10-10T14:42,0.64
nereu,2026-10-10T14:43,0.64
nereu,2026-10-10T14:44,0.65
nereu,2026-10-10T14:45,0.64
nereu,2026-10-10T14:46,0.64
nereu,2026-10-10T14:47,0.64
nereu,2026-10-10T14:48,0.64
nereu,2026-10-10T14:49,0.64
nereu,2026-10-10T14:50,0.64
nereu,2026-10-10T14:51,0.64
nereu,2026-10-10T14:52,0.64
nereu,2026-10-10T14:53,0.64
nereu,2026-10-10T14:54,0.64
nereu,2026-10-10T14:55,0.64
nereu,2026-10-10T14:56,0.64
nereu,2026-10-10T14:57,0.65
nereu,2026-10-10T14:58,0.64
nereu,2026-10-10T14:59,0.64
nereu,2026-10-10T15:00,0.64
nereu,2026-10-10T15:01,0.64
nereu,2026-10-10T15:02,0.64
nereu,2026-10-10T15:03,0.64
nereu,2026-10-10T15:04,0.64
nereu,2026-10-10T15:05,0.64
nereu,2026-10-10T15:06,0.64
nereu,2026-10-10T15:07,0.64
nereu,2026-10-10T15:08,0.64
nereu,2026-10-10T15:09,0.64
nereu,2026-10-10T15:10,0.64
nereu,2026-10-10T15:11,0.64
nereu,2026-10-10T15:12,0.64
nereu,2026-10-10T15:13,0.64
nereu,2026-10-10T15:14,0.64
nereu,2026-10-10T15:15,0.64
nereu,2026-10-10T15:16,0.64
nereu,2026-10-10T15:17,0.64
nereu,2026-10-10T15:18,0.64
nereu,2026-10-10T15:19,0.64
nereu,2026-10-10T15:20,0.64
nereu,2026-10-10T15:21,0.64
nereu,2026-10-10T15:22,0.64
nereu,2026-10-10T15:23,0.64
nereu,2026-10-10T15:24,0.64
nereu,2026-10-10T15:25,0.63
nereu,2026-10-10T15:26,0.64
nereu,2026-10-10T15:27,0.64
nereu,2026-10-10T15:28,0.64
nereu,2026-10-10T15:29,0.64
nereu,2026-10-10T15:30,0.64
nereu,2026-10-10T15:31,0.64
nereu,2026-10-10T15:32,0.64
nereu,2026-10-10T15:33,0.64
nereu,2026-10-10T15:34,0.64
nereu,2026-10-10T15:35,0.64
nereu,2026-10-10T15:36,0.64
nereu,2026-10-10T15:37,0.63
nereu,2026-10-10T15:38,0.64
nereu,2026-10-10T15:39,0.64
nereu,2026-10-10T15:40,0.64
nereu,2026-10-10T15:41,0.64
nereu,2026-10-10T15:42,0.64
nereu,2026-10-10T15:43,0.64
nereu,2026-10-10T15:44,0.64
nereu,2026-10-10T15:45,0.64
nereu,2026-10-10T15:46,0.64
nereu,2026-10-10T15:47,0.64
nereu,2026-10-10T15:48,0.64
nereu,2026-10-10T15:49,0.64
eta,2026-10-10T11:33,0.85
eta,2026-10-10T11:34,0.84
eta,2026-10-10T11:35,0.85
eta,2026-10-10T11:36,0.84
eta,2026-10-10T11:37,0.84
eta,2026-10-10T11:38,0.84
eta,2026-10-10T11:39,0.85
eta,2026-10-10T11:40,0.86
eta,2026-10-10T11:41,0.84
eta,2026-10-10T11:42,0.84
eta,2026-10-10T11:43,0.86
eta,2026-10-10T11:44,0.84
eta,2026-10-10T11:45,0.84
eta,2026-10-10T11:46,0.85
eta,2026-10-10T11:47,0.84
eta,2026-10-10T11:48,0.84
eta,2026-10-10T11:49,0.84
eta,2026-10-10T11:50,0.84
eta,2026-10-10T11:51,0.84
eta,2026-10-10T11:52,0.85
eta,2026-10-10T11:53,0.84
eta,2026-10-10T11:54,0.84
eta,2026-10-10T11:55,0.84
eta,2026-10-10T11:56,0.85
eta,2026-10-10T11:57,0.85
eta,2026-10-10T11:58,0.85
eta,2026-10-10T11:59,0.85
eta,2026-10-10T12:00,0.85
eta,2026-10-10T12:01,0.84
eta,2026-10-10T12:02,0.84
eta,2026-10-10T12:03,0.84
eta,2026-10-10T12:04,0.83
eta,2026-10-10T12:05,0.84
eta,2026-10-10T12:06,0.85
eta,2026-10-10T12:07,0.85
eta,2026-10-10T12:08,0.85
eta,2026-10-10T12:09,0.85
eta,2026-10-10T12:10,0.85
eta,2026-10-10T12:11,0.84
eta,2026-10-10T12:12,0.84
eta,2026-10-10T12:13,0.85
eta,2026-10-10T12:14,0.85
eta,2026-10-10T12:15,0.84
eta,2026-10-10T12:16,0.85
eta,2026-10-10T12:17,0.84
eta,2026-10-10T12:18,0.84
eta,2026-10-10T12:19,0.85
eta,2026-10-10T12:20,0.85
eta,2026-10-10T12:21,0.84
eta,2026-10-10T12:22,0.84
eta,2026-10-10T12:23,0.85
eta,2026-10-10T12:24,0.85
eta,2026-10-10T12:25,0.84
eta,2026-10-10T12:26,0.85
eta,2026-10-10T12:27,0.85
eta,2026-10-10T12:28,0.85
eta,2026-10-10T12:29,0.85
eta,2026-10-10T12:30,0.85
eta,2026-10-10T12:31,0.85
eta,2026-10-10T12:32,0.85
eta,2026-10-10T12:33,0.85
eta,2026-10-10T12:34,0.86
eta,2026-10-10T12:35,0.85
eta,2026-10-10T12:36,0.85
eta,2026-10-10T12:37,0.85
eta,2026-10-10T12:38,0.85
eta,2026-10-10T12:39,0.85
eta,2026-10-10T12:40,0.85
eta,2026-10-10T12:41,0.86
eta,2026-10-10T12:42,0.85
eta,2026-10-10T12:43,0.84
eta,2026-10-10T12:44,0.86
eta,2026-10-10T12:45,0.85
eta,2026-10-10T12:46,0.85
eta,2026-10-10T12:47,0.85
eta,2026-10-10T12:48,0.84
eta,2026-10-10T12:49,0.84
eta,2026-10-10T12:50,0.84
eta,2026-10-10T12:51,0.84
eta,2026-10-10T12:52,0.85
eta,2026-10-10T12:53,0.85
eta,2026-10-10T12:54,0.84
eta,2026-10-10T12:55,0.84
eta,2026-10-10T12:56,0.84
eta,2026-10-10T12:57,0.84
eta,2026-10-10T12:58,0.84
eta,2026-10-10T12:59,0.84
eta,2026-10-10T13:00,0.84
eta,2026-10-10T13:01,0.85
eta,2026-10-10T13:02,0.85
eta,2026-10-10T13:03,0.85
eta,2026-10-10T13:04,0.84
eta,2026-10-10T13:05,0.84
eta,2026-10-10T13:06,0.89
eta,2026-10-10T13:07,0.84
eta,2026-10-10T13:08,0.85
eta,2026-10-10T13:09,0.84
eta,2026-10-10T13:10,0.85
eta,2026-10-10T13:11,0.84
eta,2026-10-10T13:12,0.84
eta,2026-10-10T13:13,0.84
eta,2026-10-10T13:14,0.84
eta,2026-10-10T13:15,0.84
eta,2026-10-10T13:16,0.85
eta,2026-10-10T13:17,0.84
eta,2026-10-10T13:18,0.84
eta,2026-10-10T13:19,0.84
eta,2026-10-10T13:20,0.85
eta,2026-10-10T13:21,0.83
eta,2026-10-10T13:22,0.84
eta,2026-10-10T13:23,0.84
eta,2026-10-10T13:24,0.84
eta,2026-10-10T13:25,0.84
eta,2026-10-10T13:26,0.84
eta,2026-10-10T13:27,0.84
eta,2026-10-10T13:28,0.84
eta,2026-10-10T13:29,0.84
eta,2026-10-10T13:30,0.85
eta,2026-10-10T13:31,0.83
eta,2026-10-10T13:32,0.84
eta,2026-10-10T13:33,0.84
eta,2026-10-10T13:34,0.84
eta,2026-10-10T13:35,0.84
eta,2026-10-10T13:36,0.84
eta,2026-10-10T13:37,0.84
eta,2026-10-10T13:38,0.84
eta,2026-10-10T13:39,0.84
eta,2026-10-10T13:40,0.83
eta,2026-10-10T13:41,0.84
eta,2026-10-10T13:42,0.84
eta,2026-10-10T13:43,0.83
eta,2026-10-10T13:44,0.84
eta,2026-10-10T13:45,0.85
eta,2026-10-10T13:46,0.84
eta,2026-10-10T13:47,0.84
eta,2026-10-10T13:48,0.84
eta,2026-10-10T13:49,0.83
eta,2026-10-10T13:50,0.84
eta,2026-10-10T13:51,0.84
eta,2026-10-10T13:52,0.84
eta,2026-10-10T13:53,0.84
eta,2026-10-10T13:54,0.84
eta,2026-10-10T13:55,0.84
eta,2026-10-10T13:56,0.83
eta,2026-10-10T13:57,0.84
eta,2026-10-10T13:58,0.84
eta,2026-10-10T13:59,0.84
eta,2026-10-10T14:00,0.83
eta,2026-10-10T14:01,0.84
eta,2026-10-10T14:02,0.84
eta,2026-10-10T14:03,0.84
eta,2026-10-10T14:04,0.83
eta,2026-10-10T14:05,0.83
eta,2026-10-10T14:06,0.83
eta,2026-10-10T14:07,0.83
eta,2026-10-10T14:08,0.83
eta,2026-10-10T14:09,0.84
eta,2026-10-10T14:10,0.85
eta,2026-10-10T14:11,0.83
eta,2026-10-10T14:12,0.83
eta,2026-10-10T14:13,0.84
eta,2026-10-10T14:14,0.81
eta,2026-10-10T14:15,0.83
eta,2026-10-10T14:16,0.83
eta,2026-10-10T14:17,0.84
eta,2026-10-10T14:18,0.83
eta,2026-10-10T14:19,0.83
eta,2026-10-10T14:20,0.83
eta,2026-10-10T14:21,0.83
eta,2026-10-10T14:22,0.83
eta,2026-10-10T14:23,0.83
eta,2026-10-10T14:24,0.83
eta,2026-10-10T14:25,0.83
eta,2026-10-10T14:26,0.83
eta,2026-10-10T14:27,0.84
eta,2026-10-10T14:28,0.83
eta,2026-10-10T14:29,0.83
eta,2026-10-10T14:30,0.83
eta,2026-10-10T14:31,0.83
eta,2026-10-10T14:32,0.83
eta,2026-10-10T14:33,0.83
eta,2026-10-10T14:34,0.83
eta,2026-10-10T14:35,0.83
eta,2026-10-10T14:36,0.83
eta,2026-10-10T14:37,0.83
eta,2026-10-10T14:38,0.83
eta,2026-10-10T14:39,0.83
eta,2026-10-10T14:40,0.83
eta,2026-10-10T14:41,0.83
eta,2026-10-10T14:42,0.83
eta,2026-10-10T14:43,0.83
eta,2026-10-10T14:44,0.83
eta,2026-10-10T14:45,0.84
eta,2026-10-10T14:46,0.83
eta,2026-10-10T14:47,0.83
eta,2026-10-10T14:48,0.83
eta,2026-10-10T14:49,0.83
eta,2026-10-10T14:50,0.82
eta,2026-10-10T14:51,0.83
eta,2026-10-10T14:52,0.83
eta,2026-10-10T14:53,0.83
eta,2026-10-10T14:54,0.84
eta,2026-10-10T14:55,0.83
eta,2026-10-10T14:56,0.82
eta,2026-10-10T14:57,0.82
eta,2026-10-10T14:58,0.83
eta,2026-10-10T14:59,0.84
eta,2026-10-10T15:00,0.83
eta,2026-10-10T15:01,0.83
eta,2026-10-10T15:02,0.83
eta,2026-10-10T15:03,0.83
eta,2026-10-10T15:04,0.83
eta,2026-10-10T15:05,0.83
eta,2026-10-10T15:06,0.83
eta,2026-10-10T15:07,0.83
eta,2026-10-10T15:08,0.83
eta,2026-10-10T15:09,0.83
eta,2026-10-10T15:10,0.83
eta,2026-10-10T15:11,0.83
eta,2026-10-10T15:12,0.83
eta,2026-10-10T15:13,0.83
eta,2026-10-10T15:14,0.83
eta,2026-10-10T15:15,0.83
eta,2026-10-10T15:16,0.83
eta,2026-10-10T15:17,0.81
eta,2026-10-10T15:18,0.83
eta,2026-10-10T15:19,0.82
eta,2026-10-10T15:20,0.83
eta,2026-10-10T15:21,0.83
eta,2026-10-10T15:22,0.83
eta,2026-10-10T15:23,0.83
eta,2026-10-10T15:24,0.83
eta,2026-10-10T15:25,0.83
eta,2026-10-10T15:26,0.84
eta,2026-10-10T15:27,0.83
eta,2026-10-10T15:28,0.83
eta,2026-10-10T15:29,0.83
eta,2026-10-10T15:30,0.83
eta,2026-10-10T15:31,0.82
eta,2026-10-10T15:32,0.83
eta,2026-10-10T15:33,0.83
eta,2026-10-10T15:34,0.82
eta,2026-10-10T15:35,0.83
eta,2026-10-10T15:36,0.82
eta,2026-10-10T15:37,0.83
eta,2026-10-10T15:38,0.83
eta,2026-10-10T15:39,0.82
eta,2026-10-10T15:40,0.83
eta,2026-10-10T15:41,0.83
eta,2026-10-10T15:42,0.83
eta,2026-10-10T15:43,0.83
eta,2026-10-10T15:44,0.83
eta,2026-10-10T15:45,0.83
eta,2026-10-10T15:46,0.83
eta,2026-10-10T15:47,0.82
eta,2026-10-10T15:48,0.83
eta,2026-10-10T15:49,0.83
via_verde,2026-10-10T11:33,0.73
via_verde,2026-10-10T11:34,0.73
via_verde,2026-10-10T11:35,0.73
via_verde,2026-10-10T11:36,0.73
via_verde,2026-10-10T11:37,0.73
via_verde,2026-10-10T11:38,0.73
via_verde,2026-10-10T11:39,0.74
via_verde,2026-10-10T11:40,0.73
via_verde,2026-10-10T11:41,0.73
via_verde,2026-10-10T11:42,0.73
via_verde,2026-10-10T11:43,0.73
via_verde,2026-10-10T11:44,0.73
via_verde,2026-10-10T11:45,0.73
via_verde,2026-10-10T11:46,0.73
via_verde,2026-10-10T11:47,0.73
via_verde,2026-10-10T11:48,0.73
via_verde,2026-10-10T11:49,0.73
via_verde,2026-10-10T11:50,0.73
via_verde,2026-10-10T11:51,0.73
via_verde,2026-10-10T11:52,0.73
via_verde,2026-10-10T11:53,0.73
via_verde,2026-10-10T11:54,0.73
via_verde,2026-10-10T11:55,0.73
via_verde,2026-10-10T11:56,0.73
via_verde,2026-10-10T11:57,0.73
via_verde,2026-10-10T11:58,0.73
via_verde,2026-10-10T11:59,0.73
via_verde,2026-10-10T12:00,0.73
via_verde,2026-10-10T12:01,0.73
via_verde,2026-10-10T12:02,0.73
via_verde,2026-10-10T12:03,0.73
via_verde,2026-10-10T12:04,0.73
via_verde,2026-10-10T12:05,0.73
via_verde,2026-10-10T12:06,0.73
via_verde,2026-10-10T12:07,0.72
via_verde,2026-10-10T12:08,0.73
via_verde,2026-10-10T12:09,0.73
via_verde,2026-10-10T12:10,0.73
via_verde,2026-10-10T12:11,0.73
via_verde,2026-10-10T12:12,0.73
via_verde,2026-10-10T12:13,0.73
via_verde,2026-10-10T12:14,0.73
via_verde,2026-10-10T12:15,0.73
via_verde,2026-10-10T12:16,0.73
via_verde,2026-10-10T12:17,0.73
via_verde,2026-10-10T12:18,0.73
via_verde,2026-10-10T12:19,0.73
via_verde,2026-10-10T12:20,0.73
via_verde,2026-10-10T12:21,0.73
via_verde,2026-10-10T12:22,0.73
via_verde,2026-10-10T12:23,0.73
via_verde,2026-10-10T12:24,0.73
via_verde,2026-10-10T12:25,0.73
via_verde,2026-10-10T12:26,0.73
via_verde,2026-10-10T12:27,0.73
via_verde,2026-10-10T12:28,0.73
via_verde,2026-10-10T12:29,0.73
via_verde,2026-10-10T12:30,0.73
via_verde,2026-10-10T12:31,0.73
via_verde,2026-10-10T12:32,0.73
via_verde,2026-10-10T12:33,0.73
via_verde,2026-10-10T12:34,0.73
via_verde,2026-10-10T12:35,0.73
via_verde,2026-10-10T12:36,0.73
via_verde,2026-10-10T12:37,0.72
via_verde,2026-10-10T12:38,0.72
via_verde,2026-10-10T12:39,0.73
via_verde,2026-10-10T12:40,0.72
via_verde,2026-10-10T12:41,0.73
via_verde,2026-10-10T12:42,0.73
via_verde,2026-10-10T12:43,0.73
via_verde,2026-10-10T12:44,0.73
via_verde,2026-10-10T12:45,0.73
via_verde,2026-10-10T12:46,0.73
via_verde,2026-10-10T12:47,0.72
via_verde,2026-10-10T12:48,0.73
via_verde,2026-10-10T12:49,0.73
via_verde,2026-10-10T12:50,0.73
via_verde,2026-10-10T12:51,0.73
via_verde,2026-10-10T12:52,0.73
via_verde,2026-10-10T12:53,0.72
via_verde,2026-10-10T12:54,0.72
via_verde,2026-10-10T12:55,0.73
via_verde,2026-10-10T12:56,0.73
via_verde,2026-10-10T12:57,0.73
via_verde,2026-10-10T12:58,0.73
via_verde,2026-10-10T12:59,0.73
via_verde,2026-10-10T13:00,0.73
via_verde,2026-10-10T13:01,0.72
via_verde,2026-10-10T13:02,0.72
via_verde,2026-10-10T13:03,0.73
via_verde,2026-10-10T13:04,0.73
via_verde,2026-10-10T13:05,0.73
via_verde,2026-10-10T13:06,0.73
via_verde,2026-10-10T13:07,0.73
via_verde,2026-10-10T13:08,0.73
via_verde,2026-10-10T13:09,0.73
via_verde,2026-10-10T13:10,0.73
via_verde,2026-10-10T13:11,0.73
via_verde,2026-10-10T13:12,0.73
via_verde,2026-10-10T13:13,0.72
via_verde,2026-10-10T13:14,0.73
via_verde,2026-10-10T13:15,0.73
via_verde,2026-10-10T13:16,0.73
via_verde,2026-10-10T13:17,0.73
via_verde,2026-10-10T13:18,0.73
via_verde,2026-10-10T13:19,0.72
via_verde,2026-10-10T13:20,0.73
via_verde,2026-10-10T13:21,0.73
via_verde,2026-10-10T13:22,0.73
via_verde,2026-10-10T13:23,0.72
via_verde,2026-10-10T13:24,0.73
via_verde,2026-10-10T13:25,0.72
via_verde,2026-10-10T13:26,0.71
via_verde,2026-10-10T13:27,0.72
via_verde,2026-10-10T13:28,0.72
via_verde,2026-10-10T13:29,0.71
via_verde,2026-10-10T13:30,0.71
via_verde,2026-10-10T13:31,0.72
via_verde,2026-10-10T13:32,0.72
via_verde,2026-10-10T13:33,0.72
via_verde,2026-10-10T13:34,0.72
via_verde,2026-10-10T13:35,0.72
via_verde,2026-10-10T13:36,0.72
via_verde,2026-10-10T13:37,0.73
via_verde,2026-10-10T13:38,0.72
via_verde,2026-10-10T13:39,0.7
via_verde,2026-10-10T13:40,0.72
via_verde,2026-10-10T13:41,0.72
via_verde,2026-10-10T13:42,0.72
via_verde,2026-10-10T13:43,0.71
via_verde,2026-10-10T13:44,0.71
via_verde,2026-10-10T13:45,0.72
via_verde,2026-10-10T13:46,0.72
via_verde,2026-10-10T13:47,0.72
via_verde,2026-10-10T13:48,0.72
via_verde,2026-10-10T13:49,0.72
via_verde,2026-10-10T13:50,0.72
via_verde,2026-10-10T13:51,0.72
via_verde,2026-10-10T13:52,0.72
via_verde,2026-10-10T13:53,0.72
via_verde,2026-10-10T13:54,0.72
via_verde,2026-10-10T13:55,0.72
via_verde,2026-10-10T13:56,0.72
via_verde,2026-10-10T13:57,0.72
via_verde,2026-10-10T13:58,0.71
via_verde,2026-10-10T13:59,0.72
via_verde,2026-10-10T14:00,0.72
via_verde,2026-10-10T14:01,0.72
via_verde,2026-10-10T14:02,0.71
via_verde,2026-10-10T14:03,0.72
via_verde,2026-10-10T14:04,0.72
via_verde,2026-10-10T14:05,0.73
via_verde,2026-10-10T14:06,0.72
via_verde,2026-10-10T14:07,0.72
via_verde,2026-10-10T14:08,0.71
via_verde,2026-10-10T14:09,0.71
via_verde,2026-10-10T14:10,0.71
via_verde,2026-10-10T14:11,0.71
via_verde,2026-10-10T14:12,0.72
via_verde,2026-10-10T14:13,0.71
via_verde,2026-10-10T14:14,0.71
via_verde,2026-10-10T14:15,0.72
via_verde,2026-10-10T14:16,0.71
via_verde,2026-10-10T14:17,0.72
via_verde,2026-10-10T14:18,0.68
via_verde,2026-10-10T14:19,0.72
via_verde,2026-10-10T14:20,0.72
via_verde,2026-10-10T14:21,0.73
via_verde,2026-10-10T14:22,0.73
via_verde,2026-10-10T14:23,0.72
via_verde,2026-10-10T14:24,0.71
via_verde,2026-10-10T14:25,0.72
via_verde,2026-10-10T14:26,0.72
via_verde,2026-10-10T14:27,0.72
via_verde,2026-10-10T14:28,0.72
via_verde,2026-10-10T14:29,0.72
via_verde,2026-10-10T14:30,0.72
via_verde,2026-10-10T14:31,0.72
via_verde,2026-10-10T14:32,0.72
via_verde,2026-10-10T14:33,0.72
via_verde,2026-10-10T14:34,0.72
via_verde,2026-10-10T14:35,0.71
via_verde,2026-10-10T14:36,0.71
via_verde,2026-10-10T14:37,0.72
via_verde,2026-10-10T14:38,0.72
via_verde,2026-10-10T14:39,0.72
via_verde,2026-10-10T14:40,0.71
via_verde,2026-10-10T14:41,0.71
via_verde,2026-10-10T14:42,0.72
via_verde,2026-10-10T14:43,0.71
via_verde,2026-10-10T14:44,0.72
via_verde,2026-10-10T14:45,0.72
via_verde,2026-10-10T14:46,0.72
via_verde,2026-10-10T14:47,0.73
via_verde,2026-10-10T14:48,0.72
via_verde,2026-10-10T14:49,0.72
via_verde,2026-10-10T14:50,0.72
via_verde,2026-10-10T14:51,0.72
via_verde,2026-10-10T14:52,0.72
via_verde,2026-10-10T14:53,0.72
via_verde,2026-10-10T14:54,0.72
via_verde,2026-10-10T14:55,0.72
via_verde,2026-10-10T14:56,0.72
via_verde,2026-10-10T14:57,0.72
via_verde,2026-10-10T14:58,0.71
via_verde,2026-10-10T14:59,0.72
via_verde,2026-10-10T15:00,0.69
via_verde,2026-10-10T15:01,0.69
via_verde,2026-10-10T15:02,0.71
via_verde,2026-10-10T15:03,0.69
via_verde,2026-10-10T15:04,0.71
via_verde,2026-10-10T15:05,0.68
via_verde,2026-10-10T15:06,0.72
via_verde,2026-10-10T15:07,0.71
via_verde,2026-10-10T15:08,0.71
via_verde,2026-10-10T15:09,0.72
via_verde,2026-10-10T15:10,0.7
via_verde,2026-10-10T15:11,0.71
via_verde,2026-10-10T15:12,0.71
via_verde,2026-10-10T15:13,0.72
via_verde,2026-10-10T15:14,0.71
via_verde,2026-10-10T15:15,0.69
via_verde,2026-10-10T15:16,0.72
via_verde,2026-10-10T15:17,0.7
via_verde,2026-10-10T15:18,0.72
via_verde,2026-10-10T15:19,0.7
via_verde,2026-10-10T15:20,0.7
via_verde,2026-10-10T15:21,0.71
via_verde,2026-10-10T15:22,0.69
via_verde,2026-10-10T15:23,0.7
via_verde,2026-10-10T15:24,0.71
via_verde,2026-10-10T15:25,0.69
via_verde,2026-10-10T15:26,0.71
via_verde,2026-10-10T15:27,0.71
via_verde,2026-10-10T15:28,0.69
via_verde,2026-10-10T15:29,0.7
via_verde,2026-10-10T15:30,0.72
via_verde,2026-10-10T15:31,0.69
via_verde,2026-10-10T15:32,0.71
via_verde,2026-10-10T15:33,0.71
via_verde,2026-10-10T15:34,0.7
via_verde,2026-10-10T15:35,0.68
via_verde,2026-10-10T15:36,0.7
via_verde,2026-10-10T15:37,0.69
via_verde,2026-10-10T15:38,0.72
via_verde,2026-10-10T15:39,0.71
via_verde,2026-10-10T15:40,0.69
via_verde,2026-10-10T15:41,0.7
via_verde,2026-10-10T15:42,0.7
via_verde,2026-10-10T15:43,0.7
via_verde,2026-10-10T15:44,0.7
via_verde,2026-10-10T15:45,0.72
via_verde,2026-10-10T15:46,0.69
via_verde,2026-10-10T15:47,0.71
via_verde,2026-10-10T15:48,0.7
via_verde,2026-10-10T15:49,0.69
corupa,2026-10-10T15:50,0.49
corupa,2026-10-10T15:51,0.49
corupa,2026-10-10T15:52,0.5
corupa,2026-10-10T15:53,0.5
corupa,2026-10-10T15:54,0.49
corupa,2026-10-10T15:55,0.48
corupa,2026-10-10T15:56,0.48
corupa,2026-10-10T15:57,0.49
corupa,2026-10-10T15:58,0.49
corupa,2026-10-10T15:59,0.49
corupa,2026-10-10T16:00,0.49
corupa,2026-10-10T16:01,0.49
corupa,2026-10-10T16:02,0.49
corupa,2026-10-10T16:03,0.48
corupa,2026-10-10T16:04,0.49
corupa,2026-10-10T16:05,0.49
corupa,2026-10-10T16:06,0.47
corupa,2026-10-10T16:07,0.47
corupa,2026-10-10T16:08,0.5
corupa,2026-10-10T16:09,0.5
corupa,2026-10-10T16:10,0.5
corupa,2026-10-10T16:11,0.5
corupa,2026-10-10T16:12,0.5
corupa,2026-10-10T16:13,0.47
corupa,2026-10-10T16:14,0.47
corupa,2026-10-10T16:15,0.49
corupa,2026-10-10T16:16,0.49
corupa,2026-10-10T16:17,0.49
corupa,2026-10-10T16:18,0.49
corupa,2026-10-10T16:19,0.47
corupa,2026-10-10T16:20,0.5
corupa,2026-10-10T16:21,0.5
corupa,2026-10-10T16:22,0.48
corupa,2026-10-10T16:23,0.48
corupa,2026-10-10T16:24,0.49
corupa,2026-10-10T16:25,0.49
corupa,2026-10-10T16:26,0.49
corupa,2026-10-10T16:27,0.5
corupa,2026-10-10T16:28,0.5
corupa,2026-10-10T16:29,0.49
corupa,2026-10-10T16:30,0.49
corupa,2026-10-10T16:31,0.49
corupa,2026-10-10T16:32,0.51
corupa,2026-10-10T16:33,0.51
corupa,2026-10-10T16:34,0.51
corupa,2026-10-10T16:35,0.5
corupa,2026-10-10T16:36,0.5
corupa,2026-10-10T16:37,0.49
corupa,2026-10-10T16:38,0.49
corupa,2026-10-10T16:39,0.51
corupa,2026-10-10T16:40,0.51
corupa,2026-10-10T16:41,0.49
corupa,2026-10-10T16:42,0.51
corupa,2026-10-10T16:43,0.51
corupa,2026-10-10T16:44,0.52
corupa,2026-10-10T16:45,0.52
corupa,2026-10-10T16:46,0.5
corupa,2026-10-10T16:47,0.51
corupa,2026-10-10T16:48,0.51
corupa,2026-10-10T16:49,0.51
corupa,2026-10-10T16:50,0.51
corupa,2026-10-10T16:51,0.51
corupa,2026-10-10T16:52,0.51
corupa,2026-10-10T16:53,0.51
corupa,2026-10-10T16:54,0.51
corupa,2026-10-10T16:55,0.51
corupa,2026-10-10T16:56,0.51
corupa,2026-10-10T16:57,0.51
corupa,2026-10-10T16:58,0.47
corupa,2026-10-10T16:59,0.49
corupa,2026-10-10T17:00,0.49
corupa,2026-10-10T17:01,0.5
corupa,2026-10-10T17:02,0.5
corupa,2026-10-10T17:03,0.47
corupa,2026-10-10T17:04,0.48
corupa,2026-10-10T17:05,0.48
corupa,2026-10-10T17:06,0.49
corupa,2026-10-10T17:07,0.49
corupa,2026-10-10T17:08,0.49
corupa,2026-10-10T17:09,0.49
corupa,2026-10-10T17:10,0.49
corupa,2026-10-10T17:11,0.49
corupa,2026-10-10T17:12,0.49
corupa,2026-10-10T17:13,0.48
corupa,2026-10-10T17:14,0.49
corupa,2026-10-10T17:15,0.49
corupa,2026-10-10T17:16,0.49
corupa,2026-10-10T17:17,0.49
corupa,2026-10-10T17:18,0.49
corupa,2026-10-10T17:19,0.49
corupa,2026-10-10T17:20,0.49
corupa,2026-10-10T17:21,0.5
corupa,2026-10-10T17:22,0.48
corupa,2026-10-10T17:23,0.48
corupa,2026-10-10T17:24,0.49
corupa,2026-10-10T17:25,0.49
corupa,2026-10-10T17:26,0.49
corupa,2026-10-10T17:27,0.49
corupa,2026-10-10T17:28,0.5
corupa,2026-10-10T17:29,0.5
corupa,2026-10-10T17:30,0.48
corupa,2026-10-10T17:31,0.49
corupa,2026-10-10T17:32,0.49
corupa,2026-10-10T17:33,0.49
corupa,2026-10-10T17:34,0.49
corupa,2026-10-10T17:35,0.49
corupa,2026-10-10T17:36,0.5
corupa,2026-10-10T17:37,0.5
corupa,2026-10-10T17:38,0.5
corupa,2026-10-10T17:39,0.5
corupa,2026-10-10T17:40,0.5
corupa,2026-10-10T17:41,0.49
corupa,2026-10-10T17:42,0.49
corupa,2026-10-10T17:43,0.49
corupa,2026-10-10T17:44,0.49
corupa,2026-10-10T17:45,0.49
corupa,2026-10-10T17:46,0.49
corupa,2026-10-10T17:47,0.49
corupa,2026-10-10T17:48,0.49
corupa,2026-10-10T17:49,0.49
corupa,2026-10-10T17:50,0.47
corupa,2026-10-10T17:51,0.47
corupa,2026-10-10T17:52,0.5
corupa,2026-10-10T17:53,0.49
corupa,2026-10-10T17:54,0.49
corupa,2026-10-10T17:55,0.47
corupa,2026-10-10T17:56,0.47
corupa,2026-10-10T17:57,0.49
corupa,2026-10-10T17:58,0.49
corupa,2026-10-10T17:59,0.47
corupa,2026-10-10T18:00,0.49
corupa,2026-10-10T18:01,0.49
corupa,2026-10-10T18:02,0.47
corupa,2026-10-10T18:03,0.47
corupa,2026-10-10T18:04,0.48
corupa,2026-10-10T18:05,0.48
corupa,2026-10-10T18:06,0.46
corupa,2026-10-10T18:07,0.48
corupa,2026-10-10T18:08,0.48
corupa,2026-10-10T18:09,0.49
corupa,2026-10-10T18:10,0.49
corupa,2026-10-10T18:11,0.49
corupa,2026-10-10T18:12,0.49
corupa,2026-10-10T18:13,0.47
corupa,2026-10-10T18:14,0.47
corupa,2026-10-10T18:15,0.47
corupa,2026-10-10T18:16,0.48
corupa,2026-10-10T18:17,0.48
corupa,2026-10-10T18:18,0.48
corupa,2026-10-10T18:19,0.48
corupa,2026-10-10T18:20,0.49
corupa,2026-10-10T18:21,0.49
corupa,2026-10-10T18:22,0.48
corupa,2026-10-10T18:23,0.48
corupa,2026-10-10T18:24,0.48
corupa,2026-10-10T18:25,0.49
corupa,2026-10-10T18:26,0.49
corupa,2026-10-10T18:27,0.49
corupa,2026-10-10T18:28,0.49
corupa,2026-10-10T18:29,0.48
nereu,2026-10-10T15:50,0.64
nereu,2026-10-10T15:51,0.64
nereu,2026-10-10T15:52,0.64
nereu,2026-10-10T15:53,0.64
nereu,2026-10-10T15:54,0.64
nereu,2026-10-10T15:55,0.64
nereu,2026-10-10T15:56,0.64
nereu,2026-10-10T15:57,0.64
nereu,2026-10-10T15:58,0.64
nereu,2026-10-10T15:59,0.64
nereu,2026-10-10T16:00,0.64
nereu,2026-10-10T16:01,0.64
nereu,2026-10-10T16:02,0.64
nereu,2026-10-10T16:03,0.64
nereu,2026-10-10T16:04,0.64
nereu,2026-10-10T16:05,0.64
nereu,2026-10-10T16:06,0.64
nereu,2026-10-10T16:07,0.64
nereu,2026-10-10T16:08,0.64
nereu,2026-10-10T16:09,0.64
nereu,2026-10-10T16:10,0.64
nereu,2026-10-10T16:11,0.64
nereu,2026-10-10T16:12,0.64
nereu,2026-10-10T16:13,0.64
nereu,2026-10-10T16:14,0.64
nereu,2026-10-10T16:15,0.64
nereu,2026-10-10T16:16,0.64
nereu,2026-10-10T16:17,0.64
nereu,2026-10-10T16:18,0.64
nereu,2026-10-10T16:19,0.64
nereu,2026-10-10T16:20,0.63
nereu,2026-10-10T16:21,0.63
nereu,2026-10-10T16:22,0.63
nereu,2026-10-10T16:23,0.64
nereu,2026-10-10T16:24,0.64
nereu,2026-10-10T16:25,0.64
nereu,2026-10-10T16:26,0.64
nereu,2026-10-10T16:27,0.64
nereu,2026-10-10T16:28,0.64
nereu,2026-10-10T16:29,0.64
nereu,2026-10-10T16:30,0.64
nereu,2026-10-10T16:31,0.64
nereu,2026-10-10T16:32,0.64
nereu,2026-10-10T16:33,0.64
nereu,2026-10-10T16:34,0.64
nereu,2026-10-10T16:35,0.64
nereu,2026-10-10T16:36,0.64
nereu,2026-10-10T16:37,0.64
nereu,2026-10-10T16:38,0.64
nereu,2026-10-10T16:39,0.64
nereu,2026-10-10T16:40,0.64
nereu,2026-10-10T16:41,0.64
nereu,2026-10-10T16:42,0.64
nereu,2026-10-10T16:43,0.64
nereu,2026-10-10T16:44,0.64
nereu,2026-10-10T16:45,0.64
nereu,2026-10-10T16:46,0.64
nereu,2026-10-10T16:47,0.63
nereu,2026-10-10T16:48,0.64
nereu,2026-10-10T16:49,0.64
nereu,2026-10-10T16:50,0.63
nereu,2026-10-10T16:51,0.63
nereu,2026-10-10T16:52,0.63
nereu,2026-10-10T16:53,0.63
nereu,2026-10-10T16:54,0.63
nereu,2026-10-10T16:55,0.63
nereu,2026-10-10T16:56,0.64
nereu,2026-10-10T16:57,0.63
nereu,2026-10-10T16:58,0.63
nereu,2026-10-10T16:59,0.63
nereu,2026-10-10T17:00,0.64
nereu,2026-10-10T17:01,0.64
nereu,2026-10-10T17:02,0.64
nereu,2026-10-10T17:03,0.63
nereu,2026-10-10T17:04,0.63
nereu,2026-10-10T17:05,0.63
nereu,2026-10-10T17:06,0.63
nereu,2026-10-10T17:07,0.63
nereu,2026-10-10T17:08,0.63
nereu,2026-10-10T17:09,0.64
nereu,2026-10-10T17:10,0.63
nereu,2026-10-10T17:11,0.63
nereu,2026-10-10T17:12,0.63
nereu,2026-10-10T17:13,0.63
nereu,2026-10-10T17:14,0.64
nereu,2026-10-10T17:15,0.63
nereu,2026-10-10T17:16,0.63
nereu,2026-10-10T17:17,0.63
nereu,2026-10-10T17:18,0.64
nereu,2026-10-10T17:19,0.63
nereu,2026-10-10T17:20,0.64
nereu,2026-10-10T17:21,0.64
nereu,2026-10-10T17:22,0.63
nereu,2026-10-10T17:23,0.63
nereu,2026-10-10T17:24,0.63
nereu,2026-10-10T17:25,0.63
nereu,2026-10-10T17:26,0.63
nereu,2026-10-10T17:27,0.63
nereu,2026-10-10T17:28,0.63
nereu,2026-10-10T17:29,0.63
nereu,2026-10-10T17:30,0.63
nereu,2026-10-10T17:31,0.64
nereu,2026-10-10T17:32,0.63
nereu,2026-10-10T17:33,0.63
nereu,2026-10-10T17:34,0.63
nereu,2026-10-10T17:35,0.63
nereu,2026-10-10T17:36,0.63
nereu,2026-10-10T17:37,0.63
nereu,2026-10-10T17:38,0.63
nereu,2026-10-10T17:39,0.63
nereu,2026-10-10T17:40,0.63
nereu,2026-10-10T17:41,0.63
nereu,2026-10-10T17:42,0.63
nereu,2026-10-10T17:43,0.64
nereu,2026-10-10T17:44,0.63
nereu,2026-10-10T17:45,0.63
nereu,2026-10-10T17:46,0.64
nereu,2026-10-10T17:47,0.63
nereu,2026-10-10T17:48,0.63
nereu,2026-10-10T17:49,0.63
nereu,2026-10-10T17:50,0.63
nereu,2026-10-10T17:51,0.63
nereu,2026-10-10T17:52,0.63
nereu,2026-10-10T17:53,0.63
nereu,2026-10-10T17:54,0.63
nereu,2026-10-10T17:55,0.64
nereu,2026-10-10T17:56,0.63
nereu,2026-10-10T17:57,0.63
nereu,2026-10-10T17:58,0.63
nereu,2026-10-10T17:59,0.63
nereu,2026-10-10T18:00,0.63
nereu,2026-10-10T18:01,0.64
nereu,2026-10-10T18:02,0.63
nereu,2026-10-10T18:03,0.63
nereu,2026-10-10T18:04,0.63
nereu,2026-10-10T18:05,0.63
nereu,2026-10-10T18:06,0.63
nereu,2026-10-10T18:07,0.64
nereu,2026-10-10T18:08,0.63
nereu,2026-10-10T18:09,0.64
nereu,2026-10-10T18:10,0.64
nereu,2026-10-10T18:11,0.64
nereu,2026-10-10T18:12,0.64
nereu,2026-10-10T18:13,0.64
nereu,2026-10-10T18:14,0.64
nereu,2026-10-10T18:15,0.63
nereu,2026-10-10T18:16,0.64
nereu,2026-10-10T18:17,0.64
nereu,2026-10-10T18:18,0.64
nereu,2026-10-10T18:19,0.63
nereu,2026-10-10T18:20,0.63
nereu,2026-10-10T18:21,0.63
nereu,2026-10-10T18:22,0.63
nereu,2026-10-10T18:23,0.64
nereu,2026-10-10T18:24,0.64
nereu,2026-10-10T18:25,0.64
nereu,2026-10-10T18:26,0.64
nereu,2026-10-10T18:27,0.64
nereu,2026-10-10T18:28,0.64
nereu,2026-10-10T18:29,0.64
eta,2026-10-10T15:50,0.82
eta,2026-10-10T15:51,0.83
eta,2026-10-10T15:52,0.83
eta,2026-10-10T15:53,0.83
eta,2026-10-10T15:54,0.82
eta,2026-10-10T15:55,0.82
eta,2026-10-10T15:56,0.82
eta,2026-10-10T15:57,0.83
eta,2026-10-10T15:58,0.83
eta,2026-10-10T15:59,0.83
eta,2026-10-10T16:00,0.83
eta,2026-10-10T16:01,0.85
eta,2026-10-10T16:02,0.83
eta,2026-10-10T16:03,0.83
eta,2026-10-10T16:04,0.83
eta,2026-10-10T16:05,0.83
eta,2026-10-10T16:06,0.83
eta,2026-10-10T16:07,0.83
eta,2026-10-10T16:08,0.83
eta,2026-10-10T16:09,0.83
eta,2026-10-10T16:10,0.83
eta,2026-10-10T16:11,0.83
eta,2026-10-10T16:12,0.83
eta,2026-10-10T16:13,0.84
eta,2026-10-10T16:14,0.83
eta,2026-10-10T16:15,0.83
eta,2026-10-10T16:16,0.83
eta,2026-10-10T16:17,0.83
eta,2026-10-10T16:18,0.82
eta,2026-10-10T16:19,0.83
eta,2026-10-10T16:20,0.82
eta,2026-10-10T16:21,0.82
eta,2026-10-10T16:22,0.83
eta,2026-10-10T16:23,0.83
eta,2026-10-10T16:24,0.82
eta,2026-10-10T16:25,0.82
eta,2026-10-10T16:26,0.83
eta,2026-10-10T16:27,0.83
eta,2026-10-10T16:28,0.82
eta,2026-10-10T16:29,0.82
eta,2026-10-10T16:30,0.82
eta,2026-10-10T16:31,0.82
eta,2026-10-10T16:32,0.82
eta,2026-10-10T16:33,0.83
eta,2026-10-10T16:34,0.83
eta,2026-10-10T16:35,0.82
eta,2026-10-10T16:36,0.82
eta,2026-10-10T16:37,0.82
eta,2026-10-10T16:38,0.82
eta,2026-10-10T16:39,0.82
eta,2026-10-10T16:40,0.83
eta,2026-10-10T16:41,0.82
eta,2026-10-10T16:42,0.82
eta,2026-10-10T16:43,0.82
eta,2026-10-10T16:44,0.82
eta,2026-10-10T16:45,0.82
eta,2026-10-10T16:46,0.82
eta,2026-10-10T16:47,0.81
eta,2026-10-10T16:48,0.83
eta,2026-10-10T16:49,0.82
eta,2026-10-10T16:50,0.82
eta,2026-10-10T16:51,0.82
eta,2026-10-10T16:52,0.82
eta,2026-10-10T16:53,0.81
eta,2026-10-10T16:54,0.82
eta,2026-10-10T16:55,0.82
eta,2026-10-10T16:56,0.82
eta,2026-10-10T16:57,0.83
eta,2026-10-10T16:58,0.81
eta,2026-10-10T16:59,0.82
eta,2026-10-10T17:00,0.82
eta,2026-10-10T17:01,0.82
eta,2026-10-10T17:02,0.82
eta,2026-10-10T17:03,0.82
eta,2026-10-10T17:04,0.82
eta,2026-10-10T17:05,0.82
eta,2026-10-10T17:06,0.82
eta,2026-10-10T17:07,0.82
eta,2026-10-10T17:08,0.82
eta,2026-10-10T17:09,0.82
eta,2026-10-10T17:10,0.82
eta,2026-10-10T17:11,0.81
eta,2026-10-10T17:12,0.81
eta,2026-10-10T17:13,0.82
eta,2026-10-10T17:14,0.81
eta,2026-10-10T17:15,0.82
eta,2026-10-10T17:16,0.82
eta,2026-10-10T17:17,0.82
eta,2026-10-10T17:18,0.82
eta,2026-10-10T17:19,0.82
eta,2026-10-10T17:20,0.82
eta,2026-10-10T17:21,0.81
eta,2026-10-10T17:22,0.82
eta,2026-10-10T17:23,0.82
eta,2026-10-10T17:24,0.82
eta,2026-10-10T17:25,0.81
eta,2026-10-10T17:26,0.81
eta,2026-10-10T17:27,0.82
eta,2026-10-10T17:28,0.82
eta,2026-10-10T17:29,0.82
eta,2026-10-10T17:30,0.81
eta,2026-10-10T17:31,0.82
eta,2026-10-10T17:32,0.82
eta,2026-10-10T17:33,0.81
eta,2026-10-10T17:34,0.81
eta,2026-10-10T17:35,0.82
eta,2026-10-10T17:36,0.81
eta,2026-10-10T17:37,0.82
eta,2026-10-10T17:38,0.82
eta,2026-10-10T17:39,0.82
eta,2026-10-10T17:40,0.82
eta,2026-10-10T17:41,0.82
eta,2026-10-10T17:42,0.81
eta,2026-10-10T17:43,0.82
eta,2026-10-10T17:44,0.81
eta,2026-10-10T17:45,0.82
eta,2026-10-10T17:46,0.82
eta,2026-10-10T17:47,0.81
eta,2026-10-10T17:48,0.81
eta,2026-10-10T17:49,0.82
eta,2026-10-10T17:50,0.82
eta,2026-10-10T17:51,0.81
eta,2026-10-10T17:52,0.81
eta,2026-10-10T17:53,0.82
eta,2026-10-10T17:54,0.81
eta,2026-10-10T17:55,0.82
eta,2026-10-10T17:56,0.81
eta,2026-10-10T17:57,0.81
eta,2026-10-10T17:58,0.81
eta,2026-10-10T17:59,0.81
eta,2026-10-10T18:00,0.81
eta,2026-10-10T18:01,0.82
eta,2026-10-10T18:02,0.81
eta,2026-10-10T18:03,0.81
eta,2026-10-10T18:04,0.81
eta,2026-10-10T18:05,0.81
eta,2026-10-10T18:06,0.81
eta,2026-10-10T18:07,0.81
eta,2026-10-10T18:08,0.81
eta,2026-10-10T18:09,0.81
eta,2026-10-10T18:10,0.81
eta,2026-10-10T18:11,0.82
eta,2026-10-10T18:12,0.81
eta,2026-10-10T18:13,0.81
eta,2026-10-10T18:14,0.82
eta,2026-10-10T18:15,0.81
eta,2026-10-10T18:16,0.81
eta,2026-10-10T18:17,0.81
eta,2026-10-10T18:18,0.81
eta,2026-10-10T18:19,0.81
eta,2026-10-10T18:20,0.81
eta,2026-10-10T18:21,0.82
eta,2026-10-10T18:22,0.82
eta,2026-10-10T18:23,0.81
eta,2026-10-10T18:24,0.81
eta,2026-10-10T18:25,0.82
eta,2026-10-10T18:26,0.81
eta,2026-10-10T18:27,0.81
eta,2026-10-10T18:28,0.81
eta,2026-10-10T18:29,0.81
via_verde,2026-10-10T15:50,0.71
via_verde,2026-10-10T15:51,0.7
via_verde,2026-10-10T15:52,0.72
via_verde,2026-10-10T15:53,0.69
via_verde,2026-10-10T15:54,0.7
via_verde,2026-10-10T15:55,0.7
via_verde,2026-10-10T15:56,0.71
via_verde,2026-10-10T15:57,0.71
via_verde,2026-10-10T15:58,0.7
via_verde,2026-10-10T15:59,0.7
via_verde,2026-10-10T16:00,0.71
via_verde,2026-10-10T16:01,0.71
via_verde,2026-10-10T16:02,0.71
via_verde,2026-10-10T16:03,0.71
via_verde,2026-10-10T16:04,0.71
via_verde,2026-10-10T16:05,0.7
via_verde,2026-10-10T16:06,0.71
via_verde,2026-10-10T16:07,0.7
via_verde,2026-10-10T16:08,0.71
via_verde,2026-10-10T16:09,0.71
via_verde,2026-10-10T16:10,0.7
via_verde,2026-10-10T16:11,0.71
via_verde,2026-10-10T16:12,0.73
via_verde,2026-10-10T16:13,0.72
via_verde,2026-10-10T16:14,0.72
via_verde,2026-10-10T16:15,0.71
via_verde,2026-10-10T16:16,0.71
via_verde,2026-10-10T16:17,0.72
via_verde,2026-10-10T16:18,0.72
via_verde,2026-10-10T16:19,0.71
via_verde,2026-10-10T16:20,0.72
via_verde,2026-10-10T16:21,0.71
via_verde,2026-10-10T16:22,0.72
via_verde,2026-10-10T16:23,0.71
via_verde,2026-10-10T16:24,0.71
via_verde,2026-10-10T16:25,0.71
via_verde,2026-10-10T16:26,0.72
via_verde,2026-10-10T16:27,0.71
via_verde,2026-10-10T16:28,0.72
via_verde,2026-10-10T16:29,0.71
via_verde,2026-10-10T16:30,0.71
via_verde,2026-10-10T16:31,0.71
via_verde,2026-10-10T16:32,0.71
via_verde,2026-10-10T16:33,0.72
via_verde,2026-10-10T16:34,0.71
via_verde,2026-10-10T16:35,0.71
via_verde,2026-10-10T16:36,0.72
via_verde,2026-10-10T16:37,0.72
via_verde,2026-10-10T16:38,0.71
via_verde,2026-10-10T16:39,0.71
via_verde,2026-10-10T16:40,0.72
via_verde,2026-10-10T16:41,0.71
via_verde,2026-10-10T16:42,0.72
via_verde,2026-10-10T16:43,0.71
via_verde,2026-10-10T16:44,0.71
via_verde,2026-10-10T16:45,0.71
via_verde,2026-10-10T16:46,0.71
via_verde,2026-10-10T16:47,0.72
via_verde,2026-10-10T16:48,0.71
via_verde,2026-10-10T16:49,0.71
via_verde,2026-10-10T16:50,0.71
via_verde,2026-10-10T16:51,0.71
via_verde,2026-10-10T16:52,0.72
via_verde,2026-10-10T16:53,0.71
via_verde,2026-10-10T16:54,0.71
via_verde,2026-10-10T16:55,0.71
via_verde,2026-10-10T16:56,0.71
via_verde,2026-10-10T16:57,0.72
via_verde,2026-10-10T16:58,0.71
via_verde,2026-10-10T16:59,0.71
via_verde,2026-10-10T17:00,0.71
via_verde,2026-10-10T17:01,0.71
via_verde,2026-10-10T17:02,0.72
via_verde,2026-10-10T17:03,0.71
via_verde,2026-10-10T17:04,0.71
via_verde,2026-10-10T17:05,0.71
via_verde,2026-10-10T17:06,0.71
via_verde,2026-10-10T17:07,0.72
via_verde,2026-10-10T17:08,0.71
via_verde,2026-10-10T17:09,0.72
via_verde,2026-10-10T17:10,0.72
via_verde,2026-10-10T17:11,0.71
via_verde,2026-10-10T17:12,0.71
via_verde,2026-10-10T17:13,0.71
via_verde,2026-10-10T17:14,0.71
via_verde,2026-10-10T17:15,0.71
via_verde,2026-10-10T17:16,0.72
via_verde,2026-10-10T17:17,0.72
via_verde,2026-10-10T17:18,0.72
via_verde,2026-10-10T17:19,0.71
via_verde,2026-10-10T17:20,0.71
via_verde,2026-10-10T17:21,0.72
via_verde,2026-10-10T17:22,0.71
via_verde,2026-10-10T17:23,0.71
via_verde,2026-10-10T17:24,0.71
via_verde,2026-10-10T17:25,0.71
via_verde,2026-10-10T17:26,0.71
via_verde,2026-10-10T17:27,0.71
via_verde,2026-10-10T17:28,0.71
via_verde,2026-10-10T17:29,0.71
via_verde,2026-10-10T17:30,0.71
via_verde,2026-10-10T17:31,0.71
via_verde,2026-10-10T17:32,0.71
via_verde,2026-10-10T17:33,0.71
via_verde,2026-10-10T17:34,0.71
via_verde,2026-10-10T17:35,0.71
via_verde,2026-10-10T17:36,0.71
via_verde,2026-10-10T17:37,0.67
via_verde,2026-10-10T17:38,0.69
via_verde,2026-10-10T17:39,0.7
via_verde,2026-10-10T17:40,0.7
via_verde,2026-10-10T17:41,0.72
via_verde,2026-10-10T17:42,0.71
via_verde,2026-10-10T17:43,0.71
via_verde,2026-10-10T17:44,0.71
via_verde,2026-10-10T17:45,0.72
via_verde,2026-10-10T17:46,0.71
via_verde,2026-10-10T17:47,0.7
via_verde,2026-10-10T17:48,0.7
via_verde,2026-10-10T17:49,0.71
via_verde,2026-10-10T17:50,0.71
via_verde,2026-10-10T17:51,0.71
via_verde,2026-10-10T17:52,0.71
via_verde,2026-10-10T17:53,0.71
via_verde,2026-10-10T17:54,0.72
via_verde,2026-10-10T17:55,0.71
via_verde,2026-10-10T17:56,0.71
via_verde,2026-10-10T17:57,0.7
via_verde,2026-10-10T17:58,0.71
via_verde,2026-10-10T17:59,0.71
via_verde,2026-10-10T18:00,0.71
via_verde,2026-10-10T18:01,0.71
via_verde,2026-10-10T18:02,0.71
via_verde,2026-10-10T18:03,0.71
via_verde,2026-10-10T18:04,0.71
via_verde,2026-10-10T18:05,0.71
via_verde,2026-10-10T18:06,0.71
via_verde,2026-10-10T18:07,0.71
via_verde,2026-10-10T18:08,0.71
via_verde,2026-10-10T18:09,0.71
via_verde,2026-10-10T18:10,0.71
via_verde,2026-10-10T18:11,0.71
via_verde,2026-10-10T18:12,0.71
via_verde,2026-10-10T18:13,0.72
via_verde,2026-10-10T18:14,0.71
via_verde,2026-10-10T18:15,0.71
via_verde,2026-10-10T18:16,0.71
via_verde,2026-10-10T18:17,0.7
via_verde,2026-10-10T18:18,0.71
via_verde,2026-10-10T18:19,0.71
via_verde,2026-10-10T18:20,0.71
via_verde,2026-10-10T18:21,0.71
via_verde,2026-10-10T18:22,0.71
via_verde,2026-10-10T18:23,0.71
via_verde,2026-10-10T18:24,0.71
via_verde,2026-10-10T18:25,0.71
via_verde,2026-10-10T18:26,0.71
via_verde,2026-10-10T18:27,0.71
via_verde,2026-10-10T18:28,0.71
via_verde,2026-10-10T18:29,0.71
corupa,2026-10-10T18:30,0.48
corupa,2026-10-10T18:31,0.45
corupa,2026-10-10T18:32,0.45
corupa,2026-10-10T18:33,0.48
corupa,2026-10-10T18:34,0.48
corupa,2026-10-10T18:35,0.48
corupa,2026-10-10T18:36,0.49
corupa,2026-10-10T18:37,0.49
corupa,2026-10-10T18:38,0.49
corupa,2026-10-10T18:39,0.49
corupa,2026-10-10T18:40,0.47
corupa,2026-10-10T18:41,0.49
corupa,2026-10-10T18:42,0.49
corupa,2026-10-10T18:43,0.48
corupa,2026-10-10T18:44,0.48
corupa,2026-10-10T18:45,0.5
corupa,2026-10-10T18:46,0.5
corupa,2026-10-10T18:47,0.48
corupa,2026-10-10T18:48,0.48
corupa,2026-10-10T18:49,0.49
corupa,2026-10-10T18:50,0.49
corupa,2026-10-10T18:51,0.49
corupa,2026-10-10T18:52,0.49
corupa,2026-10-10T18:53,0.47
corupa,2026-10-10T18:54,0.47
corupa,2026-10-10T18:55,0.49
corupa,2026-10-10T18:56,0.49
corupa,2026-10-10T18:57,0.5
corupa,2026-10-10T18:58,0.5
corupa,2026-10-10T18:59,0.49
corupa,2026-10-10T19:00,0.49
corupa,2026-10-10T19:01,0.49
corupa,2026-10-10T19:02,0.49
corupa,2026-10-10T19:03,0.48
nereu,2026-10-10T18:30,0.64
nereu,2026-10-10T18:31,0.64
nereu,2026-10-10T18:32,0.64
nereu,2026-10-10T18:33,0.64
nereu,2026-10-10T18:34,0.63
nereu,2026-10-10T18:35,0.63
nereu,2026-10-10T18:36,0.64
nereu,2026-10-10T18:37,0.63
nereu,2026-10-10T18:38,0.64
nereu,2026-10-10T18:39,0.63
nereu,2026-10-10T18:40,0.63
nereu,2026-10-10T18:41,0.64
nereu,2026-10-10T18:42,0.64
nereu,2026-10-10T18:43,0.64
nereu,2026-10-10T18:44,0.64
nereu,2026-10-10T18:45,0.64
nereu,2026-10-10T18:46,0.63
nereu,2026-10-10T18:47,0.63
nereu,2026-10-10T18:48,0.64
nereu,2026-10-10T18:49,0.63
nereu,2026-10-10T18:50,0.63
nereu,2026-10-10T18:51,0.64
nereu,2026-10-10T18:52,0.63
nereu,2026-10-10T18:53,0.63
nereu,2026-10-10T18:54,0.63
nereu,2026-10-10T18:55,0.63
nereu,2026-10-10T18:56,0.63
nereu,2026-10-10T18:57,0.63
nereu,2026-10-10T18:58,0.63
nereu,2026-10-10T18:59,0.63
nereu,2026-10-10T19:00,0.63
nereu,2026-10-10T19:01,0.63
nereu,2026-10-10T19:02,0.63
nereu,2026-10-10T19:03,0.63
eta,2026-10-10T18:30,0.81
eta,2026-10-10T18:31,0.81
eta,2026-10-10T18:32,0.81
eta,2026-10-10T18:33,0.81
eta,2026-10-10T18:34,0.82
eta,2026-10-10T18:35,0.79
eta,2026-10-10T18:36,0.81
eta,2026-10-10T18:37,0.81
eta,2026-10-10T18:38,0.81
eta,2026-10-10T18:39,0.81
eta,2026-10-10T18:40,0.81
eta,2026-10-10T18:41,0.81
eta,2026-10-10T18:42,0.81
eta,2026-10-10T18:43,0.81
eta,2026-10-10T18:44,0.82
eta,2026-10-10T18:45,0.81
eta,2026-10-10T18:46,0.81
eta,2026-10-10T18:47,0.81
eta,2026-10-10T18:48,0.86
eta,2026-10-10T18:49,0.81
eta,2026-10-10T18:50,0.81
eta,2026-10-10T18:51,0.81
eta,2026-10-10T18:52,0.81
eta,2026-10-10T18:53,0.81
eta,2026-10-10T18:54,0.81
eta,2026-10-10T18:55,0.81
eta,2026-10-10T18:56,0.81
eta,2026-10-10T18:57,0.81
eta,2026-10-10T18:58,0.81
eta,2026-10-10T18:59,0.81
eta,2026-10-10T19:00,0.81
eta,2026-10-10T19:01,0.81
eta,2026-10-10T19:02,0.81
eta,2026-10-10T19:03,0.81
via_verde,2026-10-10T18:30,0.71
via_verde,2026-10-10T18:31,0.71
via_verde,2026-10-10T18:32,0.71
via_verde,2026-10-10T18:33,0.71
via_verde,2026-10-10T18:34,0.71
via_verde,2026-10-10T18:35,0.71
via_verde,2026-10-10T18:36,0.71
via_verde,2026-10-10T18:37,0.71
via_verde,2026-10-10T18:38,0.71
via_verde,2026-10-10T18:39,0.71
via_verde,2026-10-10T18:40,0.71
via_verde,2026-10-10T18:41,0.71
via_verde,2026-10-10T18:42,0.71
via_verde,2026-10-10T18:43,0.7
via_verde,2026-10-10T18:44,0.71
via_verde,2026-10-10T18:45,0.71
via_verde,2026-10-10T18:46,0.7
via_verde,2026-10-10T18:47,0.7
via_verde,2026-10-10T18:48,0.71
via_verde,2026-10-10T18:49,0.71
via_verde,2026-10-10T18:50,0.7
via_verde,2026-10-10T18:51,0.71
via_verde,2026-10-10T18:52,0.71
via_verde,2026-10-10T18:53,0.71
via_verde,2026-10-10T18:54,0.7
via_verde,2026-10-10T18:55,0.71
via_verde,2026-10-10T18:56,0.7
via_verde,2026-10-10T18:57,0.71
via_verde,2026-10-10T18:58,0.7
via_verde,2026-10-10T18:59,0.7
via_verde,2026-10-10T19:00,0.7
via_verde,2026-10-10T19:01,0.69
via_verde,2026-10-10T19:02,0.7
via_verde,2026-10-10T19:03,0.7
